MonthId,NumTweets_Month1_all,NumDistinctTweets_Month1_all,NumDistinctUsers_Month1_all,NumPopularTweets_Month1_all,NumVerifiedTweets_Month1_all,NumTweets_Month2_all,NumDistinctTweets_Month2_all,NumDistinctUsers_Month2_all,NumPopularTweets_Month2_all,NumVerifiedTweets_Month2_all,NumTweets_Week1_all,NumDistinctTweets_Week1_all,NumDistinctUsers_Week1_all,NumPopularTweets_Week1_all,NumVerifiedTweets_Week1_all,NumTweets_Week2_all,NumDistinctTweets_Week2_all,NumDistinctUsers_Week2_all,NumPopularTweets_Week2_all,NumVerifiedTweets_Week2_all,NumTweets_Month1_allold,NumDistinctTweets_Month1_allold,NumDistinctUsers_Month1_allold,NumPopularTweets_Month1_allold,NumVerifiedTweets_Month1_allold,NumTweets_Month2_allold,NumDistinctTweets_Month2_allold,NumDistinctUsers_Month2_allold,NumPopularTweets_Month2_allold,NumVerifiedTweets_Month2_allold,NumTweets_Week1_allold,NumDistinctTweets_Week1_allold,NumDistinctUsers_Week1_allold,NumPopularTweets_Week1_allold,NumVerifiedTweets_Week1_allold,NumTweets_Week2_allold,NumDistinctTweets_Week2_allold,NumDistinctUsers_Week2_allold,NumPopularTweets_Week2_allold,NumVerifiedTweets_Week2_allold,NumTweets_Month1_opening,NumDistinctTweets_Month1_opening,NumDistinctUsers_Month1_opening,NumPopularTweets_Month1_opening,NumVerifiedTweets_Month1_opening,NumTweets_Month2_opening,NumDistinctTweets_Month2_opening,NumDistinctUsers_Month2_opening,NumPopularTweets_Month2_opening,NumVerifiedTweets_Month2_opening,NumTweets_Week1_opening,NumDistinctTweets_Week1_opening,NumDistinctUsers_Week1_opening,NumPopularTweets_Week1_opening,NumVerifiedTweets_Week1_opening,NumTweets_Week2_opening,NumDistinctTweets_Week2_opening,NumDistinctUsers_Week2_opening,NumPopularTweets_Week2_opening,NumVerifiedTweets_Week2_opening,NumTweets_Month1_posting,NumDistinctTweets_Month1_posting,NumDistinctUsers_Month1_posting,NumPopularTweets_Month1_posting,NumVerifiedTweets_Month1_posting,NumTweets_Month2_posting,NumDistinctTweets_Month2_posting,NumDistinctUsers_Month2_posting,NumPopularTweets_Month2_posting,NumVerifiedTweets_Month2_posting,NumTweets_Week1_posting,NumDistinctTweets_Week1_posting,NumDistinctUsers_Week1_posting,NumPopularTweets_Week1_posting,NumVerifiedTweets_Week1_posting,NumTweets_Week2_posting,NumDistinctTweets_Week2_posting,NumDistinctUsers_Week2_posting,NumPopularTweets_Week2_posting,NumVerifiedTweets_Week2_posting,NumTweets_Month1_opportunity,NumDistinctTweets_Month1_opportunity,NumDistinctUsers_Month1_opportunity,NumPopularTweets_Month1_opportunity,NumVerifiedTweets_Month1_opportunity,NumTweets_Month2_opportunity,NumDistinctTweets_Month2_opportunity,NumDistinctUsers_Month2_opportunity,NumPopularTweets_Month2_opportunity,NumVerifiedTweets_Month2_opportunity,NumTweets_Week1_opportunity,NumDistinctTweets_Week1_opportunity,NumDistinctUsers_Week1_opportunity,NumPopularTweets_Week1_opportunity,NumVerifiedTweets_Week1_opportunity,NumTweets_Week2_opportunity,NumDistinctTweets_Week2_opportunity,NumDistinctUsers_Week2_opportunity,NumPopularTweets_Week2_opportunity,NumVerifiedTweets_Week2_opportunity,NumTweets_Month1_hiring,NumDistinctTweets_Month1_hiring,NumDistinctUsers_Month1_hiring,NumPopularTweets_Month1_hiring,NumVerifiedTweets_Month1_hiring,NumTweets_Month2_hiring,NumDistinctTweets_Month2_hiring,NumDistinctUsers_Month2_hiring,NumPopularTweets_Month2_hiring,NumVerifiedTweets_Month2_hiring,NumTweets_Week1_hiring,NumDistinctTweets_Week1_hiring,NumDistinctUsers_Week1_hiring,NumPopularTweets_Week1_hiring,NumVerifiedTweets_Week1_hiring,NumTweets_Week2_hiring,NumDistinctTweets_Week2_hiring,NumDistinctUsers_Week2_hiring,NumPopularTweets_Week2_hiring,NumVerifiedTweets_Week2_hiring,NumTweets_Month1_hashtags,NumDistinctTweets_Month1_hashtags,NumDistinctUsers_Month1_hashtags,NumPopularTweets_Month1_hashtags,NumVerifiedTweets_Month1_hashtags,NumTweets_Month2_hashtags,NumDistinctTweets_Month2_hashtags,NumDistinctUsers_Month2_hashtags,NumPopularTweets_Month2_hashtags,NumVerifiedTweets_Month2_hashtags,NumTweets_Week1_hashtags,NumDistinctTweets_Week1_hashtags,NumDistinctUsers_Week1_hashtags,NumPopularTweets_Week1_hashtags,NumVerifiedTweets_Week1_hashtags,NumTweets_Week2_hashtags,NumDistinctTweets_Week2_hashtags,NumDistinctUsers_Week2_hashtags,NumPopularTweets_Week2_hashtags,NumVerifiedTweets_Week2_hashtags
201104,0.344224257,0.34188084,0.387366256,0.395719227,0.703409344,0.128647586,0.126940626,0.153186743,0.157162312,0.411922997,0.362455522,0.364747855,0.432439093,0.250423012,0.238480478,0.35298801,0.349526045,0.401122217,0.412593627,0.834601725,0.152113098,0.144661567,0.328103623,0.326227989,0.831530139,0.061223211,0.058232288,0.123851968,0.131850244,0.122663551,0.117455806,0.116826848,0.338556447,0.185867896,0.262996942,0.207505183,0.192964575,0.341116751,0.381136238,1.089456869,0.406669497,0.402427328,0.355327888,0.35816777,1.342541436,0.133353498,0.133439735,0.137272323,0.145233525,0.158940397,0.428588654,0.450888802,0.392273009,0.263392857,0.355555556,0.429612454,0.40702357,0.373825018,0.397111913,3.012820513,0.440910361,0.444657893,0.373595431,0.290201005,0.558704453,0.15826087,0.15935389,0.141217099,0.103786816,0.327868852,0.474410936,0.485815352,0.408328089,0.124423963,0.042253521,0.466842647,0.473481324,0.40871489,0.298387097,0.384615385,0.369644369,0.369193208,0.393373134,0.375231054,0.724770642,0.13919504,0.133266559,0.138553799,0.157608696,0.181184669,0.400695134,0.415071247,0.433082707,0.228840125,0.882352941,0.317956927,0.315591974,0.353606642,0.460714286,0.233606557,0.036024308,0.028755932,0.200542888,0.297690941,0.621980676,0.013903945,0.011062672,0.077841019,0.121186441,0.032786885,0.019745738,0.017859957,0.170863613,0.15,0.414634146,0.062284387,0.045874466,0.224439416,0.367208672,0.844594595,0.378850885,0.376874373,0.396031341,0.415970657,0.680656625,0.139480116,0.13778656,0.157233214,0.163932713,0.465269315,0.421788603,0.424334949,0.44747679,0.274516235,0.235478807,0.373825455,0.37112942,0.409819187,0.425178516,0.803084223
201105,0.253028702,0.255296978,0.290303708,0.163469558,0.111384383,0.366260235,0.364051393,0.402578584,0.407634879,0.6956458,0.160310256,0.159106517,0.211968139,0.221467391,0.199466056,0.246286637,0.24891539,0.288644415,0.163976759,0.094522968,0.16148943,0.162460409,0.256676001,0.150171205,0.138033764,0.187843224,0.1798691,0.347939589,0.33908597,0.83975026,0.152550054,0.145800109,0.165062692,0.193853428,0.316,0.212397052,0.221634599,0.25527852,0.151108518,0.062176166,0.307688712,0.320296888,0.295924211,0.136142626,0.079927339,0.42319561,0.419424986,0.370117188,0.366480447,1.388571429,0.133436958,0.123661026,0.148000724,0.138964578,0.084507042,0.254966887,0.272265832,0.271838984,0.113989637,0.057391304,0.280386938,0.284647561,0.269127693,0.144414169,0.082191781,0.459834835,0.464093374,0.390202012,0.293519695,0.567901235,0.130096832,0.128649879,0.169838145,0.265151515,0.090909091,0.266617017,0.269864589,0.272772623,0.164383562,0,0.249785012,0.25732079,0.253654045,0.144784173,0.129844961,0.382866151,0.383424738,0.408463998,0.382159624,0.699115044,0.178376031,0.17998547,0.173969224,0.182186235,0.5625,0.241395909,0.251596424,0.237959094,0.119863014,0.010948905,0.044054725,0.038505696,0.19554849,0.164572355,0.212310437,0.048842917,0.039305119,0.225209277,0.317460317,0.628815629,0.183010345,0.151367358,0.165471924,0.218867925,0.569767442,0.104997597,0.104444294,0.225124378,0.192733017,0.176470588,0.264045704,0.26624124,0.29458743,0.1658231,0.107454017,0.393782875,0.391876492,0.410479771,0.426974865,0.670658683,0.160553279,0.159735293,0.216108526,0.221299858,0.186046512,0.249746742,0.25187763,0.292594626,0.163523957,0.102590674
201106,0.228930689,0.226442539,0.273961993,0.357964807,0.265359064,0.25129606,0.253603011,0.285752238,0.161128999,0.108360558,0.347687114,0.343124403,0.386389816,0.62300885,0.711024136,0.269633942,0.267490548,0.312511147,0.374639175,0.264051135,0.230347932,0.217205964,0.247515181,0.326687932,0.420348059,0.171975175,0.173647403,0.254928103,0.149512987,0.137487636,0.448523859,0.431638847,0.459623149,0.626749611,1.236363636,0.230824751,0.217773734,0.245589332,0.315634218,0.468933177,0.244579409,0.234202268,0.273957299,0.228723404,0.293588301,0.302995427,0.315554379,0.29178137,0.134256793,0.079927339,0.585997442,0.58587893,0.623219257,0.459302326,1.578947368,0.199452911,0.199623835,0.229621408,0.213114754,0.03125,0.171113884,0.16882777,0.233169244,0.309002433,0.135135135,0.276587383,0.280721261,0.265920714,0.143049933,0.082191781,0.335235538,0.327752008,0.407751092,0.769230769,0.75,0.172306135,0.170234807,0.229635808,0.260504202,0.103448276,0.217077279,0.211142644,0.217113616,0.346910112,0.264044944,0.246074056,0.253409017,0.249434133,0.142351901,0.126893939,0.315392283,0.302212389,0.329668246,0.635658915,0.727272727,0.259908437,0.253992291,0.255830143,0.375,0.655913978,0.274990945,0.226190476,0.245624503,0.394117647,0.715019255,0.051443454,0.045310289,0.200363678,0.166257166,0.212310437,0.469303879,0.396274076,0.416435506,0.693950178,1.337349398,0.325143472,0.255219329,0.273213808,0.385714286,1.950310559,0.228287771,0.226482183,0.276762549,0.358774474,0.240692641,0.260312953,0.262506479,0.289634638,0.162996493,0.104149291,0.34506173,0.341506888,0.385891071,0.615517241,0.668115942,0.2699311,0.26834875,0.317537779,0.381992149,0.216911765
201107,0.397879039,0.39199104,0.435973521,0.689607921,0.308383794,0.230296042,0.227704382,0.273944034,0.363585032,0.277535545,0.585710547,0.5761156,0.57378266,1.014794007,0.583151462,0.407928048,0.402105966,0.429932513,0.713744674,0.246978558,0.503091739,0.504456875,0.509114235,0.509619897,0.402287252,0.234677345,0.221543114,0.251879737,0.32873807,0.44087461,0.740072563,0.744530793,0.693287202,0.719367589,0.764227642,0.536930704,0.541158266,0.511530612,0.46184107,0.349220104,0.622617468,0.645181161,0.658441343,0.449525453,0.106679035,0.255491662,0.245722414,0.285986771,0.231718062,0.293588301,0.874326146,0.895451652,0.83095455,0.741935484,0.367346939,0.637807784,0.674408509,0.632958035,0.393162393,0.038535645,0.371209325,0.366559231,0.42770599,0.545258621,0.65625,0.172772404,0.170395629,0.23512631,0.318734793,0.135135135,0.646964722,0.63902439,0.63379732,0.839285714,2.142857143,0.380086835,0.37219428,0.430920672,0.531914894,1.615384615,0.445300879,0.43556599,0.420233745,0.624078624,0.713567839,0.215775159,0.209804502,0.21704983,0.347826087,0.266853933,0.612556251,0.596537191,0.581418725,0.835,1.210526316,0.566944266,0.5646228,0.462576339,0.643478261,0.421487603,0.426743623,0.396030743,0.428335979,0.487276665,0.515267176,0.276270195,0.225850034,0.245033548,0.394255875,0.772785623,0.612908962,0.618765657,0.616181549,0.624454148,0.680412371,0.456992231,0.407520519,0.431305096,0.412612613,0.566315789,0.396235833,0.390465099,0.435992266,0.718250892,0.291822395,0.229652742,0.227753365,0.276673237,0.364908698,0.251585014,0.583911033,0.574184638,0.570487056,1.064367311,0.547208122,0.405673717,0.400185995,0.429614624,0.759992529,0.213178295
201108,0.553253982,0.552054576,0.529308346,0.616694809,0.71477065,0.403211886,0.397327191,0.441259214,0.700581522,0.299131613,0.542998584,0.545312041,0.513006455,0.469496321,0.828077314,0.685698316,0.689169353,0.592801365,0.596057819,0.876729965,0.633574941,0.637096981,0.59658815,0.648773716,0.824657534,0.512590082,0.514339451,0.516838588,0.522997899,0.38787678,0.567676318,0.574488887,0.511747104,0.554103123,0.534513274,0.74005666,0.748769786,0.706598081,0.71722365,1.163428571,0.733430305,0.736365593,0.66094125,0.636275461,2.3125,0.629908461,0.652412381,0.662153729,0.461144321,0.112244898,0.667922341,0.678171924,0.536151198,0.531847134,1.284313725,0.903902842,0.881553875,0.810282276,0.762081784,10.69565217,0.495875607,0.49323471,0.519939157,0.604938272,0.988888889,0.378098381,0.373386703,0.433608307,0.551282051,0.671875,0.423627025,0.427024827,0.462843296,0.43575419,0.25,0.628705555,0.63343792,0.605526089,0.633802817,0.652777778,0.60286842,0.601776136,0.578376098,0.695414847,0.37752809,0.458796371,0.448589219,0.430116383,0.644607843,0.694235589,0.592791878,0.596245145,0.529096162,0.605442177,0.567567568,0.683970503,0.687709668,0.707879843,0.799196787,0.486956522,0.564042353,0.57173622,0.572981076,0.65060241,0.521088435,0.435492913,0.408003343,0.440617433,0.500540541,0.478228782,0.494946401,0.490394547,0.499558499,0.579564489,0.332191781,0.543982495,0.600797147,0.601340782,0.682261209,0.311793215,0.553265728,0.552181919,0.528737467,0.611833823,0.677419355,0.401420883,0.395647205,0.441069307,0.728057187,0.283458758,0.546872269,0.548920142,0.516206204,0.4607018,0.895424837,0.686689687,0.689992127,0.5903527,0.578246559,0.773043478
201109,0.471361971,0.470483165,0.450198468,0.424322538,1.062838695,0.545928356,0.544799819,0.523258011,0.604099245,0.707687004,0.385145721,0.385523244,0.384189823,0.353198048,0.638044371,0.407100013,0.40628487,0.413484808,0.391688121,0.82597803,0.46392359,0.460218659,0.435127147,0.44560838,0.712838634,0.620419808,0.623434554,0.585154436,0.637127925,0.817934783,0.355593583,0.334964663,0.343460045,0.387011616,1.456852792,0.40055577,0.397208848,0.39935846,0.389111748,0.604063701,0.47421463,0.471162142,0.424825175,0.466202091,0.899240856,0.714246877,0.716593619,0.645199774,0.621800948,2.282978723,0.340607974,0.321521975,0.325747388,0.420930233,2.881057269,0.389934593,0.396953612,0.398011975,0.330882353,0.257105943,0.427103864,0.425187007,0.430115052,0.452522255,1.101796407,0.487626608,0.485085054,0.51221578,0.593939394,0.972677596,0.336575026,0.326521461,0.34600863,0.418918919,3.188405797,0.410000693,0.401471849,0.403326201,0.474489796,1.588235294,0.488253677,0.491732366,0.471410459,0.423850575,0.547619048,0.592347817,0.591206197,0.568627451,0.681283422,0.382687927,0.347121379,0.345925695,0.355823126,0.31147541,0.570512821,0.394465356,0.388363743,0.411035919,0.392251816,0.791666667,0.456159153,0.432508436,0.412494974,0.444080146,0.530530531,0.55531736,0.56163522,0.563063892,0.641528926,0.514784946,0.470961674,0.411913016,0.380073801,0.402660218,0.555882353,0.425984608,0.406932808,0.376180483,0.394062078,0.746134021,0.473071148,0.472365383,0.452250244,0.423764275,1.163283449,0.546012807,0.545004874,0.522840096,0.599235543,0.670595799,0.384853068,0.386712668,0.386730704,0.3472713,0.488072519,0.408626991,0.407841435,0.416260919,0.39658624,0.951205511
201110,0.281263132,0.279586979,0.298913699,0.268795959,0.578669115,0.463994169,0.463451997,0.442010926,0.408234351,1.036538572,0.25008444,0.246515411,0.271256821,0.259275489,0.828442766,0.260267706,0.257900396,0.281814922,0.273594114,0.570859007,0.251914634,0.242680351,0.259318376,0.295439866,0.569600253,0.447569168,0.443923469,0.418955844,0.424252069,0.701125176,0.250702281,0.230393952,0.248567828,0.302158273,1.04330254,0.232361721,0.226374032,0.245187266,0.319067998,0.271717572,0.247236576,0.248287347,0.259677278,0.2843987,0.161380971,0.453298955,0.450335486,0.40410743,0.430431803,0.885910653,0.241377486,0.243211138,0.250985064,0.276315789,0.102314251,0.241463346,0.24270959,0.265008112,0.391213389,0.158829676,0.242037307,0.238321043,0.257495154,0.284037559,0.425595238,0.416307161,0.414412596,0.41958042,0.440702782,1.091988131,0.234873129,0.222346996,0.252120641,0.283018868,0.860714286,0.21007807,0.212265488,0.225405025,0.240310078,0.063545151,0.23035853,0.22586071,0.256926892,0.294524496,0.315579228,0.473425579,0.477080419,0.456533675,0.403260099,0.542592593,0.221692565,0.213228036,0.249315552,0.343096234,0.42081448,0.205905206,0.200444392,0.231068443,0.280943026,0.2125,0.323254197,0.268307368,0.265185671,0.303778637,1.074770092,0.442996096,0.42023562,0.398949351,0.427128427,0.518353175,0.356106692,0.226086957,0.23367013,0.300518135,3.332535885,0.291091128,0.254815409,0.247809579,0.321469575,0.452449568,0.281950524,0.280731122,0.301737782,0.264962029,0.578487473,0.465973176,0.465577852,0.444437191,0.408260297,1.133313714,0.248902303,0.246649747,0.272576093,0.254333808,0.753197893,0.261180302,0.258925853,0.284378141,0.267738075,0.695914267
201111,0.250401,0.251019047,0.267186454,0.231065798,0.226433993,0.279893565,0.278148849,0.297972415,0.268681028,0.586466889,0.315989963,0.318625581,0.317475615,0.278947814,0.066394098,0.224743366,0.226661245,0.248294211,0.182073955,0.07354069,0.228626806,0.224905861,0.23611233,0.272021385,0.206797894,0.251408897,0.242040923,0.259113645,0.296627756,0.575051842,0.294183081,0.297824377,0.297357883,0.319188192,0.123119435,0.200025553,0.200859771,0.210848525,0.218564243,0.041027471,0.239185632,0.2372411,0.247026283,0.268648649,0.23650108,0.247390057,0.248336346,0.26038677,0.287828947,0.161900926,0.30642834,0.313133812,0.311914114,0.288888889,0.04027618,0.210621919,0.213096323,0.220023762,0.222011385,0.05785124,0.220238196,0.215756898,0.222454836,0.246135553,0.508413462,0.24059854,0.236895571,0.256592839,0.283704572,0.423703704,0.274715081,0.283087464,0.269647696,0.223577236,0.037815126,0.196117647,0.197261108,0.201407507,0.151020408,0.047058824,0.217654568,0.208129456,0.233630989,0.288262371,0.542613636,0.229406729,0.224852174,0.256193828,0.295034642,0.321138211,0.305235639,0.279057433,0.305140141,0.355789474,1.248979592,0.194542575,0.191505841,0.213806163,0.200396825,0.05,0.228713838,0.23169474,0.231604545,0.271108558,0.076428888,0.322624543,0.266751468,0.2640493,0.304594272,1.093127288,0.276555284,0.306240713,0.300599579,0.338493292,0.02501489,0.193736481,0.193900083,0.198195443,0.242950108,0.022526146,0.250813642,0.251543038,0.268906569,0.224514443,0.232219273,0.280550113,0.279271209,0.300765671,0.264752976,0.586653074,0.316329987,0.318596406,0.31818415,0.270601007,0.047318612,0.225476296,0.227295584,0.250262035,0.173682743,0.083910035
201112,0.533682655,0.541707594,0.491434825,0.45992723,0.05551527,0.240398269,0.240981755,0.259318063,0.219586493,0.213949316,0.508594155,0.515592118,0.47856435,0.433883168,0.044265383,0.690783607,0.700100197,0.616602516,0.580784738,0.076260887,0.495057091,0.509786253,0.488226391,0.514536097,0.076202892,0.215077203,0.210676728,0.22491734,0.26234369,0.202688728,0.427896683,0.454018436,0.426850583,0.431092036,0.042014303,0.651720165,0.675424758,0.611488966,0.626367615,0.124736842,0.479021423,0.484669295,0.476028121,0.506209344,0.100338696,0.222009472,0.219439295,0.235320378,0.262576009,0.237698987,0.387588014,0.391135008,0.399503722,0.399150743,0.069857697,0.664165666,0.669246707,0.575361988,0.703872437,0.258454106,0.510985145,0.520729302,0.474382673,0.49602122,0.062209842,0.209590992,0.205012549,0.212819241,0.242532855,0.475961538,0.459825611,0.476423012,0.427917164,0.35426009,0.03131524,0.667379026,0.681554939,0.635563567,0.572916667,0.054545455,0.513651703,0.510882975,0.513994554,0.609238452,0.258169935,0.208379636,0.198458361,0.223041497,0.277227723,0.548710602,0.474196612,0.493350947,0.481997428,0.47639485,0.098360656,0.653745125,0.654125695,0.656006071,0.75862069,0.413265306,0.488313639,0.588119872,0.502747389,0.474246231,0.025409235,0.216633929,0.21743637,0.217987676,0.259065854,0.07290509,0.437459733,0.606825619,0.413499913,0.439537329,0.014778325,0.57340473,0.707102125,0.604782271,0.528894472,0.036178108,0.533467056,0.540624311,0.4897353,0.44816387,0.055507416,0.240828269,0.241551065,0.261195375,0.212558706,0.217889908,0.510691758,0.515591456,0.480285835,0.431684018,0.051242236,0.691516271,0.699577117,0.61423575,0.570450656,0.07252001
201201,0.817959054,0.826633574,0.604893832,0.618312564,0.286073096,0.543018452,0.551113824,0.499371939,0.469925096,0.056644453,0.957676933,0.962934775,0.668172277,0.744422431,0.974538047,0.64477919,0.647786037,0.582379251,0.644858231,0.187036745,2.56750065,2.751262954,0.867093043,0.782838853,0.587613543,0.507929555,0.523631098,0.500497538,0.525329136,0.07715311,4.22630618,4.591320185,1.070924205,0.938271605,1.152830992,0.919229528,0.945598302,0.751307831,0.682650392,0.445515911,1.527843913,1.570285008,0.705772708,0.667199148,0.413580247,0.493719643,0.499728848,0.490386558,0.525184275,0.101362862,4.056046163,4.167206077,1.046981315,1.184100418,1.884393064,0.645246662,0.651801983,0.641091014,0.513866232,0.301242236,0.686486587,0.69430162,0.617061512,0.603888214,0.167525773,0.524084423,0.534176891,0.484962512,0.501340483,0.063809524,0.764923615,0.774222971,0.673591918,0.827751196,0.295620438,0.65948763,0.660268344,0.601968434,0.66507177,0.488372093,0.758225594,0.767001138,0.729178514,0.645875252,0.797897196,0.525499447,0.523190427,0.526415473,0.621465296,0.26067908,0.848329974,0.876247505,0.824649106,0.713513514,0.440715884,0.756234703,0.752865789,0.746005121,0.722826087,2.055555556,10.90481594,15.36021831,2.060767494,0.964892086,0.706726172,0.49549656,0.598172682,0.510998222,0.481601033,0.025609456,13.35678608,19.65583994,2.330442177,0.974903475,1.447566827,2.445357834,3.190759254,1.41923329,0.777297297,0.089219331,0.686474558,0.691696505,0.57779363,0.578691826,0.223146924,0.54269147,0.549890952,0.497436493,0.45810562,0.056902936,0.706797055,0.706872902,0.629536816,0.696255484,0.880186283,0.626405812,0.629023622,0.567688681,0.632536746,0.146112116
201202,0.495826928,0.494520217,0.496994384,0.532714293,0.817359187,0.806267388,0.81555181,0.59464388,0.599671374,0.221630506,0.40139985,0.400641136,0.454584467,0.434105742,0.471403152,0.451288037,0.451111746,0.421443292,0.413426219,1.032476802,0.526069147,0.523351978,0.561834062,0.539893399,0.895306258,2.58455489,2.774480122,0.854474713,0.760915801,0.531759228,0.196216364,0.187937127,0.478289251,0.471804511,0.364923077,0.778622558,0.790985433,0.507430208,0.521480088,1.431203931,0.477079381,0.473088074,0.570995482,0.535303147,0.877622378,1.538270649,1.584449418,0.691777702,0.646361186,0.249036237,0.168030401,0.160410134,0.456179845,0.454849498,0.737349398,0.50599469,0.503216251,0.495803081,0.443994602,1.08988764,0.555273847,0.557554941,0.523601555,0.594619666,0.320967742,0.674596017,0.682797377,0.607649664,0.57997558,0.157543391,0.485223587,0.485371343,0.472301582,0.537459283,0.587719298,0.46955405,0.46489126,0.446236913,0.660839161,0.911111111,0.682724814,0.693946315,0.584907341,0.599782687,0.453917051,0.733007239,0.742267602,0.709266429,0.627430911,0.751748252,0.577661115,0.58721619,0.530729715,0.578144854,0.21415608,0.527606287,0.530649804,0.475537239,0.532178218,0.411311054,0.532329481,0.528813855,0.591478329,0.512829344,1.270817704,11.05707076,15.61723578,2.069420116,0.942160893,0.679487179,0.130093428,0.120537247,0.521041191,0.427676538,0.330578512,1.59910728,1.71451142,0.662815608,0.554252199,5.852173913,0.493530805,0.492513341,0.491462975,0.533972106,0.799878714,0.673889271,0.679615115,0.56775464,0.560862001,0.156981372,0.456977391,0.457419637,0.453381783,0.43111569,0.572160722,0.423937069,0.423847059,0.413750856,0.392724517,0.920256645
201203,0.409714011,0.410160312,0.402508524,0.366092415,0.623822411,0.50410668,0.50226985,0.506174591,0.552992831,0.976857491,0.444353265,0.446734393,0.358691761,0.329879436,0.413388735,0.496969345,0.498570769,0.388367803,0.371415748,0.872309603,0.620340587,0.627507518,0.410367217,0.401874775,0.596450939,0.520762738,0.516788426,0.573497502,0.561503224,0.990725878,0.92270878,0.940894151,0.433471983,0.397995406,0.440892193,1.837297546,1.90458182,0.455721877,0.473479652,0.923283262,0.381555317,0.379990092,0.451926591,0.421232877,0.809664694,0.44606789,0.440519904,0.580505364,0.557137208,1.049261084,0.406508869,0.407804388,0.557906216,0.388984509,0.483965015,0.632850548,0.6362906,0.451081002,0.381951731,1.16969697,0.364311232,0.362484357,0.373282146,0.411375661,0.757575758,0.562907004,0.5646829,0.532661069,0.624524715,0.352839931,0.300387734,0.300604394,0.321704145,0.374100719,0.239263804,0.307872697,0.305473626,0.317586912,0.369863014,1.202702703,0.591071765,0.596591849,0.434430258,0.402451481,1.152878888,0.70757523,0.719583406,0.603390762,0.622705133,0.45971564,0.744302554,0.74411744,0.40811048,0.355079217,2.691460055,0.652847452,0.672876582,0.38466649,0.377308707,0.420856611,0.78498166,0.799243479,0.485669291,0.397270756,0.367139604,0.535186325,0.530585713,0.603745966,0.532713622,1.39184953,1.493242012,1.541636279,0.735944012,0.429095916,0.152310924,3.713154956,3.909182254,0.890345941,0.598628692,1.098684211,0.372517344,0.372435163,0.401509993,0.358409756,0.627594049,0.504365603,0.502902557,0.500764912,0.554402153,0.976038565,0.336156247,0.336700066,0.347399119,0.3125,0.391537299,0.347968387,0.347710138,0.377559882,0.343166949,0.765670767
201204,0.29731511,0.296683049,0.332897446,0.322151104,0.343073351,0.4132904,0.413609052,0.40537727,0.372130591,0.655295261,0.274175762,0.272788017,0.342726376,0.381017397,0.292999194,0.279860159,0.278056673,0.332326155,0.333271591,0.506751869,0.24277192,0.239366741,0.302238364,0.306810657,0.417104634,0.629278443,0.636502252,0.415706264,0.408502321,0.608001702,0.113797147,0.109597972,0.280028364,0.333448454,0.239555791,0.15896753,0.153541831,0.300398158,0.313207547,0.530764636,0.292082836,0.287151141,0.319850577,0.33656644,0.586076318,0.396974063,0.395398881,0.4600766,0.42622004,0.892876563,0.134530765,0.131591641,0.23864133,0.294530154,0.46473029,0.318764227,0.315182815,0.295147608,0.402777778,0.521199586,0.313566297,0.31125606,0.33497906,0.358522727,0.604133545,0.368011564,0.366204755,0.376459422,0.413014608,0.769230769,0.354331225,0.345771731,0.366864807,0.447368421,1.069518717,0.357538949,0.352581937,0.378501365,0.357142857,1.350993377,0.535014528,0.539039039,0.339078354,0.359610275,0.688992042,0.597978328,0.603116492,0.439790242,0.408819715,1.189078498,0.577601523,0.590898774,0.387048367,0.473214286,0.336687307,0.55505501,0.563196312,0.338013644,0.333863275,0.38856305,0.175706531,0.173036919,0.257949888,0.264132966,0.299441631,0.786486262,0.800590782,0.490065645,0.405546153,0.362880886,0.037948128,0.034161986,0.149273385,0.278560831,0.105601469,0.062327065,0.057485716,0.196976522,0.262452107,0.526349614,0.318292235,0.318283305,0.337847068,0.329330384,0.313700504,0.375488026,0.375278542,0.404190801,0.364341858,0.665828893,0.349538109,0.349052384,0.355249606,0.399620154,0.341361363,0.324474015,0.323461631,0.338262415,0.343387876,0.514364641
201205,0.334602996,0.331249495,0.347849837,0.439243892,0.385254373,0.300652488,0.299878737,0.339361688,0.336721451,0.347458408,0.284283501,0.278772053,0.314685635,0.46191776,0.415238702,0.310694217,0.305182955,0.311114012,0.478439522,0.4591106,0.251845038,0.243734773,0.334194532,0.422959316,0.357300628,0.230665565,0.226993297,0.307260552,0.321161483,0.378585747,0.201467846,0.192982352,0.311593901,0.412406149,0.339500463,0.146796447,0.136372409,0.300755595,0.398220245,0.249410251,0.608170941,0.613029491,0.383297608,0.44165297,0.417396618,0.283306749,0.277791971,0.318494573,0.344025465,0.616404564,0.522950374,0.526119656,0.354369875,0.4078125,0.274401473,0.422674047,0.423121691,0.361343199,0.418562329,0.256186317,0.310836249,0.303891247,0.320341894,0.470432946,0.463026166,0.321318719,0.318746325,0.342789279,0.377993158,0.614767255,0.301008145,0.29355229,0.313722525,0.44095941,0.261437908,0.284179592,0.276562658,0.287716728,0.463878327,0.275449102,0.520493423,0.510880086,0.378773438,0.492586491,0.356381773,0.544792608,0.553731853,0.355975069,0.381048387,0.418322668,0.397840902,0.389800406,0.319876229,0.471458774,0.266666667,0.478161401,0.445589584,0.367465591,0.479280688,0.503840246,0.042417917,0.032317292,0.1679527,0.366557988,0.290115533,0.158614986,0.155225422,0.244646885,0.277192605,0.32415036,0.028445375,0.017833995,0.137809393,0.376692655,0.492666667,0.021819096,0.014509988,0.144228497,0.340062112,0.187795445,0.363005888,0.360585474,0.352625817,0.445709869,0.390922281,0.32599942,0.325839011,0.344868874,0.34401674,0.337004974,0.31643657,0.311669088,0.318395256,0.477457218,0.439238816,0.368473574,0.364094368,0.316260631,0.505673674,0.56641942
201206,0.274860421,0.275000156,0.315913992,0.282701809,0.259674516,0.334421095,0.331125644,0.346265516,0.434547892,0.38188847,0.254596164,0.255303572,0.310269069,0.233626137,0.252989749,0.259178998,0.260453125,0.328939276,0.245731584,0.209022114,0.163103212,0.160100538,0.297338973,0.272901495,0.189127532,0.25758679,0.24946713,0.334083677,0.417784376,0.367072734,0.121226164,0.118119856,0.27275091,0.223470052,0.265306122,0.124256311,0.122304785,0.281097598,0.232352441,0.113065866,0.244623484,0.243922493,0.326895948,0.285563751,0.230931089,0.63829816,0.644538758,0.387099931,0.438461538,0.416548079,0.202924966,0.199843687,0.290688569,0.280487805,0.706864564,0.288915878,0.292007533,0.330756802,0.245528455,0.103832753,0.290531566,0.28999906,0.294261425,0.262126866,0.30450782,0.310151118,0.303383113,0.31905365,0.458805355,0.458333333,0.278412698,0.27634496,0.270421659,0.181818182,0.203761755,0.28797215,0.291994178,0.287967737,0.223752151,0.202597403,0.344379773,0.354854983,0.311872054,0.294885551,0.12574184,0.51772431,0.506118659,0.373700881,0.484308564,0.440830062,0.297216965,0.30766494,0.286792862,0.231475811,0.057692308,0.324103539,0.336711895,0.318929731,0.283173735,0.203907204,0.033725516,0.026515672,0.174950504,0.255651975,0.180876614,0.043318197,0.033042409,0.170716438,0.36292368,0.276757286,0.020941135,0.016507466,0.142183288,0.198156682,0.213298223,0.01879816,0.014710687,0.139080995,0.202893175,0.070779531,0.303454664,0.303898276,0.319422849,0.28485725,0.294744677,0.360822117,0.358461115,0.350732196,0.441110678,0.381338959,0.298898889,0.300483022,0.316578762,0.237345225,0.251824098,0.300558543,0.302308882,0.336268063,0.250536722,0.256167378
201207,0.301399235,0.302333954,0.333579186,0.266054125,0.282873244,0.267291809,0.267677631,0.307607303,0.265607191,0.244353957,0.336404835,0.338939164,0.361664032,0.24326576,0.256,0.313417467,0.314518569,0.345879376,0.280888319,0.345805081,0.241656239,0.240221243,0.342238718,0.274949698,0.263013349,0.160989468,0.158536144,0.288269467,0.255219207,0.17747145,0.266989913,0.262467966,0.320846738,0.268401354,0.23660163,0.306851436,0.308034901,0.354792575,0.305566293,0.443322757,0.267010528,0.268467758,0.358831978,0.257136678,0.276124954,0.241042676,0.240791344,0.32004674,0.269424612,0.220386643,0.237216725,0.239043333,0.302355228,0.216054014,0.191644562,0.36126773,0.35761568,0.380693036,0.313356164,0.83681592,0.347843496,0.347034054,0.36542314,0.332533589,0.632379249,0.281670759,0.281621996,0.284677581,0.2421875,0.298165138,0.338046968,0.337652933,0.35014471,0.414335664,0.594202899,0.367749128,0.370944091,0.382427174,0.364298725,0.163101604,0.306935216,0.306410706,0.364658142,0.258781995,0.136321627,0.335695823,0.345301634,0.299837527,0.277826777,0.133011414,0.307531437,0.287486386,0.342430465,0.244785276,0.120253165,0.282502055,0.285775067,0.341037161,0.288182446,0.301315789,0.096501135,0.082749242,0.25535821,0.28051256,0.242072431,0.032688515,0.026141698,0.1714935,0.236598055,0.14533023,0.227227165,0.228288532,0.3234093,0.277803204,0.2578125,0.185321577,0.173343341,0.298885638,0.29743833,0.303418803,0.310790508,0.311499564,0.332134777,0.264039555,0.295338541,0.293980053,0.294608869,0.311015618,0.268057657,0.275902948,0.342939693,0.344907906,0.365273937,0.236650369,0.262746293,0.313268361,0.314254985,0.34499119,0.274687855,0.318595304
201208,0.413906709,0.415070152,0.418767389,0.408802272,0.4619161,0.312171318,0.313136462,0.343637667,0.271822015,0.298589899,0.434028895,0.435629532,0.424900502,0.448651269,0.486803035,0.413311005,0.415282378,0.423125607,0.425049353,0.36867411,0.280765837,0.275197374,0.337901555,0.378460902,0.635465457,0.255210364,0.253937977,0.356785733,0.281226286,0.290728522,0.246844535,0.238529539,0.304512795,0.387774778,0.760964912,0.268189578,0.266401176,0.298928165,0.373895976,0.421444066,0.282191848,0.277876527,0.333131445,0.388926554,0.678210678,0.281726145,0.283390465,0.378468109,0.266141388,0.28668427,0.22643042,0.222639472,0.269376181,0.353039134,0.513713862,0.291769778,0.293895456,0.275985438,0.365248227,0.157973174,0.419692184,0.419600628,0.372791032,0.397483691,0.715570934,0.355874337,0.355111169,0.373237556,0.339740509,0.639461883,0.435904265,0.441540135,0.357651642,0.392857143,0.651428571,0.399323554,0.399639446,0.342196224,0.346689895,0.974025974,0.203787309,0.202453805,0.319243037,0.327038315,0.33415493,0.312514556,0.310953206,0.375791423,0.261820748,0.196491228,0.158746885,0.157318931,0.30094988,0.342323651,0.385964912,0.146437721,0.142699839,0.27300648,0.318559557,0.356353591,0.352121173,0.327701983,0.374703232,0.396946565,0.744138215,0.108375861,0.094222991,0.275193974,0.287760583,0.247533322,0.412479194,0.35894856,0.373313127,0.438510534,1.244039271,0.379220303,0.376514387,0.36677003,0.416585366,0.690405539,0.421435257,0.422564598,0.425538906,0.417318091,0.402667336,0.320518879,0.321240813,0.341563232,0.269694212,0.306116069,0.445545552,0.4472212,0.436320254,0.463770448,0.396897007,0.418321877,0.419496775,0.434117937,0.439576798,0.362348806
201209,0.378218172,0.375849647,0.366816541,0.482809286,0.46331634,0.413647746,0.414675423,0.41806118,0.413379254,0.466536145,0.415856817,0.414631971,0.415841792,0.51347486,0.486735331,0.348864016,0.345067037,0.332859084,0.479287823,0.523013274,0.37358172,0.369452044,0.33816134,0.445466847,0.447716049,0.281081883,0.275255597,0.336917107,0.382899628,0.643280486,0.465791144,0.472759888,0.398327729,0.453783231,0.363599677,0.402546951,0.397871441,0.358426575,0.450535862,0.681658879,0.371967911,0.368551268,0.335291707,0.456975381,0.300886408,0.282007554,0.277570575,0.331414122,0.392922374,0.682148041,0.502622542,0.508649372,0.432820395,0.518585675,0.119266055,0.39393685,0.389491911,0.370453286,0.475925926,0.685524126,0.465713651,0.466297665,0.351236033,0.468216319,0.448841699,0.420137164,0.419823119,0.373533643,0.401411765,0.715570934,0.540633705,0.545474525,0.401892814,0.505172414,0.530120482,0.474284741,0.468190328,0.358674867,0.514177694,0.925824176,0.341825741,0.337349182,0.317589545,0.480268511,0.690121786,0.204361899,0.202980993,0.318054593,0.330398092,0.332982456,0.423306791,0.430781322,0.358040554,0.45990566,1.127982646,0.414528064,0.408278726,0.349799571,0.516653757,0.802752294,0.36986366,0.352169446,0.357166471,0.409991964,0.531028939,0.354285219,0.327613614,0.37459119,0.402670227,0.77159309,0.397206383,0.392797681,0.379221142,0.395936571,0.334823243,0.35318426,0.342392964,0.348542999,0.380670611,0.558962264,0.37874052,0.376417208,0.370319617,0.496275104,0.468341066,0.421196145,0.422228455,0.42493702,0.421856856,0.406260556,0.41308348,0.411746676,0.417610678,0.531661914,0.549382716,0.345682739,0.342336687,0.331275818,0.490274046,0.441857875
201210,0.382681256,0.380678496,0.367293108,0.469071086,0.461272758,0.379978458,0.37739027,0.367825822,0.495922298,0.472506459,0.352130313,0.350446257,0.334223922,0.371654676,0.437483871,0.386224835,0.382588801,0.367052195,0.461823573,0.589612142,0.414160718,0.411302332,0.388514561,0.443904993,0.538346465,0.381521473,0.377129364,0.342507511,0.461015835,0.450854434,0.422597621,0.426219373,0.421720559,0.363145049,0.582189306,0.395139493,0.379057485,0.386927137,0.442877292,0.820302045,0.40189641,0.398452193,0.390697146,0.462440831,0.485774818,0.379899925,0.376381301,0.339951384,0.472511848,0.29914248,0.404263117,0.401703124,0.415462163,0.346573209,0.664705882,0.420332461,0.395682724,0.425556984,0.530185759,1.060202451,0.437610027,0.438847562,0.374863085,0.429135413,0.427929614,0.471185808,0.47114518,0.354864136,0.488260661,0.463320463,0.385267096,0.392896238,0.371150809,0.26412615,0.156384505,0.406106303,0.406332926,0.354077877,0.415797317,0.455858748,0.415959853,0.416044495,0.368274327,0.450071073,0.751710655,0.351845952,0.34734545,0.32103001,0.49526749,0.697799731,0.455561882,0.47236996,0.450063748,0.426639621,0.622146119,0.325275286,0.318957263,0.349608198,0.397020725,0.764822134,0.438689382,0.430469106,0.412035007,0.43882722,0.538110123,0.378100474,0.358795272,0.363230758,0.425387334,0.539771788,0.450273525,0.458050396,0.449990327,0.370273794,0.627490713,0.429788891,0.403189998,0.374957745,0.437194851,0.738419619,0.382596738,0.381042428,0.367160536,0.477030839,0.425817729,0.38022411,0.377723558,0.371074523,0.508906326,0.479173674,0.349783619,0.348515577,0.328671363,0.373860053,0.347090909,0.385421211,0.383122815,0.366609636,0.465618947,0.471384968
201211,0.304914518,0.303410481,0.304462149,0.357965536,0.360735856,0.378963435,0.37698941,0.363918185,0.464350897,0.456211504,0.284917758,0.284750553,0.28594518,0.309,0.232704403,0.325754414,0.325577634,0.323442887,0.362839668,0.296643046,0.333641559,0.335337551,0.344151789,0.355864731,0.260736196,0.408052357,0.405035068,0.382028373,0.438128347,0.534826117,0.272079614,0.274311446,0.288889082,0.295580548,0.141904884,0.372397502,0.375942762,0.379454946,0.390277147,0.316969317,0.312138973,0.314653667,0.326158104,0.352543519,0.220928837,0.395026492,0.391513268,0.383136057,0.455688501,0.484601449,0.273600539,0.274499666,0.288454783,0.301179736,0.140070922,0.321503056,0.326735423,0.350057265,0.356300435,0.258757436,0.329784482,0.329964441,0.334797098,0.351896139,0.284196975,0.433403869,0.434727345,0.37164861,0.421481194,0.422238641,0.285491229,0.285157239,0.292348955,0.291034483,0.324459235,0.341588474,0.338623629,0.356569661,0.396,0.452718676,0.363886661,0.365566373,0.364765738,0.38476475,0.264103636,0.409993817,0.410016769,0.362161404,0.445010541,0.726614173,0.265304461,0.262196284,0.297320169,0.33547633,0.175975516,0.487039271,0.49863766,0.432150398,0.443103448,0.22029544,0.349956585,0.357334708,0.366347009,0.34084826,0.270246556,0.432126919,0.422395686,0.404898142,0.433182468,0.538498556,0.252331396,0.274258893,0.27772404,0.269835035,0.103231598,0.396602972,0.39899318,0.417095778,0.376867101,0.385672938,0.303803138,0.302275282,0.301320069,0.35882868,0.407605152,0.379037053,0.377513296,0.364059343,0.472500382,0.420421769,0.285010763,0.284535123,0.284987695,0.31276097,0.283460061,0.324264756,0.324003235,0.318744183,0.358039258,0.299339455
201212,0.278068442,0.276801234,0.272565978,0.354491199,0.290087272,0.300098522,0.298691995,0.299894334,0.35042797,0.35268963,0.273322488,0.273576479,0.267479923,0.277744489,0.226954425,0.294662736,0.293380975,0.294200679,0.390876973,0.296972352,0.305472692,0.30420915,0.306641977,0.339506173,0.305887525,0.322319212,0.323978089,0.333541982,0.341076917,0.255241875,0.28812473,0.288505466,0.281978635,0.301070039,0.249510763,0.336226317,0.336451539,0.336154405,0.349553265,0.302643076,0.286785061,0.287358421,0.290143841,0.336198663,0.265543289,0.302828936,0.305083336,0.316056187,0.340825226,0.223959586,0.262672811,0.264042711,0.26696653,0.259820813,0.207119741,0.305978242,0.312188462,0.313777778,0.324309081,0.165137615,0.306506606,0.305082446,0.310679612,0.356958763,0.299729364,0.323372087,0.323914054,0.327105832,0.335924299,0.275741154,0.286285922,0.283492071,0.291472573,0.327659574,0.204225352,0.337585608,0.333485182,0.347528552,0.439858491,0.397410359,0.321413035,0.321538537,0.321040744,0.362516734,0.229562831,0.345913687,0.347260181,0.352555161,0.368639668,0.253638254,0.323012904,0.326816579,0.293916822,0.290502793,0.180694981,0.370955983,0.372700161,0.358516189,0.36908825,0.237515225,0.327554855,0.319744859,0.325112855,0.32071136,0.366055806,0.337430618,0.345449396,0.354011371,0.32474701,0.259904913,0.296002868,0.289498581,0.293409709,0.331907613,0.314131127,0.361420738,0.339923534,0.349320732,0.321050711,0.464878672,0.276619153,0.275518236,0.269739881,0.358974813,0.29221112,0.299215844,0.297755906,0.297113817,0.352522755,0.398255932,0.273282141,0.273627523,0.266601436,0.272633669,0.224381772,0.292527304,0.291417587,0.290606469,0.400168265,0.292277228
201301,0.304407106,0.30102809,0.296961665,0.252382089,0.254796307,0.278071392,0.27689181,0.272497772,0.34896412,0.289141531,0.354622837,0.353328631,0.340531729,0.395597203,0.368740917,0.341539283,0.326664669,0.330917994,0.290318348,0.319580114,0.356215724,0.326207158,0.319524907,0.331601636,0.353554428,0.306615495,0.305292891,0.307045595,0.339585315,0.306698333,0.39679104,0.389389041,0.392695633,0.504994833,0.383276451,0.484548593,0.379994895,0.374749832,0.390592243,0.367559679,0.308298706,0.307797767,0.302588364,0.279906905,0.298735281,0.287204593,0.287760621,0.290381452,0.33317392,0.258350276,0.357989858,0.356957675,0.363468482,0.425955414,0.191588785,0.357449342,0.365365244,0.346038244,0.309705562,0.25007425,0.330367327,0.326727063,0.317961832,0.334573643,0.476648352,0.305986614,0.304534365,0.311570713,0.356129032,0.300539084,0.448884387,0.439527942,0.442061814,0.603421462,0.878571429,0.372418275,0.359798154,0.363194163,0.383561644,0.789868668,0.455801568,0.355917413,0.343549001,0.334783165,0.365246731,0.324906045,0.325189661,0.322108439,0.364579125,0.231056879,0.416573209,0.411446657,0.396168368,0.491594203,0.475718533,0.800689532,0.414012739,0.417906383,0.393274171,0.355673524,0.333891877,0.317753121,0.33116759,0.364048041,0.353828809,0.328016813,0.318934711,0.324301285,0.321701529,0.372334456,0.430243687,0.398422697,0.409746013,0.530885529,0.373676248,0.396659294,0.380617243,0.398439242,0.445419445,0.361619809,0.300075464,0.299816978,0.29460715,0.235487192,0.21372228,0.276629485,0.275634416,0.269691129,0.352538293,0.29072199,0.351126002,0.350580627,0.33568856,0.373372159,0.383676735,0.328926724,0.324438356,0.326576898,0.268302444,0.270651118
201302,0.363392765,0.358326414,0.354371949,0.486468045,0.549461342,0.295302899,0.292215571,0.289279332,0.235695431,0.232161789,0.359067554,0.347994867,0.356457596,0.644409835,0.54150226,0.339379087,0.332356634,0.335430668,0.488026154,0.907723224,0.398270042,0.390264401,0.414280901,0.487339176,0.913850064,0.341694514,0.312825659,0.304999667,0.304586334,0.329264426,0.421726381,0.402706282,0.46568234,0.586476334,0.829408151,0.347552691,0.350346328,0.3728681,0.451178867,1.147825102,0.399126503,0.377134627,0.399586761,0.470676441,1.672257163,0.297917346,0.297630953,0.289739848,0.261108494,0.293533791,0.39983093,0.38451461,0.434796657,0.604754829,0.940460081,0.415659799,0.353442495,0.389727471,0.558532324,3.234790446,0.399610315,0.389108265,0.408664116,0.535281318,0.587899905,0.317786697,0.316216431,0.306572945,0.303610675,0.402758621,0.385267437,0.366774177,0.441141667,0.646987952,1.135294118,0.338926018,0.341375603,0.332636348,0.415860735,0.158251232,0.365911419,0.395070116,0.413569118,0.44639919,0.605471562,0.437855753,0.337499589,0.327725907,0.308608414,0.348011061,0.405401218,0.399171316,0.450065401,0.543254377,0.340042373,0.265450498,0.348229808,0.373524324,0.431223629,0.51142632,0.484141911,0.450430695,0.459434877,0.51404247,0.718994163,0.308931306,0.29749305,0.310550042,0.332867273,0.327022526,0.593514026,0.578897885,0.595357925,0.581352155,0.88404176,0.391270773,0.363997831,0.370535257,0.421321417,0.558358818,0.359883198,0.355727329,0.348554504,0.484384418,0.363950524,0.291321428,0.291215593,0.287452993,0.220760732,0.192190726,0.353873225,0.344325942,0.346931373,0.657454834,0.399361022,0.337391765,0.329891471,0.330812663,0.4955258,0.679382211
201303,0.35105604,0.346901421,0.377668017,0.535809111,0.333380253,0.368381966,0.362831383,0.359553331,0.51260642,0.575601162,0.307783517,0.303588151,0.333721368,0.473966329,0.325743386,0.311949065,0.314614044,0.342372466,0.455708062,0.226165362,0.374967859,0.375319713,0.443819306,0.470595817,0.297074524,0.409013621,0.400720653,0.428178307,0.512893536,0.948909603,0.339865714,0.331872697,0.368054684,0.407156006,0.259008433,0.299616109,0.328898049,0.39387542,0.384791372,0.202738892,0.309738037,0.312282608,0.331191995,0.433466845,0.16640654,0.405381116,0.383163208,0.410635301,0.496283492,1.701875442,0.282984264,0.284087211,0.286775488,0.3603708,0.334168755,0.25204813,0.259274582,0.277611358,0.36869648,0.100650104,0.32793912,0.317842389,0.336491728,0.451522128,0.289104116,0.408139131,0.396487151,0.411607154,0.565415987,0.627692308,0.29302073,0.264454402,0.273912685,0.394463668,0.124900557,0.301769227,0.274207704,0.29350448,0.326478149,0.26435247,0.333669355,0.323866314,0.372965567,0.522367826,0.5,0.376336299,0.406961663,0.425930482,0.467793031,0.638709677,0.330246872,0.307904451,0.324188302,0.503095336,0.384541063,0.212017176,0.271357055,0.300901317,0.423120946,0.438095238,0.754105854,0.93091765,0.965161825,0.456952553,0.338957724,0.517246685,0.486559396,0.497035282,0.541250386,0.744748687,0.582134475,0.707338818,0.725241354,0.367226891,0.244067059,0.727528979,0.943287899,0.979658179,0.381377919,0.285601109,0.351950258,0.347787278,0.379670611,0.554232242,0.366601829,0.364619789,0.36002189,0.353391107,0.51080073,0.38442865,0.30864452,0.305229577,0.337525562,0.494880135,0.377950517,0.317435167,0.316747787,0.346850676,0.476816009,0.252267336
201304,0.321080724,0.320611354,0.333162374,0.417055663,0.329867284,0.355953007,0.351702518,0.38214493,0.544251242,0.340700153,0.363668262,0.364675672,0.367136419,0.39848083,0.437871089,0.362539579,0.37284609,0.370682724,0.405731866,0.208812133,0.304228393,0.314442002,0.31119157,0.364746946,0.252409581,0.381139356,0.381173584,0.451036448,0.483016372,0.302674025,0.359252178,0.367988428,0.353494129,0.360516676,0.274420281,0.328763476,0.372912018,0.361026148,0.35877262,0.155679812,0.304428641,0.30918179,0.314143377,0.337836048,0.185633925,0.314264883,0.31682791,0.336530472,0.441123188,0.166977403,0.358961139,0.359971042,0.339807857,0.341958397,0.535421327,0.338149678,0.361409735,0.354584202,0.302780191,0.093282322,0.292536313,0.29690312,0.318763942,0.337494525,0.201667418,0.333032345,0.322160506,0.343097779,0.463985279,0.306468172,0.33339216,0.349396413,0.350687146,0.338884866,0.207241911,0.354931206,0.373461922,0.405569868,0.360851064,0.165217391,0.311179547,0.341204355,0.343989359,0.430720654,0.259328358,0.340258083,0.330781801,0.380252773,0.535495078,0.503900446,0.385400669,0.390878048,0.397291131,0.412876361,0.389491243,0.313103754,0.410797629,0.393342857,0.437268752,0.271466667,0.298467957,0.291705972,0.269655403,0.336641853,0.315630348,0.766760164,0.937841334,0.971931289,0.471451599,0.347770538,0.327589723,0.348504874,0.329433516,0.332034105,0.178125661,0.315645197,0.329510683,0.313632253,0.332566462,0.217080437,0.322742988,0.320657646,0.333193702,0.430682068,0.405452089,0.356766505,0.352548737,0.383931481,0.561604706,0.37551815,0.36479858,0.364652024,0.366642428,0.409573208,0.544193521,0.367115752,0.37214068,0.368414838,0.416674807,0.286605891
201305,0.344585128,0.345599663,0.348999471,0.353387467,0.579542805,0.331669154,0.331350868,0.342854773,0.429032296,0.342535267,0.322479839,0.323398522,0.339096423,0.318614376,0.629841777,0.307882345,0.307981324,0.319722815,0.313579684,0.550707507,0.346094041,0.351084565,0.329584702,0.348080296,0.365395665,0.315236193,0.325708319,0.322834526,0.382173586,0.264917683,0.337789505,0.342091574,0.31548814,0.328474334,0.345532831,0.33232172,0.336600839,0.307974464,0.345823719,0.314048048,0.317310219,0.325110409,0.303710793,0.299108219,0.182551269,0.315892902,0.320671977,0.32561986,0.35193133,0.19489509,0.30615249,0.309706918,0.297372897,0.285308057,0.33976834,0.272905926,0.293841073,0.265884583,0.248868778,0.05149876,0.345552653,0.351029274,0.349859776,0.330946698,0.347021546,0.302786498,0.306562527,0.331783894,0.355207167,0.222486899,0.319802775,0.33196836,0.300681984,0.281314168,0.343906511,0.332676298,0.343409028,0.331495696,0.342510121,0.278888889,0.369924672,0.374105516,0.366166133,0.378841192,0.734204174,0.320065685,0.352615932,0.356991204,0.44399166,0.264625163,0.36550415,0.366523687,0.350480406,0.349705305,0.387015177,0.388056801,0.376471691,0.345619468,0.384144564,1.123917749,0.361584306,0.365835782,0.315648724,0.350452402,0.370225992,0.313542486,0.304321869,0.279712403,0.359915164,0.339194952,0.367467286,0.380483068,0.31238998,0.34772352,0.335717582,0.368356409,0.356123251,0.307692308,0.370689655,0.488997038,0.345071632,0.345396762,0.349095681,0.356865719,0.760013852,0.33330951,0.331328605,0.342605681,0.441375742,0.424286974,0.322095958,0.322676818,0.340399608,0.317403496,0.779072186,0.307096411,0.306838352,0.319391883,0.31173547,0.797134289
201306,0.291134466,0.289762716,0.308199159,0.302700958,0.509497366,0.342854262,0.343893197,0.347078084,0.349021746,0.574213207,0.246350912,0.241112364,0.250778933,0.320327393,0.513435913,0.28065845,0.278472507,0.306481948,0.30930404,0.472556069,0.306013316,0.306554467,0.301265348,0.332331788,0.304750073,0.343957889,0.348792394,0.326782953,0.344488379,0.362463236,0.241209675,0.233057119,0.268619078,0.322498174,0.419444444,0.270394187,0.265287931,0.274579327,0.349958818,0.272859085,0.303787095,0.298902033,0.301757405,0.340917662,0.439978492,0.315809565,0.323526668,0.301633497,0.294879411,0.180344757,0.266942237,0.259549284,0.277987577,0.383034773,0.480968858,0.290282211,0.281254784,0.281928914,0.350024073,0.490478402,0.322486809,0.322784254,0.328411906,0.378672032,0.268941585,0.343505787,0.348974127,0.349331052,0.327301338,0.345358224,0.256510975,0.262177276,0.286343031,0.345318352,0.144391408,0.304526941,0.305668324,0.308686138,0.494299674,0.298657718,0.293710055,0.304368166,0.314912718,0.317147515,0.175214116,0.369383166,0.373413003,0.363897534,0.376954797,0.726366063,0.195897301,0.187913624,0.276462862,0.301545019,0.40407855,0.238945187,0.239142492,0.299198261,0.327609337,0.11996337,0.311431846,0.307805216,0.272725445,0.323254501,0.316911969,0.355489692,0.358775735,0.310088648,0.345846696,0.366194248,0.248679019,0.224872232,0.240203099,0.301832208,0.448800468,0.256625536,0.241448486,0.229094262,0.321341165,0.271564177,0.289998876,0.288562496,0.306946732,0.298840072,0.590917666,0.343334282,0.343710617,0.34717838,0.352297067,0.749118216,0.245039579,0.240255072,0.247638312,0.32033813,0.525304765,0.28058367,0.278495732,0.307232913,0.305966983,0.574399919
201307,0.26959676,0.264816855,0.262432516,0.347280217,0.419757079,0.287674123,0.286038351,0.305247221,0.304048576,0.507599588,0.278138123,0.268774137,0.270643203,0.422318702,0.480829278,0.263523122,0.257410287,0.250935209,0.379541664,0.356225419,0.280139207,0.26988039,0.316877904,0.366066505,0.38264004,0.302421416,0.302568904,0.299364233,0.331252786,0.30560285,0.294658108,0.275913479,0.326965461,0.47592508,0.451727084,0.280017371,0.265603862,0.317310939,0.393707104,0.364535698,0.293185837,0.28901382,0.314374832,0.382182053,0.392068925,0.302183454,0.297322735,0.300236964,0.340807175,0.43102537,0.276516851,0.268788368,0.335542949,0.56015976,0.291512915,0.298196432,0.28593435,0.328759503,0.462296698,0.594790777,0.31585133,0.295037459,0.302744425,0.545704738,0.797119599,0.318494372,0.319208812,0.325753065,0.375074776,0.252216185,0.358672458,0.337987855,0.335871442,0.604477612,0.794264339,0.290937142,0.279152471,0.279166495,0.599037139,0.164705882,0.224338246,0.216179831,0.309153403,0.305079888,0.302558783,0.288865743,0.298152339,0.313742009,0.318284584,0.18989296,0.257639558,0.243126747,0.313759883,0.400872648,0.360027379,0.21817947,0.208631199,0.308895902,0.303464444,0.224236321,0.323158762,0.308591533,0.345528041,0.358820879,0.343898834,0.306445415,0.302112984,0.270148261,0.320720832,0.314914104,0.354566077,0.312035623,0.331373107,0.470286134,0.500652571,0.346878175,0.31950515,0.344206624,0.379293425,0.393008475,0.267361124,0.263344638,0.257790423,0.346365517,0.429115231,0.286518604,0.284814438,0.303915666,0.300699839,0.590195553,0.273969103,0.265857616,0.265035277,0.415485367,0.485315889,0.260405977,0.255535651,0.24537031,0.378339745,0.347803825
201308,0.343270278,0.319300952,0.31439255,0.805149356,0.396354663,0.267780892,0.2627324,0.259607567,0.347542122,0.418194889,0.374678535,0.351273866,0.340331175,0.76359447,0.349244197,0.357481841,0.334946108,0.324627699,0.79803331,0.356781235,0.350566833,0.307564507,0.329590889,0.652417209,0.517774601,0.279876924,0.268794947,0.31474774,0.368597199,0.383388325,0.368522215,0.319758885,0.324129726,0.588126309,0.56566077,0.344393818,0.312481189,0.315497818,0.568985652,0.375,0.355746681,0.334875728,0.341331529,0.80034339,0.445179482,0.290386155,0.285931269,0.312723105,0.389951543,0.392969387,0.372196152,0.351753099,0.331014712,0.730314157,0.470701249,0.382036939,0.369713443,0.336752403,0.722907489,0.305230557,0.360252241,0.33345577,0.302498482,0.678108194,0.424148607,0.316638262,0.295477482,0.301272493,0.547261742,0.787755102,0.354987566,0.329647256,0.294837209,0.731272295,0.203418803,0.334486909,0.30485653,0.275865214,0.524986849,0.911490683,0.30425321,0.262450342,0.326634701,0.577815423,0.564251106,0.225543487,0.217191463,0.306995298,0.306946918,0.285036166,0.317184657,0.272823246,0.320554299,0.505197505,0.644078947,0.285034863,0.251752168,0.309980097,0.485421166,0.290949649,0.410914615,0.309485912,0.347076859,0.65109687,0.555427009,0.323871169,0.306359569,0.342426333,0.358719087,0.354061323,0.453627699,0.324829708,0.351173138,0.572811357,0.691461178,0.377550828,0.303830373,0.33438291,0.588752604,0.400583729,0.340834301,0.319812847,0.313251015,0.826594244,0.366996897,0.265317345,0.261160227,0.254824264,0.346217176,0.422508233,0.373908965,0.35411563,0.342248736,0.788892075,0.310730923,0.358329472,0.337377867,0.326051645,0.831879935,0.367454068
201309,0.373626422,0.355072134,0.340414029,0.644046054,0.352161363,0.34406317,0.320236111,0.315308013,0.799402519,0.396119469,0.410596352,0.393207536,0.377361796,0.649609097,0.345158589,0.40310907,0.380856688,0.355162645,0.72281432,0.421265077,0.355381285,0.318580412,0.324563127,0.564607714,0.570068824,0.350829662,0.308224594,0.329405682,0.64751673,0.513468173,0.422462412,0.388416893,0.351741832,0.59780576,0.618162376,0.428011039,0.383474287,0.356470236,0.694994025,0.746581346,0.37448231,0.349044311,0.338424917,0.681915068,0.745233645,0.355670061,0.334956996,0.340839281,0.788545191,0.443113126,0.467888043,0.453441246,0.372019294,0.604836494,0.563777596,0.470701389,0.446299126,0.375063591,0.746218996,0.852218225,0.341018044,0.306116146,0.28893049,0.773504751,0.255288375,0.360188066,0.333391075,0.302467297,0.674799307,0.431722689,0.413349097,0.329849316,0.313136257,1.147540984,0.545180723,0.387876917,0.333864703,0.330390795,0.964862682,0.439795918,0.310721748,0.280151677,0.310809993,0.43126018,0.514772727,0.305380545,0.263796682,0.326321299,0.574388637,0.561648144,0.343944551,0.318855161,0.318224341,0.396392433,0.71372549,0.362833194,0.325578611,0.330155409,0.493785851,0.79331307,0.392228168,0.320027274,0.342809002,0.531135531,0.605631929,0.41038908,0.310504253,0.347252447,0.64679236,0.545388826,0.429857355,0.380951009,0.379958927,0.5,0.608327246,0.460682146,0.359278792,0.371491923,0.715343328,0.761505497,0.373427909,0.357307576,0.341697059,0.65283038,0.276640811,0.341721579,0.320808302,0.314281025,0.820671298,0.367517862,0.40962447,0.395348021,0.379403772,0.651440573,0.248359456,0.401098648,0.382398617,0.354851964,0.721153323,0.314872888
201310,0.385718986,0.381572643,0.365435964,0.441721406,0.322251869,0.379766825,0.361170286,0.34589243,0.653687104,0.361064566,0.370533834,0.380761793,0.357769231,0.289069402,0.323584983,0.367848462,0.364982603,0.3543943,0.388622105,0.35959789,0.369531453,0.356925192,0.339518647,0.427938845,0.405934671,0.364453046,0.32697645,0.331792121,0.579113161,0.580895026,0.37708895,0.377791886,0.352487004,0.332986425,0.414965169,0.365844176,0.336885066,0.33316778,0.384501981,0.554215443,0.378938259,0.373740753,0.337331139,0.367782521,0.403480293,0.383890692,0.358677968,0.345739258,0.687987013,0.750907568,0.412488516,0.388469077,0.332371169,0.264424017,0.852892009,0.32859916,0.309177811,0.301754459,0.295877923,0.419871169,0.373544145,0.340253697,0.354133659,0.681376055,0.21154166,0.348909796,0.31189235,0.294891274,0.802027629,0.272860815,0.361422077,0.359285455,0.385750836,0.403869654,0.405500705,0.392241801,0.35824454,0.372530912,0.611554721,0.373251748,0.347020451,0.335100542,0.328846944,0.335549553,0.428461242,0.320563562,0.288116277,0.318088371,0.444110938,0.561085973,0.389271851,0.385999366,0.372452649,0.297546012,0.733198244,0.395685711,0.367489248,0.362857484,0.315172002,0.588814744,0.36955393,0.347848769,0.341583963,0.389967579,0.477689256,0.399477963,0.32717099,0.349653213,0.543780955,0.600829694,0.330977748,0.344098025,0.338226411,0.349633578,0.321794195,0.392006789,0.33918363,0.323137348,0.351979887,0.758540182,0.387287333,0.384199219,0.368564702,0.439756542,0.288328621,0.379328677,0.363322994,0.346987255,0.661198149,0.282852875,0.37121525,0.382911716,0.359751426,0.279539239,0.278641701,0.366369672,0.366900755,0.357766823,0.387457454,0.256114386
201311,0.350084845,0.36345342,0.340851542,0.243347326,0.329292544,0.383970705,0.380037199,0.364447422,0.437005243,0.319404064,0.336866418,0.346110715,0.330568914,0.262876724,0.352359835,0.325631011,0.338691549,0.317140396,0.216330729,0.251112409,0.391662958,0.415831923,0.412031195,0.277817491,0.406639115,0.365950295,0.35405201,0.336876747,0.42083226,0.400040334,0.396506695,0.425587315,0.431784176,0.271752577,0.459694879,0.369951179,0.411444969,0.414436676,0.249853716,0.222589581,0.370270481,0.383697364,0.40762511,0.226065819,0.379270759,0.375683325,0.370566049,0.334466399,0.362569214,0.399665552,0.351158569,0.346960013,0.430921823,0.238255662,0.787780041,0.306518629,0.32517486,0.403726042,0.21246206,0.202856657,0.404808569,0.436820298,0.29833555,0.262576569,0.47056341,0.36985486,0.337540226,0.35168109,0.666503428,0.210247934,0.516346845,0.582055129,0.306312874,0.239684366,0.601032448,0.508111879,0.577920962,0.269413709,0.231513938,0.433217993,0.458012085,0.510166279,0.574197517,0.298638948,0.305756527,0.343477852,0.332410314,0.326275812,0.330417881,0.416572928,0.478052774,0.54184887,0.618894319,0.301812005,0.262917933,0.453698647,0.527057781,0.626964579,0.289777941,0.176823638,0.341676773,0.338364329,0.331656775,0.301464043,0.441052876,0.365817811,0.345679877,0.339336136,0.38422885,0.471475261,0.302641388,0.326929068,0.329283075,0.289422374,0.328210447,0.290940892,0.319125189,0.313285458,0.256705397,0.203998073,0.351946101,0.365574607,0.343561015,0.236598122,0.280572074,0.385764461,0.382771492,0.36779056,0.435570123,0.287448125,0.338559102,0.347284246,0.332532971,0.261026965,0.295768124,0.329163459,0.340722599,0.320182836,0.21060999,0.268870704
201312,0.325699231,0.33337114,0.345768455,0.243695375,0.288415787,0.344022015,0.357241487,0.335237868,0.238034237,0.320610398,0.311487936,0.318124086,0.326035627,0.236397207,0.258085128,0.359366284,0.366863522,0.403914865,0.256395373,0.327967334,0.346699242,0.365219245,0.387654007,0.251440023,0.269672347,0.382915939,0.407439398,0.405153717,0.267698088,0.390947265,0.294044421,0.304452279,0.34233097,0.21649178,0.256463596,0.338560544,0.360336998,0.405858297,0.258574884,0.274865562,0.356476031,0.354479593,0.395997447,0.246015633,0.368219256,0.358270601,0.371449651,0.398930077,0.215684455,0.362830414,0.310090021,0.315424964,0.361810678,0.244094488,0.131700436,0.367483809,0.369806406,0.430370429,0.274174757,0.50945531,0.283737024,0.296528816,0.275987645,0.211740521,0.28998779,0.397929374,0.430754203,0.289968692,0.253509732,0.467691668,0.151335844,0.156488043,0.20992162,0.120741562,0.196585618,0.213750838,0.217957193,0.280356403,0.19968652,0.20148248,0.439006133,0.478201307,0.522994353,0.274030775,0.25983894,0.453054227,0.507330675,0.572787402,0.289130535,0.292705279,0.395668107,0.425306998,0.462556664,0.24671916,0.286688714,0.428726574,0.470527542,0.50838866,0.29541109,0.243727599,0.271672455,0.287944362,0.285337328,0.264095235,0.221903606,0.333490097,0.33063438,0.323263932,0.290710748,0.424879792,0.261057239,0.254483061,0.249470464,0.252841627,0.314568917,0.27890282,0.318601198,0.313781838,0.266585447,0.163190376,0.328297851,0.33544355,0.351177132,0.242213668,0.310631692,0.34621251,0.359564919,0.338353123,0.23219734,0.276715132,0.315640543,0.321529576,0.332959207,0.23901554,0.261601095,0.363733628,0.369153147,0.411636564,0.253833404,0.375954198
201401,0.322360188,0.316906304,0.324145227,0.317131801,0.372229156,0.32536545,0.333204443,0.345765071,0.241794993,0.286818225,0.317955684,0.306877167,0.31555893,0.402876192,0.420278896,0.348834035,0.338797243,0.33571098,0.376485587,0.488969014,0.35258764,0.340976654,0.362762699,0.355011327,0.43955625,0.344259114,0.363140915,0.385472851,0.248238323,0.270651952,0.345586803,0.312334403,0.353474162,0.46894198,0.487613786,0.393310447,0.372009273,0.383399972,0.429437759,0.54313811,0.348168856,0.33752323,0.385072372,0.349208305,0.607328842,0.356205172,0.353915718,0.395038975,0.247153314,0.371229477,0.302117952,0.289673696,0.37076275,0.449907967,0.502283105,0.392108711,0.384374041,0.420425176,0.434676435,0.560190887,0.300054416,0.299726222,0.285720336,0.280985413,0.345240511,0.278647687,0.291630949,0.273361303,0.206457171,0.271311639,0.304735388,0.288185778,0.341370902,0.408993576,0.282485876,0.37952998,0.374934389,0.343801928,0.314529915,0.605769231,0.374153554,0.370295097,0.381228612,0.364428945,0.412874584,0.435737558,0.475119758,0.518480467,0.269805791,0.257815466,0.346038321,0.312440335,0.302354445,0.468785731,0.484587964,0.372108126,0.347583488,0.349678843,0.455510724,0.651552624,0.374588116,0.342031401,0.339772644,0.404181787,0.366572428,0.268238377,0.285944441,0.283573635,0.260639298,0.224578066,0.473787194,0.415355498,0.40819704,0.527353235,0.468465737,0.436872243,0.388149116,0.393937482,0.490556069,0.442562251,0.318662063,0.314851789,0.320903575,0.308818022,0.322420148,0.328165827,0.335388381,0.351390805,0.240543809,0.307552859,0.309316039,0.301635493,0.306689026,0.388278308,0.3675845,0.342147845,0.334808681,0.327774879,0.363081735,0.456316925
201402,0.360836542,0.352295136,0.328001694,0.422513073,0.449238276,0.320609827,0.316072205,0.322984812,0.309515848,0.356168992,0.395269327,0.386840125,0.335984199,0.421296925,0.448923166,0.348581989,0.343343946,0.316925755,0.399299094,0.383753105,0.345848174,0.317741991,0.337005734,0.452520771,0.41612188,0.34753672,0.339034161,0.358350331,0.33967916,0.423520645,0.372946875,0.343367585,0.335581055,0.436581462,0.433302491,0.320584746,0.298167592,0.322247927,0.410090204,0.356033984,0.290166553,0.28375955,0.324850548,0.424467461,0.288344453,0.350514376,0.340732702,0.382866288,0.340827002,0.607994967,0.299171496,0.298573162,0.319420641,0.37698222,0.260683266,0.283269104,0.273563533,0.30837871,0.392058421,0.259268537,0.384216831,0.366721597,0.396834104,0.422889402,0.520351008,0.289424487,0.290137436,0.275238122,0.267532334,0.325276526,0.483508502,0.472066548,0.393378658,0.400101549,0.424188791,0.335990502,0.324013375,0.41,0.39726662,0.434059633,0.327698045,0.293115324,0.28204143,0.46022605,0.548234659,0.371557866,0.369962104,0.381993482,0.347608301,0.4,0.352755744,0.308104887,0.291307428,0.478957093,0.602770422,0.288422614,0.264537151,0.261644244,0.434807364,0.341833053,0.454557509,0.423655311,0.417986192,0.480434419,0.443792974,0.355783934,0.329279063,0.327208417,0.383434188,0.342118687,0.454765947,0.399257246,0.401993975,0.458916842,0.49912892,0.429186461,0.413740857,0.405586223,0.413906895,0.436935501,0.356373528,0.349730907,0.321949736,0.417144022,0.476515332,0.317701008,0.31447413,0.320560692,0.302631065,0.307577104,0.393833126,0.38724198,0.332765771,0.420378937,0.48900992,0.345621823,0.341530077,0.311437416,0.397705486,0.396556842
201403,0.417935456,0.416776128,0.372864976,0.422414298,0.37087084,0.361133601,0.352545758,0.326640462,0.424684314,0.451504334,0.440781599,0.438252133,0.406430871,0.42330859,0.331447004,0.418113232,0.423828901,0.364638834,0.410024477,0.411124396,0.395423646,0.39403224,0.363471913,0.405760723,0.358958728,0.344427214,0.315765255,0.333923383,0.456626745,0.419504334,0.460433931,0.487324532,0.404428492,0.42144346,0.327771241,0.420960519,0.428371637,0.366766337,0.384366271,0.398266871,0.37017823,0.380249492,0.327899646,0.377135811,0.264330986,0.286204434,0.27962313,0.319925857,0.429420009,0.286946542,0.490735369,0.52783884,0.362435224,0.367205025,0.246366486,0.442353513,0.450829673,0.338380462,0.374745418,0.365534364,0.479184879,0.503837589,0.36960967,0.384739484,0.299847793,0.389078618,0.372415883,0.397242866,0.42316879,0.52058484,0.546589418,0.586212395,0.385381675,0.461917673,0.268292683,0.503166915,0.524096386,0.360159234,0.396555436,0.218666667,0.38775628,0.372735026,0.383654251,0.429936306,0.382981078,0.324529467,0.289915724,0.278291634,0.466318944,0.552928313,0.419190093,0.435736409,0.454058593,0.414451383,0.315307195,0.388847681,0.396728677,0.405519954,0.373516134,0.380714879,0.395090497,0.367574864,0.375677913,0.416531323,0.424548148,0.458623036,0.425284986,0.420280435,0.484885253,0.450455987,0.414554103,0.386874096,0.395270866,0.435138874,0.399883458,0.372168157,0.339119903,0.3474341,0.39333541,0.458659625,0.421075368,0.419383908,0.372822652,0.426904224,0.381197295,0.356713458,0.350038816,0.320593773,0.419329154,0.477534755,0.445303207,0.440644603,0.406805264,0.423914318,0.331674393,0.421725411,0.427290362,0.365053878,0.416306596,0.429375055
201404,0.422238471,0.430861703,0.395088554,0.381936501,0.337845079,0.420471228,0.418680656,0.375102578,0.428992896,0.38050029,0.407603663,0.418334071,0.382709311,0.342333896,0.355286499,0.415666716,0.426098165,0.385420497,0.368407073,0.280731757,0.403980794,0.411275152,0.371755296,0.388519953,0.401857271,0.401301367,0.398017265,0.368030183,0.41793776,0.368140486,0.36401482,0.365253342,0.34320682,0.337808011,0.410622135,0.370549011,0.37617534,0.353080024,0.37778661,0.356824294,0.481232142,0.496081641,0.35157233,0.402160477,0.359321672,0.373153799,0.382961467,0.331708776,0.383028207,0.267229104,0.435336296,0.455994759,0.321739849,0.366687004,0.254663212,0.431551325,0.446532213,0.329687718,0.379355564,0.340634779,0.319617164,0.311327986,0.342905333,0.375350593,0.381728158,0.489708501,0.513159396,0.379726744,0.399367363,0.313638776,0.235261071,0.225279842,0.306711546,0.311665699,0.319174757,0.257989075,0.246153547,0.313657407,0.353347401,0.281470292,0.397322622,0.386330811,0.409250376,0.413516088,0.663586568,0.390535709,0.373916519,0.38424987,0.442161679,0.385992305,0.411139157,0.366398511,0.404833522,0.386370415,1.045189307,0.383379145,0.381588873,0.400049801,0.402248876,0.443456615,0.350999134,0.352858574,0.353746898,0.369589949,0.314920155,0.408245266,0.376632581,0.38477813,0.431732099,0.44178711,0.296878675,0.305845838,0.306298445,0.304162313,0.178429518,0.338186258,0.334400072,0.338749741,0.369768498,0.327925341,0.427553111,0.434852073,0.398693773,0.383832502,0.332803908,0.422934103,0.420876444,0.374409204,0.432178441,0.390474153,0.416795389,0.424611685,0.390605305,0.348313943,0.480050307,0.421917324,0.431209144,0.390690117,0.370002136,0.231601229
201405,0.38748363,0.390512884,0.362428599,0.387199455,0.318478601,0.425886796,0.434806366,0.398067573,0.386981306,0.344844676,0.379167524,0.383677236,0.347170269,0.391346266,0.294355715,0.356241461,0.353629335,0.338811419,0.383186427,0.293983181,0.358505824,0.370341322,0.34873074,0.321428571,0.312221518,0.406281988,0.412174116,0.374230404,0.395971155,0.407411394,0.332424512,0.349482856,0.331742931,0.302118251,0.269921487,0.32036249,0.326067829,0.320678078,0.300365542,0.34589065,0.407572874,0.412570546,0.336280459,0.333757712,0.32053442,0.483842184,0.497565767,0.354722515,0.409492635,0.366557636,0.343756957,0.343735049,0.307672943,0.320622879,0.375378406,0.338946159,0.351776864,0.295349283,0.296972954,0.250807706,0.259515635,0.258297299,0.314195789,0.195347674,0.429208633,0.319432554,0.309142028,0.349312865,0.384085735,0.399373661,0.200555449,0.199920298,0.291067177,0.172693144,0.258661888,0.22176368,0.224214597,0.272238416,0.171883682,0.329084589,0.354075932,0.369458888,0.388033795,0.38481437,0.262157032,0.398673741,0.386781105,0.409633761,0.421431292,0.661998941,0.330885285,0.357506928,0.375296617,0.359321098,0.184717868,0.352651408,0.359208619,0.370018242,0.36972808,0.348877675,0.351235406,0.375997469,0.321400084,0.333859854,0.327861604,0.354909484,0.355752592,0.355646235,0.376586706,0.319772554,0.413252916,0.531237865,0.319257771,0.31838724,0.334685743,0.313845117,0.298069223,0.303278897,0.317566379,0.404315812,0.392399663,0.393721558,0.365479477,0.401325038,0.326149167,0.4309898,0.438704109,0.401461581,0.38837073,0.341497596,0.385391665,0.387884086,0.350953549,0.410305451,0.283938458,0.361049377,0.356697199,0.342925241,0.400743494,0.283750806
201406,0.392286347,0.39641871,0.355240468,0.390844139,0.368495918,0.387791849,0.390434183,0.363352174,0.388533894,0.320973354,0.441328885,0.44828912,0.379519976,0.445955246,0.360226519,0.388121792,0.386625887,0.362482041,0.410566858,0.438165019,0.342198393,0.347557081,0.345269574,0.321802695,0.380187792,0.361247209,0.372833234,0.351312606,0.324306382,0.315398284,0.338421409,0.34402223,0.354461501,0.346199978,0.335248733,0.36019466,0.348073442,0.359575206,0.349220195,0.528891799,0.363780754,0.359880055,0.337298089,0.349917962,0.535064935,0.410317016,0.415533699,0.339128684,0.334724746,0.321378064,0.377573258,0.376952543,0.34902986,0.40725327,0.42146111,0.386174222,0.349705439,0.36079139,0.415897157,0.994154837,0.264968509,0.245886537,0.348795282,0.240305149,0.57388749,0.261456839,0.260037587,0.31730374,0.197881828,0.432193567,0.236908209,0.228564358,0.337305926,0.220692819,0.42795389,0.246811646,0.228841958,0.342981739,0.239592368,0.494469746,0.340319043,0.34834023,0.351508201,0.347953018,0.349384886,0.355853925,0.370835981,0.389199623,0.387283661,0.264025026,0.343668631,0.357683199,0.360815986,0.373902634,0.241158085,0.363765436,0.354922668,0.356714012,0.364679504,0.591059864,0.351201269,0.405171924,0.344421297,0.321029847,0.29146314,0.355728834,0.380151288,0.325082542,0.337960281,0.332896854,0.315353095,0.326608809,0.359853219,0.341387025,0.338914062,0.376890991,0.450585634,0.369008396,0.349224333,0.251534552,0.396780909,0.399857752,0.357443143,0.403453078,0.345037896,0.392421776,0.393442029,0.3661205,0.402139387,0.327816639,0.448190513,0.453344812,0.38278506,0.46316317,0.334501612,0.389143897,0.388515209,0.363274588,0.422112572,0.331920695
201407,0.431909909,0.436372084,0.374724046,0.377169376,0.400437166,0.399376974,0.403186755,0.360081423,0.398123997,0.377208112,0.431608037,0.437956952,0.383641158,0.359910573,0.351648352,0.449867027,0.457268992,0.379793158,0.374777294,0.383916164,0.395215829,0.396906826,0.368517408,0.356503722,0.42184953,0.350397576,0.355426855,0.352029705,0.33090176,0.389464798,0.418408432,0.434318796,0.39086779,0.366955695,0.337654263,0.456203212,0.454162139,0.399193119,0.396195373,0.401089128,0.384473226,0.381182306,0.334260052,0.400928074,0.477968214,0.372782101,0.369311138,0.344056819,0.35989395,0.533879317,0.394544712,0.394577263,0.349952012,0.387628111,0.34244325,0.403744658,0.394576999,0.333833834,0.375919732,0.518029381,0.288121155,0.291191308,0.338732717,0.250099854,0.238758708,0.270899513,0.252046585,0.356392135,0.246103934,0.577099875,0.363397038,0.351695957,0.368542228,0.291557876,0.436574372,0.328063146,0.333254136,0.364229183,0.256,0.432962374,0.33438872,0.347524849,0.350590478,0.305734139,0.23623999,0.34586062,0.352604423,0.355636177,0.35507985,0.361450044,0.327662819,0.351122024,0.352903507,0.318511117,0.126934031,0.332321438,0.343905261,0.350266618,0.28756317,0.272297051,0.543374507,0.605074101,0.469626562,0.408661562,0.52271181,0.362002671,0.416386576,0.355431984,0.331817143,0.301271515,0.599580009,0.721819966,0.530503979,0.417943308,0.553164769,0.774227087,0.92535235,0.605441827,0.531388984,0.380754039,0.436035834,0.440505273,0.377299427,0.380204379,0.347207879,0.403755131,0.406583978,0.361974489,0.410392746,0.35132145,0.435125287,0.441134109,0.385775206,0.358073227,0.293648488,0.452130022,0.460896596,0.379946317,0.371225033,0.349544374
201408,0.436294296,0.445669198,0.385937788,0.329306218,0.354371924,0.428746072,0.43333466,0.372557337,0.371516322,0.39570904,0.440382619,0.451500057,0.408295642,0.3024144,0.414075652,0.468558422,0.483401573,0.387561901,0.328722113,0.357325824,0.472443878,0.502212054,0.480510631,0.361432547,0.384470248,0.39410481,0.396544884,0.367433961,0.352053684,0.41810453,0.56156639,0.592770356,0.613075768,0.357405359,0.535903375,0.511239901,0.561102704,0.529875128,0.361747804,0.381148849,0.41762899,0.409680544,0.501787564,0.390452283,0.614908497,0.381626962,0.378500655,0.332162786,0.393978337,0.477033448,0.50458093,0.462182957,0.722640905,0.379304378,1.637334472,0.417597313,0.419208081,0.556931702,0.418829599,0.43274753,0.341914336,0.356102221,0.340106421,0.359390863,0.203081532,0.288655078,0.291956881,0.336808285,0.247976111,0.242538486,0.340577492,0.35394045,0.344609686,0.343189018,0.279765396,0.324608388,0.331885721,0.322407367,0.383801653,0.222843823,0.451795855,0.4776012,0.488811597,0.32340876,0.357549059,0.331416901,0.345562241,0.34849748,0.300516629,0.228296329,0.552089206,0.616829741,0.646380129,0.311738858,0.243586048,0.49268694,0.522746034,0.531697097,0.336725493,0.399073958,0.622249153,0.824582154,0.702310023,0.370287533,0.263729977,0.546850651,0.612825363,0.472219237,0.405238583,0.51952821,0.708162222,0.912515924,0.888017305,0.376211969,0.164037654,0.711812281,0.984545121,0.862974825,0.342900521,0.30772904,0.441107763,0.449465547,0.390053503,0.328060953,0.320216658,0.432819192,0.437398751,0.375167236,0.37421641,0.342592734,0.443063492,0.455066364,0.413399921,0.29872245,0.273846245,0.476663127,0.488909027,0.392101225,0.330135114,0.326458327
201409,0.393499095,0.397358238,0.389059675,0.290714321,0.319133023,0.433493521,0.442727088,0.384204766,0.328146598,0.352265483,0.361012844,0.349629405,0.356255283,0.300600906,0.346874131,0.345159687,0.344600174,0.36520105,0.286595594,0.317034744,0.419371495,0.440823425,0.462411561,0.332332218,0.307694488,0.468864217,0.498266372,0.477446524,0.359088635,0.382557476,0.323274112,0.325932324,0.339821176,0.331259299,0.321964639,0.34235296,0.34773971,0.376560451,0.315611451,0.285439869,0.438183725,0.461375446,0.581830293,0.346164721,0.194877997,0.414458288,0.406441642,0.498717116,0.387737252,0.614250154,0.416894054,0.443507407,0.450299373,0.363864886,0.144137508,0.443100483,0.47469128,0.533272763,0.383032339,0.196796639,0.374317403,0.360914665,0.347327626,0.330346132,0.361699552,0.339737943,0.353739362,0.33773665,0.357275021,0.201016734,0.407782742,0.39397247,0.372265072,0.382732835,0.978845054,0.432562839,0.360772706,0.353359346,0.307857581,0.181995134,0.478850377,0.492602719,0.4919295,0.339616874,0.480723899,0.450256434,0.476163173,0.487338528,0.322438075,0.356777494,0.366035325,0.367764492,0.342146714,0.325344212,0.455908149,0.407393176,0.410455846,0.402419716,0.343490664,0.47400545,0.3555034,0.381902903,0.394778408,0.319703661,0.312667946,0.614942758,0.812444517,0.693962171,0.367176338,0.262221033,0.156492838,0.108113793,0.166352091,0.306246116,0.372012648,0.166509247,0.135724154,0.182715864,0.269732006,0.29998532,0.395881473,0.398560291,0.391336102,0.285965422,0.343681213,0.438287376,0.446493924,0.38835503,0.327080893,0.318627268,0.362333737,0.349527706,0.356383672,0.295775898,0.412180162,0.34514728,0.344100307,0.365549059,0.282298135,0.356313272
201410,0.487282819,0.49968509,0.403151909,0.341210559,0.304666805,0.394600324,0.398260161,0.389417482,0.29362301,0.323519971,0.452144208,0.463611426,0.394685834,0.351321499,0.282035607,0.498156622,0.512557002,0.414559628,0.329622882,0.281406964,0.416001112,0.435108776,0.462387571,0.345213998,0.272479813,0.417247657,0.437163723,0.459616965,0.336980211,0.313177124,0.394004182,0.394891139,0.425668993,0.348523942,0.253605032,0.4155825,0.438077931,0.469354049,0.311905052,0.201857057,0.625312306,0.648521579,0.759565847,0.468936954,0.242165242,0.439451792,0.462620476,0.580978003,0.352263606,0.194248883,0.566927238,0.566285917,0.662641659,0.462722608,0.148141264,0.639726812,0.661594315,0.786820655,0.41216038,0.101661933,0.345369555,0.348362884,0.330375043,0.325459536,0.533156128,0.380529592,0.366576778,0.35091131,0.339736778,0.365083164,0.307072312,0.315269286,0.303042434,0.327108822,0.219393094,0.310253179,0.331502433,0.307336557,0.291508238,0.606351108,0.424960477,0.441907295,0.427569283,0.374087904,0.279114666,0.477477761,0.489846262,0.487284698,0.344089662,0.492373653,0.413269743,0.415087957,0.398545236,0.367567568,0.454017425,0.44971079,0.47505473,0.456980772,0.382043181,0.215497853,0.150499851,0.107599052,0.161259508,0.270615357,0.275609143,0.34688994,0.367190435,0.384636212,0.322813819,0.321532644,0.149686628,0.100730801,0.151740203,0.28917609,0.307546508,0.133029849,0.0941773,0.143756038,0.230322839,0.314388489,0.494976184,0.504862161,0.408803272,0.345203967,0.349928256,0.396824479,0.39935507,0.391384966,0.288501022,0.347969744,0.456193734,0.467271362,0.399639613,0.354802564,0.320577574,0.508158745,0.519338028,0.424737517,0.337408403,0.390134253
201411,0.244315538,0.243757422,0.295581396,0.248277297,0.271567603,0.48573742,0.498053116,0.4024605,0.340802136,0.303255959,0.244795952,0.250243069,0.292572627,0.21079674,0.236065924,0.205951949,0.204160727,0.266198939,0.203114508,0.246513437,0.226345894,0.216190805,0.211583318,0.271791768,0.283757204,0.415525437,0.43493867,0.462302482,0.343595151,0.271085767,0.215871019,0.21485674,0.212364288,0.244853379,0.215043622,0.19254141,0.181141483,0.176284529,0.241221374,0.266384045,0.212567711,0.208743432,0.165562734,0.252056365,0.215034575,0.622990978,0.645966213,0.758409564,0.466237084,0.242180242,0.193322611,0.202456159,0.155089926,0.199630314,0.089358295,0.166489211,0.1668407,0.131611243,0.21019033,0.167346939,0.282988453,0.292115221,0.295775585,0.282863946,0.233298839,0.342331229,0.345507049,0.328426032,0.322296351,0.524569855,0.291942426,0.306376535,0.324998716,0.258902791,0.134492548,0.263375621,0.2905371,0.250477073,0.252918288,0.152896996,0.285133546,0.281656184,0.237772394,0.272031275,0.323715788,0.425466843,0.442712956,0.42901128,0.373397162,0.278088826,0.274268955,0.272200697,0.241504959,0.244407516,0.394404455,0.257346755,0.245168222,0.208488008,0.248254746,0.343769438,0.170033637,0.118663128,0.165093771,0.283561937,0.337096162,0.150772171,0.108133939,0.161814016,0.269304679,0.273193566,0.173732843,0.1286145,0.174836856,0.271103098,0.332723188,0.153691554,0.09723131,0.135381842,0.255559189,0.332433683,0.241451855,0.241495794,0.294995453,0.240835235,0.259937611,0.493467174,0.503254058,0.408212499,0.345066172,0.348420588,0.243206349,0.248343007,0.291167422,0.202326476,0.261574005,0.202996156,0.201839169,0.26708287,0.192674285,0.222749501
201412,0.211201722,0.210939055,0.261609273,0.214744664,0.244687086,0.243041758,0.242673219,0.29508968,0.243961124,0.26824611,0.197225109,0.198201367,0.252062815,0.194922373,0.204104261,0.262853147,0.263989007,0.310027744,0.25652767,0.267881173,0.197563299,0.19044439,0.191165461,0.230347066,0.254176152,0.22652152,0.216389538,0.211854988,0.268778587,0.283279731,0.180823934,0.179630891,0.182473793,0.196086248,0.189616328,0.243607437,0.245477426,0.242591193,0.270243312,0.265972418,0.17771481,0.174947632,0.144129099,0.200282935,0.265378636,0.21153103,0.207911266,0.165375075,0.247296709,0.211672804,0.150248523,0.152504039,0.128646446,0.174789672,0.186591276,0.210367975,0.215347958,0.176553382,0.223851289,0.245465952,0.239723245,0.246507164,0.276470993,0.251318565,0.230063435,0.283398417,0.291708377,0.297769837,0.278395713,0.264840183,0.201186497,0.201181415,0.226374416,0.229569346,0.139705882,0.289431203,0.317512275,0.354834926,0.328523862,0.320766008,0.219619797,0.220353793,0.208482083,0.222453791,0.201357764,0.286122238,0.281763212,0.237867333,0.270043425,0.335955468,0.206688014,0.212218187,0.213243392,0.192360728,0.13606156,0.263465818,0.273372884,0.264910809,0.247558723,0.169344111,0.204434272,0.158501969,0.193902573,0.257235254,0.297839958,0.171448751,0.12071861,0.167042042,0.281849169,0.326412599,0.229941446,0.223018647,0.223939674,0.206467436,0.233425106,0.30900952,0.293862251,0.307248579,0.310409797,0.356359649,0.209979802,0.210127015,0.262257058,0.20933132,0.242345272,0.240188292,0.240404315,0.294547,0.23637753,0.260591562,0.196985261,0.197884555,0.254358902,0.192778297,0.206436277,0.26226531,0.262966747,0.309461734,0.250412508,0.269832297
