"WeekId","NumTweets_Week1_all","NumDistinctTweets_Week1_all","NumDistinctUsers_Week1_all","NumPopularTweets_Week1_all","NumVerifiedTweets_Week1_all","NumTweets_Week2_all","NumDistinctTweets_Week2_all","NumDistinctUsers_Week2_all","NumPopularTweets_Week2_all","NumVerifiedTweets_Week2_all","NumTweets_Week1_all_old","NumDistinctTweets_Week1_all_old","NumDistinctUsers_Week1_all_old","NumPopularTweets_Week1_all_old","NumVerifiedTweets_Week1_all_old","NumTweets_Week2_all_old","NumDistinctTweets_Week2_all_old","NumDistinctUsers_Week2_all_old","NumPopularTweets_Week2_all_old","NumVerifiedTweets_Week2_all_old","NumTweets_Week1_hashtags","NumDistinctTweets_Week1_hashtags","NumDistinctUsers_Week1_hashtags","NumPopularTweets_Week1_hashtags","NumVerifiedTweets_Week1_hashtags","NumTweets_Week2_hashtags","NumDistinctTweets_Week2_hashtags","NumDistinctUsers_Week2_hashtags","NumPopularTweets_Week2_hashtags","NumVerifiedTweets_Week2_hashtags","NumTweets_Week1_job_opening","NumDistinctTweets_Week1_job_opening","NumDistinctUsers_Week1_job_opening","NumPopularTweets_Week1_job_opening","NumVerifiedTweets_Week1_job_opening","NumTweets_Week2_job_opening","NumDistinctTweets_Week2_job_opening","NumDistinctUsers_Week2_job_opening","NumPopularTweets_Week2_job_opening","NumVerifiedTweets_Week2_job_opening","NumTweets_Week1_job_opportunity","NumDistinctTweets_Week1_job_opportunity","NumDistinctUsers_Week1_job_opportunity","NumPopularTweets_Week1_job_opportunity","NumVerifiedTweets_Week1_job_opportunity","NumTweets_Week2_job_opportunity","NumDistinctTweets_Week2_job_opportunity","NumDistinctUsers_Week2_job_opportunity","NumPopularTweets_Week2_job_opportunity","NumVerifiedTweets_Week2_job_opportunity","NumTweets_Week1_job_posting","NumDistinctTweets_Week1_job_posting","NumDistinctUsers_Week1_job_posting","NumPopularTweets_Week1_job_posting","NumVerifiedTweets_Week1_job_posting","NumTweets_Week2_job_posting","NumDistinctTweets_Week2_job_posting","NumDistinctUsers_Week2_job_posting","NumPopularTweets_Week2_job_posting","NumVerifiedTweets_Week2_job_posting","NumTweets_Week1_we_are_hiring","NumDistinctTweets_Week1_we_are_hiring","NumDistinctUsers_Week1_we_are_hiring","NumPopularTweets_Week1_we_are_hiring","NumVerifiedTweets_Week1_we_are_hiring","NumTweets_Week2_we_are_hiring","NumDistinctTweets_Week2_we_are_hiring","NumDistinctUsers_Week2_we_are_hiring","NumPopularTweets_Week2_we_are_hiring","NumVerifiedTweets_Week2_we_are_hiring"
2010-12-31,28999,28825,12364,157,3,0,0,0,0,0,955,944,764,5,0,0,0,0,0,0,21951,21819,9853,118,2,0,0,0,0,0,231,224,186,5,0,0,0,0,0,0,216,212,156,3,0,0,0,0,0,0,260,260,214,0,0,0,0,0,0,0,68,66,65,2,0,0,0,0,0,0
2011-01-07,202713,200565,98165,1606,86,28999,28825,12364,157,3,9558,9069,7189,264,25,955,944,764,5,0,149893,148566,77674,1059,54,21951,21819,9853,118,2,2076,1997,1760,53,11,231,224,186,5,0,1871,1818,1574,33,4,216,212,156,3,0,1766,1727,1461,29,1,260,260,214,0,0,1808,1618,1097,81,40,68,66,65,2,0
2011-01-14,235309,232880,107034,1825,125,202713,200565,98165,1606,86,29078,28588,11103,274,36,9558,9069,7189,264,25,161379,159839,82347,1232,51,149893,148566,77674,1059,54,2032,1984,1778,39,2,2076,1997,1760,53,11,2100,2032,1789,45,11,1871,1818,1574,33,4,2096,2042,1733,43,0,1766,1727,1461,29,1,16053,15810,4410,109,0,1808,1618,1097,81,40
2011-01-21,212322,210035,93386,1756,132,235309,232880,107034,1825,125,31933,31438,10379,344,18,29078,28588,11103,274,36,141724,140339,71696,1117,93,161379,159839,82347,1232,51,1686,1606,1402,48,1,2032,1984,1778,39,2,1703,1635,1463,44,0,2100,2032,1789,45,11,1723,1667,1375,32,21,2096,2042,1733,43,0,18780,18550,4793,138,2,16053,15810,4410,109,0
2011-01-28,226053,223810,97660,1660,311,212322,210035,93386,1756,132,38988,38393,10408,260,36,31933,31438,10379,344,18,147663,145896,74940,1179,350,141724,140339,71696,1117,93,1691,1629,1432,46,0,1686,1606,1402,48,1,1639,1572,1389,46,3,1703,1635,1463,44,0,1779,1721,1448,24,1,1723,1667,1375,32,21,23804,23421,4590,109,5,18780,18550,4793,138,2
2011-02-04,235903,233458,108630,1839,377,226053,223810,97660,1660,311,12395,11937,7967,262,49,38988,38393,10408,260,36,174310,172479,86601,1291,383,147663,145896,74940,1179,350,2021,1934,1720,55,26,1691,1629,1432,46,0,1967,1901,1687,50,1,1639,1572,1389,46,3,2097,2038,1733,37,2,1779,1721,1448,24,1,3583,3430,1487,71,12,23804,23421,4590,109,5
2011-02-11,276679,273518,122149,2146,576,235903,233458,108630,1839,377,16462,15851,10933,318,25,12395,11937,7967,262,49,204668,202510,96196,1442,493,174310,172479,86601,1291,383,3394,3247,2796,83,10,2021,1934,1720,55,26,2615,2535,2181,53,2,1967,1901,1687,50,1,2300,2236,1867,43,3,2097,2038,1733,37,2,4655,4437,2461,104,6,3583,3430,1487,71,12
2011-02-18,198943,196179,100751,1561,514,276679,273518,122149,2146,576,11297,10642,9082,305,51,16462,15851,10933,318,25,237440,234926,110544,1727,512,204668,202510,96196,1442,493,3705,3439,2989,81,0,3394,3247,2796,83,10,2147,2098,1832,36,1,2615,2535,2181,53,2,2326,2261,1841,35,11,2300,2236,1867,43,3,1543,1390,1326,86,5,4655,4437,2461,104,6
2011-02-25,157345,155229,84555,1289,350,198943,196179,100751,1561,514,8961,8515,7105,236,7,11297,10642,9082,305,51,203723,201081,97545,1531,424,237440,234926,110544,1727,512,2688,2529,2208,67,4,3705,3439,2989,81,0,1635,1573,1396,40,1,2147,2098,1832,36,1,1847,1828,1398,10,0,2326,2261,1841,35,11,1293,1127,1104,78,2,1543,1390,1326,86,5
2011-03-04,48934,48003,28675,454,243,157345,155229,84555,1289,350,2736,2581,2193,79,5,8961,8515,7105,236,7,62754,61664,33204,531,301,203723,201081,97545,1531,424,709,688,574,16,0,2688,2529,2208,67,4,474,450,418,13,0,1635,1573,1396,40,1,651,638,529,8,0,1847,1828,1398,10,0,380,332,327,21,4,1293,1127,1104,78,2
2011-03-11,8431,7984,6767,180,65,48934,48003,28675,454,243,505,414,405,33,0,2736,2581,2193,79,5,10865,10128,8199,217,353,62754,61664,33204,531,301,138,112,108,5,2,709,688,574,16,0,220,89,88,4,0,474,450,418,13,0,93,92,89,1,0,651,638,529,8,0,89,56,56,13,0,380,332,327,21,4
2011-03-18,1624,1353,1211,51,202,8431,7984,6767,180,65,111,63,62,7,0,505,414,405,33,0,1958,1704,1510,61,126,10865,10128,8199,217,353,17,17,17,0,0,138,112,108,5,2,10,8,8,2,0,220,89,88,4,0,2,2,2,0,0,93,92,89,1,0,12,7,7,3,0,89,56,56,13,0
2011-03-25,396,250,213,58,0,1624,1353,1211,51,202,138,22,22,12,75,111,63,62,7,0,409,301,237,49,9,1958,1704,1510,61,126,56,4,4,4,46,17,17,17,0,0,11,5,5,3,0,10,8,8,2,0,8,8,8,0,0,2,2,2,0,0,10,7,7,3,0,12,7,7,3,0
2011-04-01,140733,138010,73128,1370,665,396,250,213,58,0,7813,7328,5896,219,49,138,22,22,12,75,181198,178318,84012,1656,624,409,301,237,49,9,2218,2106,1691,56,4,56,4,4,4,46,1447,1398,1258,33,2,11,5,5,3,0,1707,1674,1342,20,0,8,8,8,0,0,1314,1128,899,77,19,10,7,7,3,0
2011-04-08,139038,136579,76868,1340,562,140733,138010,73128,1370,665,6998,6614,5617,199,10,7813,7328,5896,219,49,180435,177427,88774,1605,716,181198,178318,84012,1656,624,1944,1860,1528,47,0,2218,2106,1691,56,4,1451,1407,1240,32,0,1447,1398,1258,33,2,1561,1545,1216,14,0,1707,1674,1342,20,0,1044,841,804,74,0,1314,1128,899,77,19
2011-04-15,152080,149144,84658,1312,872,139038,136579,76868,1340,562,8540,7939,6883,254,64,6998,6614,5617,199,10,195872,193124,97295,1689,557,180435,177427,88774,1605,716,2877,2626,2202,77,96,1944,1860,1528,47,0,1337,1289,1203,29,0,1451,1407,1240,32,0,1781,1753,1499,19,2,1561,1545,1216,14,0,1302,1096,1021,81,0,1044,841,804,74,0
2011-04-22,145027,144060,81452,771,125,152080,149144,84658,1312,872,7363,7179,6143,134,15,8540,7939,6883,254,64,187170,185863,93443,1009,189,195872,193124,97295,1689,557,2515,2461,2025,42,0,2877,2626,2202,77,96,1471,1445,1326,24,1,1337,1289,1203,29,0,1669,1661,1363,6,0,1781,1753,1499,19,2,958,895,864,41,2,1302,1096,1021,81,0
2011-04-29,111155,110450,61652,492,172,145027,144060,81452,771,125,6010,5873,4950,76,7,7363,7179,6143,134,15,143099,142419,70592,532,175,187170,185863,93443,1009,189,2278,2247,1757,26,0,2515,2461,2025,42,0,1097,1082,995,14,5,1471,1445,1326,24,1,1414,1404,1130,6,0,1669,1661,1363,6,0,758,693,665,30,0,958,895,864,41,2
2011-05-06,101666,101143,57300,399,112,111155,110450,61652,492,172,5400,5294,4483,61,16,6010,5873,4950,76,7,131143,130633,65828,446,109,143099,142419,70592,532,175,1931,1910,1596,20,2,2278,2247,1757,26,0,884,873,764,6,0,1097,1082,995,14,5,1238,1232,983,4,0,1414,1404,1130,6,0,655,622,609,19,0,758,693,665,30,0
2011-05-13,117740,116979,64890,587,176,101666,101143,57300,399,112,5058,4937,4269,87,19,5400,5294,4483,61,16,112226,111636,60349,467,111,131143,130633,65828,446,109,1801,1757,1503,16,2,1931,1910,1596,20,2,1066,1048,911,12,0,884,873,764,6,0,883,882,747,1,0,1238,1232,983,4,0,727,633,625,23,0,655,622,609,19,0
2011-05-20,79116,77937,48052,676,114,117740,116979,64890,587,176,3332,3092,2739,83,11,5058,4937,4269,87,19,61520,60776,39049,460,129,112226,111636,60349,467,111,890,855,767,20,0,1801,1757,1503,16,2,750,728,598,12,0,1066,1048,911,12,0,586,577,542,7,0,883,882,747,1,0,478,375,369,17,3,727,633,625,23,0
2011-05-27,61340,60328,39227,606,119,79116,77937,48052,676,114,2350,2234,2033,68,4,3332,3092,2739,83,11,48249,47486,31986,402,77,61520,60776,39049,460,129,606,587,534,12,2,890,855,767,20,0,515,486,458,18,1,750,728,598,12,0,372,361,342,6,0,586,577,542,7,0,360,306,304,28,2,478,375,369,17,3
2011-06-03,38721,37389,24696,524,389,61340,60328,39227,606,119,1341,1093,1020,51,50,2350,2234,2033,68,4,29727,29061,20116,380,40,48249,47486,31986,402,77,376,354,332,7,16,606,587,534,12,2,321,302,274,11,0,515,486,458,18,1,182,177,172,3,0,372,361,342,6,0,359,188,188,25,2,360,306,304,28,2
2011-06-10,128023,125412,72601,1412,325,38721,37389,24696,524,389,5108,4746,4238,164,19,1341,1093,1020,51,50,98818,96973,58661,1055,288,29727,29061,20116,380,40,1766,1482,1314,40,14,376,354,332,7,16,1027,968,887,37,2,321,302,274,11,0,852,832,756,12,3,182,177,172,3,0,978,796,770,65,25,359,188,188,25,2
2011-06-17,58306,57023,36959,679,178,128023,125412,72601,1412,325,2348,2055,1895,82,94,5108,4746,4238,164,19,44976,44098,29881,523,114,98818,96973,58661,1055,288,803,619,586,20,2,1766,1482,1314,40,14,500,466,411,17,1,1027,968,887,37,2,388,375,351,7,2,852,832,756,12,3,388,303,300,28,14,978,796,770,65,25
2011-06-24,107122,105257,61708,1186,236,58306,57023,36959,679,178,5447,5139,4498,132,12,2348,2055,1895,82,94,83659,82314,50362,855,223,44976,44098,29881,523,114,2280,2243,1934,26,8,803,619,586,20,2,971,912,847,32,5,500,466,411,17,1,852,834,754,12,1,388,375,351,7,2,881,627,617,71,34,388,303,300,28,14
2011-07-01,117746,115457,69578,1361,165,107122,105257,61708,1186,236,5886,5611,4952,150,21,5447,5139,4498,132,12,91329,89715,56170,950,169,83659,82314,50362,855,223,2749,2656,2211,42,4,2280,2243,1934,26,8,1034,992,905,24,4,971,912,847,32,5,818,808,727,6,1,852,834,754,12,1,841,647,638,69,0,881,627,617,71,34
2011-07-08,108317,104003,67658,1893,390,117746,115457,69578,1361,165,4723,4406,4030,119,56,5886,5611,4952,150,21,84726,81002,54860,1411,498,91329,89715,56170,950,169,1853,1787,1596,23,1,2749,2656,2211,42,4,919,852,819,36,3,1034,992,905,24,4,753,728,655,12,0,818,808,727,6,1,652,546,539,48,15,841,647,638,69,0
2011-07-15,159754,155461,91184,2303,276,108317,104003,67658,1893,390,9241,8369,6850,203,34,4723,4406,4030,119,56,123763,120445,73895,1812,221,84726,81002,54860,1411,498,3315,3179,2462,41,1,1853,1787,1596,23,1,1758,1698,1274,43,3,919,852,819,36,3,1179,1164,1039,13,0,753,728,655,12,0,1190,990,977,70,66,652,546,539,48,15
2011-07-22,205278,199855,113335,2855,364,159754,155461,91184,2303,276,10632,10076,8580,247,34,9241,8369,6850,203,34,158687,154686,91538,2088,260,123763,120445,73895,1812,221,4372,4247,3354,67,4,3315,3179,2462,41,1,1929,1811,1650,60,18,1758,1698,1274,43,3,1704,1672,1479,23,2,1179,1164,1039,13,0,1367,1178,1150,82,8,1190,990,977,70,66
2011-07-29,199332,195289,112640,2426,194,205278,199855,113335,2855,364,11211,10853,8403,225,35,10632,10076,8580,247,34,155484,152358,91602,1821,267,158687,154686,91538,2088,260,4938,4854,3168,58,4,4372,4247,3354,67,4,1893,1829,1655,44,2,1929,1811,1650,60,18,1642,1615,1399,14,3,1704,1672,1479,23,2,1300,1065,1039,79,45,1367,1178,1150,82,8
2011-08-05,163157,158693,91962,2075,705,199332,195289,112640,2426,194,7266,6836,6065,180,48,11211,10853,8403,225,35,115446,112757,69705,1452,210,155484,152358,91602,1821,267,3012,2874,2488,58,6,4938,4854,3168,58,4,1381,1270,1156,39,0,1893,1829,1655,44,2,997,974,876,14,2,1642,1615,1399,14,3,1119,954,932,79,6,1300,1065,1039,79,45
2011-08-12,174376,171070,93769,1910,252,163157,158693,91962,2075,705,8523,8070,6928,215,51,7266,6836,6065,180,48,160598,157748,85529,1677,203,115446,112757,69705,1452,210,3731,3627,2964,56,33,3012,2874,2488,58,6,1529,1449,1312,47,16,1381,1270,1156,39,0,1231,1218,1047,8,2,997,974,876,14,2,1071,889,875,71,39,1119,954,932,79,6
2011-08-19,200528,197173,107791,1961,641,174376,171070,93769,1910,252,10335,9716,7966,269,56,8523,8070,6928,215,51,195613,192764,102648,1758,454,160598,157748,85529,1677,203,4655,4409,3221,45,183,3731,3627,2964,56,33,1911,1837,1573,47,5,1529,1449,1312,47,16,1413,1382,1247,20,3,1231,1218,1047,8,2,1226,1099,1080,74,1,1071,889,875,71,39
2011-08-26,164009,161007,91765,1820,307,200528,197173,107791,1961,641,9016,8562,6620,228,32,10335,9716,7966,269,56,161412,158486,88029,1655,412,195613,192764,102648,1758,454,3921,3865,2577,44,10,4655,4409,3221,45,183,1762,1711,1301,33,1,1911,1837,1573,47,5,1148,1129,1015,11,0,1413,1382,1247,20,3,1065,854,838,84,8,1226,1099,1080,74,1
2011-09-02,193571,190219,102343,1946,486,164009,161007,91765,1820,307,9703,9186,7245,223,18,9016,8562,6620,228,32,190024,186735,98452,1833,911,161412,158486,88029,1655,412,4589,4482,3028,51,9,3921,3865,2577,44,10,1878,1784,1508,55,2,1762,1711,1301,33,1,1238,1220,1066,12,1,1148,1129,1015,11,0,1177,970,942,73,58,1065,854,838,84,8
2011-09-09,181469,175952,100222,2078,2453,193571,190219,102343,1946,486,8336,7865,6580,203,112,9703,9186,7245,223,18,177348,173169,96652,1960,1553,190024,186735,98452,1833,911,3160,3056,2493,58,7,4589,4482,3028,51,9,2011,1928,1438,36,11,1878,1784,1508,55,2,1135,1120,998,12,0,1238,1220,1066,12,1,993,896,853,59,9,1177,970,942,73,58
2011-09-16,167143,164056,93048,1774,688,181469,175952,100222,2078,2453,8863,7981,6709,207,81,8336,7865,6580,203,112,163618,160810,88843,1604,576,177348,173169,96652,1960,1553,3372,3260,2516,44,0,3160,3056,2493,58,7,1574,1510,1282,37,8,2011,1928,1438,36,11,1295,1219,1109,24,48,1135,1120,998,12,0,1233,961,932,62,108,993,896,853,59,9
2011-09-23,167183,164289,93190,1874,459,167143,164056,93048,1774,688,7947,7419,6348,224,49,8863,7981,6709,207,81,163066,160392,89135,1692,565,163618,160810,88843,1604,576,3251,3009,2417,50,182,3372,3260,2516,44,0,1375,1335,1192,32,0,1574,1510,1282,37,8,1101,1084,975,13,5,1295,1219,1109,24,48,1206,1056,997,77,8,1233,961,932,62,108
2011-09-30,164549,161863,95428,1603,553,167183,164289,93190,1874,459,8737,8095,6913,187,291,7947,7419,6348,224,49,150803,148760,87409,1383,461,163066,160392,89135,1692,565,3667,3598,2755,43,19,3251,3009,2417,50,182,1409,1325,1229,48,13,1375,1335,1192,32,0,1627,1581,1375,28,6,1101,1084,975,13,5,1307,1145,1114,89,7,1206,1056,997,77,8
2011-10-07,109990,106228,66954,1471,1259,164549,161863,95428,1603,553,4541,4137,3817,161,32,8737,8095,6913,187,291,99482,95902,60898,1269,1540,150803,148760,87409,1383,461,1759,1699,1541,30,9,3667,3598,2755,43,19,881,818,748,31,0,1409,1325,1229,48,13,851,834,778,12,3,1627,1581,1375,28,6,698,558,550,57,17,1307,1145,1114,89,7
2011-10-14,144689,140868,83081,1621,1346,109990,106228,66954,1471,1259,6656,6264,5593,198,59,4541,4137,3817,161,32,129711,127065,75468,1421,835,99482,95902,60898,1269,1540,2812,2715,2300,62,12,1759,1699,1541,30,9,1112,1048,965,36,0,881,818,748,31,0,1165,1143,1016,17,1,851,834,778,12,3,1242,872,853,86,14,698,558,550,57,17
2011-10-21,116706,113661,70895,1331,1133,144689,140868,83081,1621,1346,5870,5333,4708,185,131,6656,6264,5593,198,59,103855,101434,63550,1109,847,129711,127065,75468,1421,835,2287,2213,1844,43,11,2812,2715,2300,62,12,971,894,825,39,20,1112,1048,965,36,0,1194,1155,1076,25,2,1165,1143,1016,17,1,985,677,668,72,121,1242,872,853,86,14
2011-10-28,125985,123268,73839,1380,952,116706,113661,70895,1331,1133,6047,5599,4825,188,99,5870,5333,4708,185,131,112239,110339,66612,1110,456,103855,101434,63550,1109,847,2388,2322,1800,38,1,2287,2213,1844,43,11,938,873,820,33,1,971,894,825,39,20,1112,1101,983,9,4,1194,1155,1076,25,2,934,771,751,71,12,985,677,668,72,121
2011-11-04,126120,123465,72775,1279,897,125985,123268,73839,1380,952,5490,5097,4501,166,20,6047,5599,4825,188,99,113360,110936,66045,1131,1026,112239,110339,66612,1110,456,2272,2201,1863,39,9,2388,2322,1800,38,1,933,854,775,38,1,938,873,820,33,1,947,920,831,18,5,1112,1101,983,9,4,842,700,679,62,11,934,771,751,71,12
2011-11-11,102317,100713,61588,886,369,126120,123465,72775,1279,897,4896,4312,3820,161,170,5490,5097,4501,166,20,91495,90147,55577,806,232,113360,110936,66045,1131,1026,2067,1950,1657,36,5,2272,2201,1863,39,9,805,715,682,31,1,933,854,775,38,1,970,862,758,11,91,947,920,831,18,5,599,472,465,48,20,842,700,679,62,11
2011-11-18,140749,138105,79760,1440,159,102317,100713,61588,886,369,7107,6628,5464,213,4,4896,4312,3820,161,170,125244,123258,71917,1189,103,91495,90147,55577,806,232,3041,2978,2181,43,5,2067,1950,1657,36,5,1114,1037,956,35,2,805,715,682,31,1,1153,1132,986,13,2,970,862,758,11,91,1202,887,856,95,3,599,472,465,48,20
2011-11-25,118147,116179,66551,1094,59,140749,138105,79760,1440,159,5306,4888,4053,155,93,7107,6628,5464,213,4,106025,104610,60318,928,42,125244,123258,71917,1189,103,2272,2225,1646,27,2,3041,2978,2181,43,5,855,771,722,31,2,1114,1037,956,35,2,1013,980,821,15,0,1153,1132,986,13,2,784,615,602,61,3,1202,887,856,95,3
2011-12-02,141678,139172,80813,1547,87,118147,116179,66551,1094,59,6888,6277,5264,211,11,5306,4888,4053,155,93,127132,124957,72977,1265,69,106025,104610,60318,928,42,2987,2897,2297,42,0,2272,2225,1646,27,2,1155,1072,965,39,4,855,771,722,31,2,1114,1094,924,13,1,1013,980,821,15,0,1050,858,834,93,0,784,615,602,61,3
2011-12-09,307496,303393,157002,2843,140,141678,139172,80813,1547,87,15198,14268,11844,397,25,6888,6277,5264,211,11,296170,292712,148132,2503,174,127132,124957,72977,1265,69,6056,5901,4580,78,5,2987,2897,2297,42,0,2927,2801,2463,92,10,1155,1072,965,39,4,2702,2640,2174,40,4,1114,1094,924,13,1,2139,1875,1793,137,5,1050,858,834,93,0
2011-12-16,347876,343303,172439,3211,193,307496,303393,157002,2843,140,14834,14101,11312,399,21,15198,14268,11844,397,25,260273,257265,136446,2231,123,296170,292712,148132,2503,174,5917,5737,4364,108,14,6056,5901,4580,78,5,3083,2884,2533,111,10,2927,2801,2463,92,10,2500,2465,2075,28,2,2702,2640,2174,40,4,2290,1899,1656,160,5,2139,1875,1793,137,5
2011-12-23,261745,258122,135414,2604,100,347876,343303,172439,3211,193,10698,9979,8005,331,24,14834,14101,11312,399,21,196199,193850,107656,1766,81,260273,257265,136446,2231,123,4113,3999,3024,71,2,5917,5737,4364,108,14,2139,2060,1846,61,6,3083,2884,2533,111,10,1767,1715,1392,30,1,2500,2465,2075,28,2,1953,1682,1255,140,2,2290,1899,1656,160,5
2011-12-30,344397,341764,147439,1959,86,261745,258122,135414,2604,100,36090,35659,11808,311,22,10698,9979,8005,331,24,241136,239500,115682,1288,56,196199,193850,107656,1766,81,4341,4273,3129,38,7,4113,3999,3024,71,2,2009,1939,1720,48,8,2139,2060,1846,61,6,1847,1766,1485,8,2,1767,1715,1392,30,1,23668,23438,4598,173,0,1953,1682,1255,140,2
2012-01-06,439835,434829,183851,3494,176,344397,341764,147439,1959,86,66736,65557,20096,658,29,36090,35659,11808,311,22,283214,280137,137928,2146,117,241136,239500,115682,1288,56,5624,5449,4466,91,10,4341,4273,3129,38,7,3663,3491,3034,107,18,2009,1939,1720,48,8,2492,2445,1978,33,0,1847,1766,1485,8,2,49207,48695,9798,342,9,23668,23438,4598,173,0
2012-01-13,393021,387323,187246,3741,248,439835,434829,183851,3494,176,26543,25627,18125,500,34,66736,65557,20096,658,29,297696,293851,149125,2703,163,283214,280137,137928,2146,117,7608,7453,5746,98,12,5624,5449,4466,91,10,3810,3653,3225,107,15,3663,3491,3034,107,18,2757,2703,2233,34,2,2492,2445,1978,33,0,12478,11906,6922,244,7,49207,48695,9798,342,9
2012-01-20,412055,377991,186446,6270,548,393021,387323,187246,3741,248,78740,59130,19777,1387,148,26543,25627,18125,500,34,362104,345771,177508,5453,646,297696,293851,149125,2703,163,27833,27048,7855,317,18,7608,7453,5746,98,12,3988,3370,3010,201,9,3810,3653,3225,107,15,2954,2719,2249,88,5,2757,2703,2233,34,2,47988,29238,6785,790,614,12478,11906,6922,244,7
2012-01-27,499333,379104,187097,10134,2191,412055,377991,186446,6270,548,81747,68692,22443,1964,179,78740,59130,19777,1387,148,449833,337847,176087,9094,1381,362104,345771,177508,5453,646,36588,34222,10212,478,33,27833,27048,7855,317,18,4790,3337,2917,360,19,3988,3370,3010,201,9,3384,2964,2408,110,4,2954,2719,2249,88,5,42033,32435,7252,999,64,47988,29238,6785,790,614
2012-02-03,452052,374884,192766,10477,1563,499333,379104,187097,10134,2191,45690,29547,15915,1778,55,81747,68692,22443,1964,179,340326,290722,158233,7244,854,449833,337847,176087,9094,1381,9147,7627,5675,348,18,36588,34222,10212,478,33,5702,4618,3333,314,4,4790,3337,2917,360,19,2925,2671,2225,114,4,3384,2964,2408,110,4,31629,15622,5218,942,390,42033,32435,7252,999,64
2012-02-10,461690,423917,200410,9283,709,452052,374884,192766,10477,1563,72582,59736,21880,2033,109,45690,29547,15915,1778,55,328756,308391,162487,6208,471,340326,290722,158233,7244,854,15106,9474,7303,597,18,9147,7627,5675,348,18,4720,3422,2935,368,7,5702,4618,3333,314,4,3750,2974,2505,177,2,2925,2671,2225,114,4,48007,42531,9550,1011,47,31629,15622,5218,942,390
2012-02-17,385937,328769,173084,7497,740,461690,423917,200410,9283,709,58397,19833,15254,1774,73,72582,59736,21880,2033,109,315764,296896,155314,5337,445,328756,308391,162487,6208,471,33962,6863,5491,470,57,15106,9474,7303,597,18,4692,3166,2661,282,11,4720,3422,2935,368,7,2719,2379,2004,108,1,3750,2974,2505,177,2,12029,5699,3914,795,116,48007,42531,9550,1011,47
2012-02-24,378227,321498,177479,8002,996,385937,328769,173084,7497,740,40983,18935,15809,2124,236,58397,19833,15254,1774,73,358249,320228,170843,6287,910,315764,296896,155314,5337,445,12071,6248,5063,390,44,33962,6863,5491,470,57,5873,3576,3030,387,37,4692,3166,2661,282,11,4389,2500,2168,184,9,2719,2379,2004,108,1,13197,3628,3431,958,237,12029,5699,3914,795,116
2012-03-02,334228,290184,168103,7072,1159,378227,321498,177479,8002,996,46853,18656,15611,2024,290,40983,18935,15809,2124,236,390473,362618,192543,7001,954,358249,320228,170843,6287,910,8583,6071,5017,363,17,12071,6248,5063,390,44,7257,3773,3244,447,2,5873,3576,3030,387,37,2897,2546,2128,104,7,4389,2500,2168,184,9,17720,2409,2291,761,438,13197,3628,3431,958,237
2012-03-09,357026,309971,175133,6588,1155,334228,290184,168103,7072,1159,44131,32154,18319,1865,161,46853,18656,15611,2024,290,421894,372942,198206,6916,1930,390473,362618,192543,7001,954,7265,6293,5113,259,21,8583,6071,5017,363,17,6015,4453,3467,351,6,7257,3773,3244,447,2,2930,2703,2247,94,6,2897,2546,2128,104,7,19486,12290,4669,723,33,17720,2409,2291,761,438
2012-03-16,443041,403216,182668,6695,898,357026,309971,175133,6588,1155,144338,131123,26345,2157,178,44131,32154,18319,1865,161,416856,379578,202343,6777,1409,421894,372942,198206,6916,1930,15175,13136,8524,352,12,7265,6293,5113,259,21,7493,6086,3847,377,27,6015,4453,3467,351,6,2672,2364,2052,103,18,2930,2703,2247,94,6,92140,84014,12651,862,43,19486,12290,4669,723,33
2012-03-23,467474,370629,181122,7286,1565,443041,403216,182668,6695,898,120997,97452,24165,2055,160,144338,131123,26345,2157,178,386321,306890,167051,5721,1000,416856,379578,202343,6777,1409,26065,20421,11966,455,25,15175,13136,8524,352,12,15718,6137,3800,399,18,7493,6086,3847,377,27,2565,2257,1992,113,4,2672,2364,2052,103,18,57886,52693,10863,775,32,92140,84014,12651,862,43
2012-03-30,830989,337511,177129,7757,882,467474,370629,181122,7286,1565,637537,60398,21354,2530,107,120997,97452,24165,2055,160,361348,300060,164078,6000,622,386321,306890,167051,5721,1000,660293,18262,10896,1136,11,26065,20421,11966,455,25,12083,5548,3451,402,12,15718,6137,3800,399,18,2391,2077,1826,110,8,2565,2257,1992,113,4,25043,20967,7549,608,7,57886,52693,10863,775,32
2012-04-06,510891,319516,171822,7439,778,830989,337511,177129,7757,882,146886,42304,16173,2352,119,637537,60398,21354,2530,107,411475,296297,163556,5773,551,361348,300060,164078,6000,622,91372,6485,5264,551,38,660293,18262,10896,1136,11,18740,4642,3166,461,144,12083,5548,3451,402,12,3354,2380,2061,134,2,2391,2077,1826,110,8,23129,16645,3753,617,91,25043,20967,7549,608,7
2012-04-13,468189,297667,170270,7475,659,510891,319516,171822,7439,778,65804,25576,16217,2019,252,146886,42304,16173,2352,119,457620,310549,171710,6398,1132,411475,296297,163556,5773,551,24371,8231,5284,424,95,91372,6485,5264,551,38,12441,6202,3464,354,7,18740,4642,3166,461,144,2801,2436,2113,105,10,3354,2380,2061,134,2,12467,4726,3129,679,108,23129,16645,3753,617,91
2012-04-20,426809,305816,178252,7913,747,468189,297667,170270,7475,659,75162,27176,17471,2317,190,65804,25576,16217,2019,252,440554,360910,196397,7579,868,457620,310549,171710,6398,1132,20910,7747,5069,333,16,24371,8231,5284,424,95,13460,7678,4362,505,15,12441,6202,3464,354,7,3223,2405,2099,129,1,2801,2436,2113,105,10,9520,4393,2880,703,43,12467,4726,3129,679,108
2012-04-27,424359,317666,180522,7540,694,426809,305816,178252,7913,747,40806,29283,16847,2152,186,75162,27176,17471,2317,190,468896,373360,199704,7191,627,440554,360910,196397,7579,868,11552,9891,5394,276,22,20910,7747,5069,333,16,9506,7818,4597,468,21,13460,7678,4362,505,15,2571,2270,1969,115,3,3223,2405,2099,129,1,8829,4363,2385,709,79,9520,4393,2880,703,43
2012-05-04,474611,330605,181934,7495,1066,424359,317666,180522,7540,694,76468,45272,18813,2073,123,40806,29283,16847,2152,186,523133,370098,200246,6998,1063,468896,373360,199704,7191,627,36673,28656,8051,328,46,11552,9891,5394,276,22,20561,7929,4519,471,173,9506,7818,4597,468,21,6798,2233,1946,132,15,2571,2270,1969,115,3,6826,1949,1862,643,76,8829,4363,2385,709,79
2012-05-11,1267973,420761,212311,10954,1819,474611,330605,181934,7495,1066,103458,25695,17313,2480,218,76468,45272,18813,2073,123,1158499,400637,197928,8281,1002,523133,370098,200246,6998,1063,25881,11239,6823,538,88,36673,28656,8051,328,46,58348,7869,4820,627,43,20561,7929,4519,471,173,2426,2025,1782,112,45,6798,2233,1946,132,15,9024,2413,2307,824,89,6826,1949,1862,643,76
2012-05-18,590989,288767,158551,8676,1217,1267973,420761,212311,10954,1819,205263,31677,17195,2098,119,103458,25695,17313,2480,218,401494,283730,153313,7046,942,1158499,400637,197928,8281,1002,20614,18976,7714,313,6,25881,11239,6823,538,88,157399,6306,4156,706,63,58348,7869,4820,627,43,2180,1836,1665,120,12,2426,2025,1782,112,45,7215,2587,2453,814,37,9024,2413,2307,824,89
2012-05-25,2123713,309469,179463,9562,1048,590989,288767,158551,8676,1217,54396,23621,16021,2061,179,205263,31677,17195,2098,119,2161997,314030,176908,8100,837,401494,283730,153313,7046,942,13151,10850,6636,348,21,20614,18976,7714,313,6,25253,6272,4013,550,85,157399,6306,4156,706,63,2094,1879,1694,79,1,2180,1836,1665,120,12,11791,2549,2432,858,58,7215,2587,2453,814,37
2012-06-01,701192,285482,166026,7527,775,2123713,309469,179463,9562,1048,178816,19729,13990,1712,37,54396,23621,16021,2061,179,595991,290572,164515,6387,939,2161997,314030,176908,8100,837,8611,7914,5430,232,22,13151,10850,6636,348,21,6668,5479,3453,336,20,25253,6272,4013,550,85,1766,1612,1441,62,6,2094,1879,1694,79,1,138459,2425,2293,841,18,11791,2549,2432,858,58
2012-06-08,375291,275365,160601,6536,1183,701192,285482,166026,7527,775,76792,21851,16042,2136,127,178816,19729,13990,1712,37,369805,300887,165670,5625,1019,595991,290572,164515,6387,939,42223,9679,6808,619,99,8611,7914,5430,232,22,10554,6276,4009,442,20,6668,5479,3453,336,20,2353,2024,1802,97,24,1766,1612,1441,62,6,6876,1959,1883,596,23,138459,2425,2293,841,18
2012-06-15,378932,335994,192412,7348,827,375291,275365,160601,6536,1183,41720,22817,16570,1868,87,76792,21851,16042,2136,127,306522,278463,162900,5031,590,369805,300887,165670,5625,1019,12423,9752,6818,381,13,42223,9679,6808,619,99,13025,7348,4458,448,26,10554,6276,4009,442,20,2534,2158,1896,104,8,2353,2024,1802,97,24,9071,2066,1982,597,8,6876,1959,1883,596,23
2012-06-22,348822,308964,176585,7938,838,378932,335994,192412,7348,827,39593,22038,16056,1846,194,41720,22817,16570,1868,87,276352,255322,148640,5478,652,306522,278463,162900,5031,590,16743,10562,7391,477,93,12423,9752,6818,381,13,9102,6647,3925,389,16,13025,7348,4458,448,26,2089,1899,1664,82,4,2534,2158,1896,104,8,8928,2054,1992,566,16,9071,2066,1982,597,8
2012-06-29,798871,317067,183044,8080,970,348822,308964,176585,7938,838,42200,27286,20766,1637,106,39593,22038,16056,1846,194,658922,258311,150823,5588,534,276352,255322,148640,5478,652,15341,13564,9977,282,16,16743,10562,7391,477,93,9465,8168,5817,358,30,9102,6647,3925,389,16,7821,2756,2537,145,45,2089,1899,1664,82,4,6178,1969,1884,573,22,8928,2054,1992,566,16
2012-07-06,402161,304680,176707,8220,691,798871,317067,183044,8080,970,55214,21459,15327,1775,81,42200,27286,20766,1637,106,334046,265798,155769,6215,814,658922,258311,150823,5588,534,11655,9229,6268,255,30,15341,13564,9977,282,16,22830,5761,3698,431,6,9465,8168,5817,358,30,3099,2013,1820,118,87,7821,2756,2537,145,45,4742,1822,1731,484,15,6178,1969,1884,573,22
2012-07-13,686997,305387,180388,8628,1109,402161,304680,176707,8220,691,64342,23465,17265,2321,182,55214,21459,15327,1775,81,624352,291151,169343,6927,693,334046,265798,155769,6215,814,24068,9928,6888,450,17,11655,9229,6268,255,30,13309,5420,3624,418,61,22830,5761,3698,431,6,2813,2468,2269,126,1,3099,2013,1820,118,87,10600,2125,2041,662,24,4742,1822,1731,484,15
2012-07-20,419894,304211,180331,7298,733,686997,305387,180388,8628,1109,54205,20983,15582,2003,115,64342,23465,17265,2321,182,405329,307530,177329,6118,587,624352,291151,169343,6927,693,12557,8251,5724,331,30,24068,9928,6888,450,17,8395,5181,3498,332,16,13309,5420,3624,418,61,12825,2482,2205,225,49,2813,2468,2269,126,1,5248,1896,1824,561,24,10600,2125,2041,662,24
2012-07-27,728498,337126,198833,8091,662,419894,304211,180331,7298,733,308614,25029,19038,2328,256,54205,20983,15582,2003,115,722616,340726,195216,6871,717,405329,307530,177329,6118,587,18948,10309,7531,388,41,12557,8251,5724,331,30,245949,6146,4283,671,45,8395,5181,3498,332,16,3342,2419,2155,139,32,12825,2482,2205,225,49,5278,2093,2014,555,95,5248,1896,1824,561,24
2012-08-03,477659,393693,227778,10150,1394,728498,337126,198833,8091,662,48500,28518,19847,2247,394,308614,25029,19038,2328,256,474937,407535,227826,9055,1451,722616,340726,195216,6871,717,23289,13755,8836,490,21,18948,10309,7531,388,41,7379,5735,4377,453,35,245949,6146,4283,671,45,4078,3139,2775,156,25,3342,2419,2155,139,32,7634,2631,2485,768,102,5278,2093,2014,555,95
2012-08-10,465306,402211,227965,11010,1323,477659,393693,227778,10150,1394,53199,20016,15755,2531,262,48500,28518,19847,2247,394,448224,415472,227952,9554,753,474937,407535,227826,9055,1451,24845,9453,6597,698,42,23289,13755,8836,490,21,9494,3669,3265,502,12,7379,5735,4377,453,35,8447,2609,2208,229,10,4078,3139,2775,156,25,6008,2415,2301,772,26,7634,2631,2485,768,102
2012-08-17,554087,380757,215735,12476,979,465306,402211,227965,11010,1323,35610,20105,15000,2349,169,53199,20016,15755,2531,262,576025,390695,216040,11738,792,448224,415472,227952,9554,753,14110,9069,5734,385,17,24845,9453,6597,698,42,5716,3396,3008,487,24,9494,3669,3265,502,12,3418,2777,2142,150,21,8447,2609,2208,229,10,6943,2572,2458,890,90,6008,2415,2301,772,26
2012-08-24,1046846,392025,221965,13709,1113,554087,380757,215735,12476,979,39433,19822,15438,2592,463,35610,20105,15000,2349,169,1136650,390363,217114,12468,2332,576025,390695,216040,11738,792,14058,8280,5656,390,100,14110,9069,5734,385,17,6151,3964,3470,534,32,5716,3396,3008,487,24,4909,3226,2440,180,26,3418,2777,2142,150,21,10643,2775,2679,1082,102,6943,2572,2458,890,90
2012-08-31,1805252,373046,208248,13563,894,1046846,392025,221965,13709,1113,548355,20629,15235,2791,850,39433,19822,15438,2592,463,1878875,359099,198417,11782,905,1136650,390363,217114,12468,2332,680667,10024,6897,980,101,14058,8280,5656,390,100,7165,5191,3763,532,48,6151,3964,3470,534,32,3624,3189,2246,183,12,4909,3226,2440,180,26,7340,2259,2201,773,124,10643,2775,2679,1082,102
2012-09-07,862355,399926,220519,17583,1831,1805252,373046,208248,13563,894,100822,23156,16895,2586,830,548355,20629,15235,2791,850,631940,320640,183024,12829,1406,1878875,359099,198417,11782,905,17883,11566,7742,538,35,680667,10024,6897,980,101,12181,6859,4291,642,26,7165,5191,3763,532,48,3859,3299,2525,183,11,3624,3189,2246,183,12,54994,2695,2567,947,118,7340,2259,2201,773,124
2012-09-14,3718636,394789,215371,18823,1395,862355,399926,220519,17583,1831,79597,24689,17625,2711,244,100822,23156,16895,2586,830,2981076,308506,175333,13530,872,631940,320640,183024,12829,1406,24578,12548,8326,600,189,17883,11566,7742,538,35,18198,7238,4535,742,92,12181,6859,4291,642,26,26240,3910,2863,333,21,3859,3299,2525,183,11,11931,2778,2642,921,113,54994,2695,2567,947,118
2012-09-21,746964,448008,256946,17103,1825,3718636,394789,215371,18823,1395,45810,29433,19882,2618,212,79597,24689,17625,2711,244,626838,382881,223287,13178,1184,2981076,308506,175333,13530,872,18938,14036,8889,561,31,24578,12548,8326,600,189,11034,6666,4163,589,61,18198,7238,4535,742,92,4465,3863,2791,219,37,26240,3910,2863,333,21,7838,2468,2360,770,36,11931,2778,2642,921,113
2012-09-28,745364,432728,240949,17759,1416,746964,448008,256946,17103,1825,44950,28997,19702,2688,368,45810,29433,19882,2618,212,611475,360623,205714,13391,803,626838,382881,223287,13178,1184,16966,13959,9015,502,58,18938,14036,8889,561,31,8340,7008,4246,574,56,11034,6666,4163,589,61,4573,4034,2896,240,39,4465,3863,2791,219,37,12398,2436,2356,782,47,7838,2468,2360,770,36
2012-10-05,714355,456991,253078,19920,1866,745364,432728,240949,17759,1416,43553,27165,19279,2864,258,44950,28997,19702,2688,368,556533,365822,210089,14435,1268,611475,360623,205714,13391,803,16458,13159,8938,587,106,16966,13959,9015,502,58,14078,7179,4394,681,183,8340,7008,4246,574,56,5191,4045,2993,282,36,4573,4034,2896,240,39,8268,2591,2436,807,50,12398,2436,2356,782,47
2012-10-12,1017661,409354,227128,17016,1621,714355,456991,253078,19920,1866,345795,25561,18370,2990,326,43553,27165,19279,2864,258,623639,383127,211241,14592,706,556533,365822,210089,14435,1268,412682,13665,9769,1220,130,16458,13159,8938,587,106,41382,6785,4115,644,73,14078,7179,4394,681,183,5313,3593,2653,194,40,5191,4045,2993,282,36,6017,2376,2208,626,60,8268,2591,2436,807,50
2012-10-19,1938493,411368,225958,19744,1665,1017661,409354,227128,17016,1621,110331,24816,18932,3223,1017,345795,25561,18370,2990,326,1771807,389647,212289,16760,1141,623639,383127,211241,14592,706,85040,12675,8918,882,633,412682,13665,9769,1220,130,11097,6460,4779,688,149,41382,6785,4115,644,73,13030,3809,2755,288,37,5313,3593,2653,194,40,9790,2657,2518,907,95,6017,2376,2208,626,60
2012-10-26,664717,412366,226580,18789,1386,1938493,411368,225958,19744,1665,96946,28032,20206,3190,488,110331,24816,18932,3223,1017,448664,311954,179026,12647,999,1771807,389647,212289,16760,1141,64762,13455,9013,792,35,85040,12675,8918,882,633,10846,7671,4971,728,32,11097,6460,4779,688,149,8510,3697,2810,262,143,13030,3809,2755,288,37,15086,2853,2713,986,79,9790,2657,2518,907,95
2012-11-02,1755249,426487,232124,21035,3791,664717,412366,226580,18789,1386,38991,24963,18081,2476,206,96946,28032,20206,3190,488,1121226,278336,165088,12621,2906,448664,311954,179026,12647,999,17442,12437,8480,618,28,64762,13455,9013,792,35,8542,6109,4063,547,36,10846,7671,4971,728,32,4372,3090,2351,194,5,8510,3697,2810,262,143,5320,2281,2201,711,31,15086,2853,2713,986,79
2012-11-09,897964,432972,232850,19235,1328,1755249,426487,232124,21035,3791,272350,27715,20545,3826,352,38991,24963,18081,2476,206,419970,260813,155094,9953,811,1121226,278336,165088,12621,2906,34034,13529,9147,854,117,17442,12437,8480,618,28,8253,6237,4394,635,33,8542,6109,4063,547,36,4185,3204,2585,242,39,4372,3090,2351,194,5,117236,2686,2584,1030,112,5320,2281,2201,711,31
2012-11-16,707493,456233,239054,17555,1172,897964,432972,232850,19235,1328,50406,26371,19277,3036,257,272350,27715,20545,3826,352,434236,282028,162599,9535,693,419970,260813,155094,9953,811,20097,12242,8343,673,87,34034,13529,9147,854,117,9044,6398,4258,616,29,8253,6237,4394,635,33,3463,2985,2333,187,35,4185,3204,2585,242,39,11121,2451,2365,894,61,117236,2686,2584,1030,112
2012-11-23,2910241,357260,201466,15189,1012,707493,456233,239054,17555,1172,38192,20207,15399,2358,145,50406,26371,19277,3036,257,2620947,298220,172050,11423,1028,434236,282028,162599,9535,693,17173,9807,6603,495,20,20097,12242,8343,673,87,6397,4077,3339,479,42,9044,6398,4258,616,29,3279,2746,2091,133,11,3463,2985,2333,187,35,6399,1994,1914,650,43,11121,2451,2365,894,61
2012-11-30,1086853,319131,176264,10871,991,2910241,357260,201466,15189,1012,50042,26250,19205,2060,321,38192,20207,15399,2358,145,1110173,311932,168729,9633,1840,2620947,298220,172050,11423,1028,18998,10005,7143,459,42,17173,9807,6603,495,20,9525,6713,4442,501,23,6397,4077,3339,479,42,6002,3822,2870,185,19,3279,2746,2091,133,11,9692,3013,2900,592,51,6399,1994,1914,650,43
2012-12-07,484940,317953,176551,11628,1261,1086853,319131,176264,10871,991,45034,25805,18633,2232,284,50042,26250,19205,2060,321,480562,308697,167165,10134,1318,1110173,311932,168729,9633,1840,17639,10433,7110,501,65,18998,10005,7143,459,42,9654,7172,4520,583,35,9525,6713,4442,501,23,3909,3523,2572,141,23,6002,3822,2870,185,19,7886,2676,2558,639,57,9692,3013,2900,592,51
2012-12-14,371675,330331,183107,7487,672,484940,317953,176551,11628,1261,32811,26811,19329,1233,375,45034,25805,18633,2232,284,363102,322266,175580,6962,1047,480562,308697,167165,10134,1318,12281,10186,7139,211,59,17639,10433,7110,501,65,8939,7489,4684,343,24,9654,7172,4520,583,35,4030,3723,2777,107,32,3909,3523,2572,141,23,3662,2728,2611,312,85,7886,2676,2558,639,57
2012-12-21,313097,306992,173382,4255,647,371675,330331,183107,7487,672,24879,23580,16976,640,186,32811,26811,19329,1233,375,342985,336810,180605,4486,742,363102,322266,175580,6962,1047,9938,9764,6562,133,16,12281,10186,7139,211,59,6433,6151,3938,151,15,8939,7489,4684,343,24,3302,3134,2343,71,20,4030,3723,2777,107,32,3205,2689,2572,225,87,3662,2728,2611,312,85
2012-12-28,241571,238392,137776,1843,371,313097,306992,173382,4255,647,15678,15125,10214,254,153,24879,23580,16976,640,186,262394,259822,144636,1801,250,342985,336810,180605,4486,742,8065,7805,4903,60,110,9938,9764,6562,133,16,4084,3949,2492,69,34,6433,6151,3938,151,15,2225,2180,1518,21,10,3302,3134,2343,71,20,1290,1126,1087,67,23,3205,2689,2572,225,87
2013-01-04,269521,264191,149958,2697,455,241571,238392,137776,1843,371,21021,19717,14120,505,119,15678,15125,10214,254,153,288960,284342,154442,2604,714,262394,259822,144636,1801,250,9736,9240,5972,100,71,8065,7805,4903,60,110,5977,5611,3616,154,36,4084,3949,2492,69,34,2642,2563,1857,39,6,2225,2180,1518,21,10,2628,2179,2108,168,78,1290,1126,1087,67,23
2013-01-11,365230,324174,184214,4045,876,269521,264191,149958,2697,455,28193,26136,19863,859,362,21021,19717,14120,505,119,355157,349061,187943,3973,753,288960,284342,154442,2604,714,12129,11784,8200,186,66,9736,9240,5972,100,71,8402,7888,5514,276,72,5977,5611,3616,154,36,3201,3102,2358,61,11,2642,2563,1857,39,6,4096,3498,3380,279,74,2628,2179,2108,168,78
2013-01-18,361757,353639,204948,4708,1084,365230,324174,184214,4045,876,38944,36867,29007,927,392,28193,26136,19863,859,362,365257,356127,196041,4309,820,355157,349061,187943,3973,753,12510,12246,7921,159,30,12129,11784,8200,186,66,16838,16425,13915,250,51,8402,7888,5514,276,72,4280,3946,2880,85,191,3201,3102,2358,61,11,4059,3406,3309,280,43,4096,3498,3380,279,74
2013-01-25,391652,383139,206022,5336,864,361757,353639,204948,4708,1084,33043,30658,21970,949,314,38944,36867,29007,927,392,346117,339396,183477,4179,925,365257,356127,196041,4309,820,11168,10716,7354,159,19,12510,12246,7921,159,30,8382,7998,5208,233,66,16838,16425,13915,250,51,4559,4319,3086,95,52,4280,3946,2880,85,191,4037,3345,3243,249,156,4059,3406,3309,280,43
2013-02-01,367694,358318,193971,6052,923,391652,383139,206022,5336,864,32099,29875,21857,922,370,33043,30658,21970,949,314,325012,317118,171841,5032,693,346117,339396,183477,4179,925,11039,10514,7500,150,301,11168,10716,7354,159,19,8190,7764,5140,219,33,8382,7998,5208,233,66,4352,4174,2906,103,37,4559,4319,3086,95,52,3825,3198,3087,246,61,4037,3345,3243,249,156
2013-02-08,383732,372408,206776,6534,990,367694,358318,193971,6052,923,34525,31898,23208,1029,794,32099,29875,21857,922,370,341957,329131,183309,5374,753,325012,317118,171841,5032,693,11365,11141,7565,154,56,11039,10514,7500,150,301,8287,7792,5268,246,140,8190,7764,5140,219,33,5001,4807,3504,118,20,4352,4174,2906,103,37,3672,3062,2986,237,89,3825,3198,3087,246,61
2013-02-15,351750,333570,196642,7691,4271,383732,372408,206776,6534,990,33151,30516,23585,1199,447,34525,31898,23208,1029,794,385822,365562,202891,7951,1361,341957,329131,183309,5374,753,14311,13432,9977,300,97,11365,11141,7565,154,56,8074,7479,5314,269,49,8287,7792,5268,246,140,4477,4301,3376,108,32,5001,4807,3504,118,20,4078,3214,3116,279,242,3672,3062,2986,237,89
2013-02-22,314713,302986,182350,7963,890,351750,333570,196642,7691,4271,34133,31032,24157,1242,686,33151,30516,23585,1199,447,387440,374648,204861,9417,1083,385822,365562,202891,7951,1361,13432,12890,9297,242,86,14311,13432,9977,300,97,7846,7315,5255,305,26,8074,7479,5314,269,49,4656,4358,3282,133,116,4477,4301,3376,108,32,5352,4609,4460,343,119,4078,3214,3116,279,242
2013-03-01,343709,328937,201566,8387,1201,314713,302986,182350,7963,890,41055,31855,24952,1241,282,34133,31032,24157,1242,686,424609,409342,229852,9780,898,387440,374648,204861,9417,1083,12012,11544,8175,278,59,13432,12890,9297,242,86,8490,7852,5868,351,49,7846,7315,5255,305,26,4600,4419,3166,120,26,4656,4358,3282,133,116,5978,5138,5009,330,167,5352,4609,4460,343,119
2013-03-08,326275,311866,194017,7613,1147,343709,328937,201566,8387,1201,35036,32395,26044,1218,242,41055,31855,24952,1241,282,408078,394024,224997,9089,1446,424609,409342,229852,9780,898,8967,8525,6470,192,71,12012,11544,8175,278,59,7866,7253,5473,343,95,8490,7852,5868,351,49,3945,3759,2994,133,11,4600,4419,3166,120,26,7167,6301,6161,337,148,5978,5138,5009,330,167
2013-03-15,314349,300898,187133,8269,1226,326275,311866,194017,7613,1147,30399,28227,22629,1068,360,35036,32395,26044,1218,242,382191,367628,211107,9402,1067,408078,394024,224997,9089,1446,9853,9390,6957,211,148,8967,8525,6470,192,71,7928,7284,5349,374,79,7866,7253,5473,343,95,4244,4069,3143,120,4,3945,3759,2994,133,11,6833,6051,5893,342,200,7167,6301,6161,337,148
2013-03-22,330694,317663,195540,8546,979,314349,300898,187133,8269,1226,33240,29240,22481,1162,223,30399,28227,22629,1068,360,344385,332117,196369,8612,937,382191,367628,211107,9402,1067,10220,9926,6701,187,29,9853,9390,6957,211,148,9276,8570,5894,418,42,7928,7284,5349,374,79,4729,4489,3506,141,26,4244,4069,3143,120,4,6602,5886,5725,329,78,6833,6051,5893,342,200
2013-03-29,285886,274055,168747,7778,1261,330694,317663,195540,8546,979,23887,22094,16551,927,266,33240,29240,22481,1162,223,295048,284858,169271,7673,748,344385,332117,196369,8612,937,8893,8520,5943,212,47,10220,9926,6701,187,29,8403,7213,5034,348,21,9276,8570,5894,418,42,3647,3470,2641,111,35,4729,4489,3506,141,26,3588,2993,2776,254,65,6602,5886,5725,329,78
2013-04-05,286392,274501,168850,7696,1508,285886,274055,168747,7778,1261,25335,23066,17426,999,441,23887,22094,16551,927,266,297152,276654,164616,7518,901,295048,284858,169271,7673,748,9024,8678,6244,188,33,8893,8520,5943,212,47,8097,7471,5037,386,53,8403,7213,5034,348,21,3656,3456,2702,131,10,3647,3470,2641,111,35,4493,3509,3234,303,304,3588,2993,2776,254,65
2013-04-12,409595,395974,225033,9328,1257,286392,274501,168850,7696,1508,32794,30872,23247,1034,235,25335,23066,17426,999,441,325401,315854,184527,7237,812,297152,276654,164616,7518,901,11813,11389,8108,187,105,9024,8678,6244,188,33,10794,10060,6647,382,21,8097,7471,5037,386,53,4509,4304,3333,119,52,3656,3456,2702,131,10,5520,4868,4550,338,67,4493,3509,3234,303,304
2013-04-19,385410,373068,215004,8636,995,409595,395974,225033,9328,1257,33594,31674,23344,1027,247,32794,30872,23247,1034,235,385028,374005,208338,8282,819,325401,315854,184527,7237,812,11058,10774,7465,175,41,11813,11389,8108,187,105,11129,10532,6878,378,47,10794,10060,6647,382,21,4764,4585,3480,116,29,4509,4304,3333,119,52,5605,4868,4635,333,69,5520,4868,4550,338,67
2013-04-26,385943,371467,218498,8532,2528,385410,373068,215004,8636,995,31900,29800,22340,1042,232,33594,31674,23344,1027,247,386640,374939,214116,8614,1155,385028,374005,208338,8282,819,11141,10812,7463,200,45,11058,10774,7465,175,41,8959,8419,5982,334,56,11129,10532,6878,378,47,4410,4252,3195,117,27,4764,4585,3480,116,29,5945,5001,4620,328,376,5605,4868,4635,333,69
2013-05-03,411145,396868,220373,10109,2114,385943,371467,218498,8532,2528,30044,28042,20406,1036,399,31900,29800,22340,1042,232,355333,343912,191583,8314,1508,386640,374939,214116,8614,1155,10873,10531,7094,169,63,11141,10812,7463,200,45,10299,9158,6122,395,599,8959,8419,5982,334,56,4839,4620,3561,128,41,4410,4252,3195,117,27,5515,4701,4250,319,124,5945,5001,4620,328,376
2013-05-10,392424,379421,217242,8568,2913,411145,396868,220373,10109,2114,28227,26432,19694,942,365,30044,28042,20406,1036,399,340745,330699,189314,6982,2499,355333,343912,191583,8314,1508,10170,9884,6876,175,61,10873,10531,7094,169,63,8520,7972,5780,349,26,10299,9158,6122,395,599,4661,4473,3465,132,23,4839,4620,3561,128,41,5504,4769,4347,295,134,5515,4701,4250,319,124
2013-05-17,355571,341000,200158,8573,3388,392424,379421,217242,8568,2913,28342,26480,19904,956,308,28227,26432,19694,942,365,349829,337289,190525,7939,2736,340745,330699,189314,6982,2499,8689,8469,5777,145,52,10170,9884,6876,175,61,9308,8630,6385,313,165,8520,7972,5780,349,26,4320,4156,3183,122,16,4661,4473,3465,132,23,5961,5257,4752,284,91,5504,4769,4347,295,134
2013-05-24,346267,334229,201951,8167,2676,355571,341000,200158,8573,3388,27822,25963,19147,973,219,28342,26480,19904,956,308,348218,337914,196818,7623,2532,349829,337289,190525,7939,2736,9127,8839,6071,166,78,8689,8469,5777,145,52,8466,7687,5462,318,39,9308,8630,6385,313,165,4006,3817,2905,106,44,4320,4156,3183,122,16,5788,5125,4473,325,58,5961,5257,4752,284,91
2013-05-31,306615,296964,181892,6684,2507,346267,334229,201951,8167,2676,31899,29924,21385,1060,339,27822,25963,19147,973,219,337828,328499,190165,7023,2554,348218,337914,196818,7623,2532,9570,8898,6311,194,73,9127,8839,6071,166,78,8523,8115,5345,287,50,8466,7687,5462,318,39,4748,4562,3552,130,17,4006,3817,2905,106,44,6224,5438,4594,303,54,5788,5125,4473,325,58
2013-06-07,317768,306119,193589,7207,2622,306615,296964,181892,6684,2507,32947,30630,22052,1106,302,31899,29924,21385,1060,339,349364,336407,202268,7577,2887,337828,328499,190165,7023,2554,9850,9445,6525,186,63,9570,8898,6311,194,73,8694,8228,5681,287,31,8523,8115,5345,287,50,4237,4088,3075,115,13,4748,4562,3552,130,17,6851,5920,5085,372,209,6224,5438,4594,303,54
2013-06-14,310636,298947,188452,7666,2876,317768,306119,193589,7207,2622,29478,27155,21065,1205,292,32947,30630,22052,1106,302,321512,310957,188877,7738,2642,349364,336407,202268,7577,2887,10452,9709,6853,235,94,9850,9445,6525,186,63,7416,6798,5396,364,51,8694,8228,5681,287,31,4421,4191,3256,172,35,4237,4088,3075,115,13,5934,4999,4608,330,138,6851,5920,5085,372,209
2013-06-21,285907,271852,166351,8138,2597,310636,298947,188452,7666,2876,25535,23464,18924,1068,271,29478,27155,21065,1205,292,284714,273409,162350,8148,2799,321512,310957,188877,7738,2642,9332,8937,6175,214,77,10452,9709,6853,235,94,5725,5161,4497,307,106,7416,6798,5396,364,51,3860,3583,2905,142,12,4421,4191,3256,172,35,5309,4496,4303,349,141,5934,4999,4608,330,138
2013-06-28,303546,289335,171785,9903,3116,285907,271852,166351,8138,2597,25403,23016,19030,1041,644,25535,23464,18924,1068,271,284071,272255,159162,8598,2989,284714,273409,162350,8148,2799,9295,9007,6334,186,29,9332,8937,6175,214,77,5466,4972,4371,265,68,5725,5161,4497,307,106,4109,3619,3010,111,198,3860,3583,2905,142,12,5906,5048,4831,363,219,5309,4496,4303,349,141
2013-07-05,269695,260180,147809,6521,2388,303546,289335,171785,9903,3116,23666,21883,17753,866,283,25403,23016,19030,1041,644,253029,244780,136159,5895,1922,284071,272255,159162,8598,2989,8498,8256,5524,134,30,9295,9007,6334,186,29,5138,4750,4051,222,41,5466,4972,4371,265,68,3885,3643,2896,116,118,4109,3619,3010,111,198,6141,5088,4823,312,121,5906,5048,4831,363,219
2013-07-12,271467,263462,146731,4947,2246,269695,260180,147809,6521,2388,27493,25449,20483,907,335,23666,21883,17753,866,283,265095,257622,138110,4823,1954,253029,244780,136159,5895,1922,10588,10000,7176,145,348,8498,8256,5524,134,30,5572,5220,4561,155,62,5138,4750,4051,222,41,4416,4124,3018,250,16,3885,3643,2896,116,118,6262,5365,5039,243,196,6141,5088,4823,312,121
2013-07-19,275282,259217,153179,10630,2936,271467,263462,146731,4947,2246,27960,24681,20656,1600,316,27493,25449,20483,907,335,292274,276764,154434,10920,2761,265095,257622,138110,4823,1954,8464,7826,6329,341,118,10588,10000,7176,145,348,5660,5083,4386,334,31,5572,5220,4561,155,62,4356,4028,3190,237,19,4416,4124,3018,250,16,6540,5259,5017,509,193,6262,5365,5039,243,196
2013-07-26,310215,285674,163822,13671,2899,275282,259217,153179,10630,2936,27939,24264,19602,1622,301,27960,24681,20656,1600,316,281634,260561,146146,12004,4486,292274,276764,154434,10920,2761,8510,8074,6418,307,48,8464,7826,6329,341,118,6500,5627,4719,424,66,5660,5083,4386,334,31,4049,3752,2942,203,35,4356,4028,3190,237,19,6206,4921,4649,516,113,6540,5259,5017,509,193
2013-08-02,356441,322413,185276,21716,3801,310215,285674,163822,13671,2899,28720,23658,19408,2130,769,27939,24264,19602,1622,301,296643,270018,155924,17463,3639,281634,260561,146146,12004,4486,8463,7753,5858,419,43,8510,8074,6418,307,48,6490,5354,4693,508,118,6500,5627,4719,424,66,4424,3886,3115,293,95,4049,3752,2942,203,35,6456,4837,4621,637,182,6206,4921,4649,516,113
2013-08-09,353925,321452,181856,20680,3620,356441,322413,185276,21716,3801,27632,23210,18319,1991,561,28720,23658,19408,2130,769,295135,270384,154241,17097,2170,296643,270018,155924,17463,3639,9255,8320,5743,402,248,8463,7753,5858,419,43,5773,4886,4200,464,120,6490,5354,4693,508,118,3668,3260,2497,235,10,4424,3886,3115,293,95,6970,5003,4790,711,120,6456,4837,4621,637,182
2013-08-16,371642,336500,192748,22502,3545,353925,321452,181856,20680,3620,28949,24036,19150,2051,586,27632,23210,18319,1991,561,324638,296650,168759,19212,2556,295135,270384,154241,17097,2170,10257,9343,6412,442,46,9255,8320,5743,402,248,6647,5069,4464,483,135,5773,4886,4200,464,120,3839,3359,2602,284,35,3668,3260,2497,235,10,6942,5046,4874,671,158,6970,5003,4790,711,120
2013-08-23,373365,335110,193085,22597,2677,371642,336500,192748,22502,3545,29457,24313,20125,2134,726,28949,24036,19150,2051,586,336373,307679,173099,20168,2249,324638,296650,168759,19212,2556,9287,8390,6123,481,130,10257,9343,6412,442,46,6693,5560,4873,563,65,6647,5069,4464,483,135,4111,3633,2810,320,12,3839,3359,2602,284,35,7477,5670,5440,704,208,6942,5046,4874,671,158
2013-08-30,354179,321790,183462,21556,2515,373365,335110,193085,22597,2677,26402,21452,18199,2134,777,29457,24313,20125,2134,726,340116,309314,171626,20433,2000,336373,307679,173099,20168,2249,8766,7904,6200,550,109,9287,8390,6123,481,130,6215,5262,4533,486,30,6693,5560,4873,563,65,3800,3386,2615,295,24,4111,3633,2810,320,12,6196,4549,4408,634,161,7477,5670,5440,704,208
2013-09-06,357800,321608,186194,23516,3334,354179,321790,183462,21556,2515,26482,21316,18085,2051,996,26402,21452,18199,2134,777,344442,310663,174191,22171,2111,340116,309314,171626,20433,2000,8273,7450,5810,570,86,8766,7904,6200,550,109,6214,5228,4545,489,50,6215,5262,4533,486,30,3642,3223,2569,247,24,3800,3386,2615,295,24,6038,4519,4391,637,112,6196,4549,4408,634,161
2013-09-13,379828,338343,187283,28234,3304,357800,321608,186194,23516,3334,31190,25059,19758,2773,1157,26482,21316,18085,2051,996,349388,314187,169437,25337,2416,344442,310663,174191,22171,2111,11551,10517,6884,649,110,8273,7450,5810,570,86,6579,5396,4579,506,160,6214,5228,4545,489,50,4130,3458,2660,523,32,3642,3223,2569,247,24,7492,5219,4833,914,334,6038,4519,4391,637,112
2013-09-20,372094,333460,190815,26851,2826,379828,338343,187283,28234,3304,31867,26035,19927,2774,519,31190,25059,19758,2773,1157,366790,328933,181480,25822,2080,349388,314187,169437,25337,2416,11550,10578,6701,600,45,11551,10517,6884,649,110,6428,5230,4492,502,258,6579,5396,4579,506,160,5363,4112,2981,780,10,4130,3458,2660,523,32,6028,4536,4363,623,125,7492,5219,4833,914,334
2013-09-27,333032,298473,174601,23845,2345,372094,333460,190815,26851,2826,31876,26328,20122,2838,749,31867,26035,19927,2774,519,393816,354915,191674,27196,2481,366790,328933,181480,25822,2080,11239,10120,6512,585,179,11550,10578,6701,600,45,6185,5167,4463,468,180,6428,5230,4492,502,258,5342,4260,3035,767,38,5363,4112,2981,780,10,5711,3969,3819,522,605,6028,4536,4363,623,125
2013-10-04,337389,290726,165980,25429,2664,333032,298473,174601,23845,2345,27629,22060,16656,2825,658,31876,26328,20122,2838,749,387375,346554,182984,29069,2258,393816,354915,191674,27196,2481,9826,9003,5903,562,67,11239,10120,6512,585,179,5354,4379,3658,459,156,6185,5167,4463,468,180,4399,3366,2498,717,10,5342,4260,3035,767,38,4847,3140,3013,580,215,5711,3969,3819,522,605
2013-10-11,310831,275871,158613,24747,2174,337389,290726,165980,25429,2664,27503,20978,15825,2695,620,27629,22060,16656,2825,658,366739,327905,174009,28604,2121,387375,346554,182984,29069,2258,10480,9446,6190,611,123,9826,9003,5903,562,67,4745,3813,3200,424,59,5354,4379,3658,459,156,4213,3270,2597,684,26,4399,3366,2498,717,10,5187,3245,3015,682,265,4847,3140,3013,580,215
2013-10-18,346056,316522,175871,19383,3393,310831,275871,158613,24747,2174,25452,19503,14850,2066,457,27503,20978,15825,2695,620,309501,286867,159415,16991,1555,366739,327905,174009,28604,2121,9668,8624,5510,363,340,10480,9446,6190,611,123,5345,4232,3681,373,58,4745,3813,3200,424,59,3786,3003,2421,531,48,4213,3270,2597,684,26,4825,3179,2903,644,192,5187,3245,3015,682,265
2013-10-25,389218,360648,190427,18779,3159,346056,316522,175871,19383,3393,20416,17221,12460,1505,386,25452,19503,14850,2066,457,285470,267235,148631,13021,1735,309501,286867,159415,16991,1555,11019,10335,6029,353,153,9668,8624,5510,363,340,4517,3745,3135,362,81,5345,4232,3681,373,58,3452,2839,2242,453,20,3786,3003,2421,531,48,4855,3268,3038,647,238,4825,3179,2903,644,192
2013-11-01,391882,363223,189321,18150,2694,389218,360648,190427,18779,3159,20354,17196,12924,1383,550,20416,17221,12460,1505,386,285120,268378,147498,12378,1337,285470,267235,148631,13021,1735,10769,9969,6193,308,106,11019,10335,6029,353,153,5337,4607,3914,327,99,4517,3745,3135,362,81,2855,2475,1976,293,17,3452,2839,2242,453,20,5055,3280,3026,600,242,4855,3268,3038,647,238
2013-11-08,400079,368657,189093,19558,4392,391882,363223,189321,18150,2694,23352,20046,16184,1513,373,20354,17196,12924,1383,550,290977,271872,146329,13375,1852,285120,268378,147498,12378,1337,10876,10216,7257,349,35,10769,9969,6193,308,106,7686,6774,6142,407,58,5337,4607,3914,327,99,3060,2640,1887,311,18,2855,2475,1976,293,17,5366,3290,3024,651,302,5055,3280,3026,600,242
2013-11-15,379329,349927,179059,18046,2893,400079,368657,189093,19558,4392,24384,21193,15747,1546,282,23352,20046,16184,1513,373,278440,259525,139573,12545,1631,290977,271872,146329,13375,1852,10276,9548,6892,339,80,10876,10216,7257,349,35,7117,6174,5702,362,24,7686,6774,6142,407,58,5077,4510,2069,352,112,3060,2640,1887,311,18,5110,3143,2947,648,254,5366,3290,3024,651,302
2013-11-22,349249,323015,174029,17735,2902,379329,349927,179059,18046,2893,33399,28775,21165,2090,718,24384,21193,15747,1546,282,328961,306119,162941,15789,1885,278440,259525,139573,12545,1631,10851,9949,7305,397,258,10276,9548,6892,339,80,7401,6586,5976,399,109,7117,6174,5702,362,24,5056,4415,2288,393,90,5077,4510,2069,352,112,5455,3675,3469,689,351,5110,3143,2947,648,254
2013-11-29,324922,301141,162044,16067,1712,349249,323015,174029,17735,2902,26684,22613,17579,1719,295,33399,28775,21165,2090,718,308360,288004,152746,14493,1633,328961,306119,162941,15789,1885,9101,8460,5877,306,79,10851,9949,7305,397,258,6681,6017,5467,358,60,7401,6586,5976,399,109,3016,2509,1926,308,34,5056,4415,2288,393,90,4748,2901,2719,596,295,5455,3675,3469,689,351
2013-12-06,335490,308258,172337,16485,2751,324922,301141,162044,16067,1712,30964,26764,19979,1857,483,26684,22613,17579,1719,295,316876,294998,162572,14987,1916,308360,288004,152746,14493,1633,13164,10216,7355,380,285,9101,8460,5877,306,79,7630,6872,6160,371,83,6681,6017,5467,358,60,3965,3472,1948,318,20,3016,2509,1926,308,34,4798,3121,2978,635,193,4748,2901,2719,596,295
2013-12-13,355288,328725,194640,16083,2793,335490,308258,172337,16485,2751,30213,25610,19963,1946,721,30964,26764,19979,1857,483,335584,313796,184372,14537,2160,316876,294998,162572,14987,1916,10977,10048,7371,363,337,13164,10216,7355,380,285,7640,6766,6165,376,53,7630,6872,6160,371,83,3003,2577,1761,288,33,3965,3472,1948,318,20,5314,3402,3117,665,148,4798,3121,2978,635,193
2013-12-20,357819,319355,177502,15731,2505,355288,328725,194640,16083,2793,27542,23700,18662,1722,516,30213,25610,19963,1946,721,307122,285260,160111,13361,1655,335584,313796,184372,14537,2160,11318,9640,6876,356,124,10977,10048,7371,363,337,7040,6270,5709,365,70,7640,6766,6165,376,53,2589,2229,1782,237,40,3003,2577,1761,288,33,4738,2784,2565,561,668,5314,3402,3117,665,148
2013-12-27,283091,264217,146950,12002,1365,357819,319355,177502,15731,2505,19424,17642,13912,930,246,27542,23700,18662,1722,516,254891,237116,133501,10634,944,307122,285260,160111,13361,1655,8402,7443,5399,224,156,11318,9640,6876,356,124,5787,5414,4946,197,55,7040,6270,5709,365,70,1672,1432,1176,177,10,2589,2229,1782,237,40,2449,1769,1635,276,127,4738,2784,2565,561,668
2014-01-03,323843,289200,160424,14576,1904,283091,264217,146950,12002,1365,25476,21663,16543,1523,716,19424,17642,13912,930,246,272973,255424,143276,12162,942,254891,237116,133501,10634,944,10191,8953,6403,307,623,8402,7443,5399,224,156,6617,5968,5432,277,83,5787,5414,4946,197,55,2584,2201,1466,310,7,1672,1432,1176,177,10,3725,2410,2204,485,123,2449,1769,1635,276,127
2014-01-10,388837,350253,194210,20609,2855,323843,289200,160424,14576,1904,35556,28734,21806,2592,951,25476,21663,16543,1523,716,337667,310027,173017,16981,2369,272973,255424,143276,12162,942,13073,11267,8190,477,623,10191,8953,6403,307,623,7966,6817,6248,506,72,6617,5968,5432,277,83,4584,3987,2206,432,14,2584,2201,1466,310,7,7050,3753,3550,1001,350,3725,2410,2204,485,123
2014-01-17,346487,307985,170003,19774,3244,388837,350253,194210,20609,2855,30512,24093,18986,2487,1182,35556,28734,21806,2592,951,320541,292786,156815,17385,2389,337667,310027,173017,16981,2369,11091,10017,7830,465,261,13073,11267,8190,477,623,7267,6002,5377,541,111,7966,6817,6248,506,72,4118,3493,2197,428,29,4584,3987,2206,432,14,6794,3843,3580,935,603,7050,3753,3550,1001,350
2014-01-24,296288,267234,151319,18037,2324,346487,307985,170003,19774,3244,25484,19553,16363,2246,859,30512,24093,18986,2487,1182,324172,295781,155750,18206,2244,320541,292786,156815,17385,2389,8991,8227,6860,389,111,11091,10017,7830,465,261,6945,5656,4894,508,248,7267,6002,5377,541,111,3341,2652,2082,437,53,4118,3493,2197,428,29,6728,3895,3562,983,315,6794,3843,3580,935,603
2014-01-31,336759,304909,156013,18793,2918,296288,267234,151319,18037,2324,25616,19847,16423,2323,562,25484,19553,16363,2246,859,371323,339735,162132,19602,3851,324172,295781,155750,18206,2244,9283,8274,6764,471,104,8991,8227,6860,389,111,7324,5893,4918,562,183,6945,5656,4894,508,248,3035,2434,1929,412,45,3341,2652,2082,437,53,6683,3912,3596,949,397,6728,3895,3562,983,315
2014-02-07,334323,300481,159203,19328,3991,336759,304909,156013,18793,2918,24541,18877,15555,2303,845,25616,19847,16423,2323,562,367807,335472,165849,20135,2394,371323,339735,162132,19602,3851,9007,8133,6371,436,175,9283,8274,6764,471,104,6782,5476,4888,515,177,7324,5893,4918,562,183,3174,2561,1876,398,32,3035,2434,1929,412,45,6770,3833,3562,951,233,6683,3912,3596,949,397
2014-02-14,338946,306289,160689,19354,3174,334323,300481,159203,19328,3991,27584,22020,17631,2409,927,24541,18877,15555,2303,845,370010,338049,166115,19829,2345,367807,335472,165849,20135,2394,9501,8165,6750,420,282,9007,8133,6371,436,175,6981,5720,4960,533,84,6782,5476,4888,515,177,4101,3496,2311,392,30,3174,2561,1876,398,32,7387,4361,3984,970,325,6770,3833,3562,951,233
2014-02-21,347602,311883,158515,19427,3018,338946,306289,160689,19354,3174,32576,23981,18581,2664,1419,27584,22020,17631,2409,927,392370,359234,167422,20792,3015,370010,338049,166115,19829,2345,8922,7813,6304,457,133,9501,8165,6750,420,282,6924,5693,5067,577,142,6981,5720,4960,533,84,6440,4660,2470,441,26,4101,3496,2311,392,30,7703,4001,3743,1001,357,7387,4361,3984,970,325
2014-02-28,375310,338120,170591,20916,2884,347602,311883,158515,19427,3018,30968,24337,19340,2670,1124,32576,23981,18581,2664,1419,433666,391107,181868,22587,2487,392370,359234,167422,20792,3015,8977,8151,6609,439,125,8922,7813,6304,457,133,7881,6406,5673,704,90,6924,5693,5067,577,142,4741,4052,2419,448,84,6440,4660,2470,441,26,6478,3842,3601,935,368,7703,4001,3743,1001,357
2014-03-07,388319,351655,181434,21535,3301,375310,338120,170591,20916,2884,31726,24947,19957,2812,676,30968,24337,19340,2670,1124,447086,408668,194684,23527,3019,433666,391107,181868,22587,2487,8622,7860,6392,433,108,8977,8151,6609,439,125,11534,6735,6140,593,103,7881,6406,5673,704,90,4900,4352,2334,385,32,4741,4052,2419,448,84,6780,3885,3676,1045,295,6478,3842,3601,935,368
2014-03-14,431757,395471,196324,23147,3734,388319,351655,181434,21535,3301,33819,27526,19931,2491,866,31726,24947,19957,2812,676,436481,403872,192946,21847,2990,447086,408668,194684,23527,3019,12792,11088,7193,491,353,8622,7860,6392,433,108,8578,7299,6531,580,62,11534,6735,6140,593,103,5836,4739,2359,456,80,4900,4352,2334,385,32,7370,4161,3918,1054,440,6780,3885,3676,1045,295
2014-03-21,373889,342130,180313,19451,2791,431757,395471,196324,23147,3734,34192,28071,19361,2431,656,33819,27526,19931,2491,866,477578,442545,208749,23470,2367,436481,403872,192946,21847,2990,12675,11816,6942,422,136,12792,11088,7193,491,353,8553,7262,6451,562,201,8578,7299,6531,580,62,5820,5156,2393,476,67,5836,4739,2359,456,80,7503,4051,3774,1056,463,7370,4161,3918,1054,440
2014-03-28,406722,357010,184972,20537,2418,373889,342130,180313,19451,2791,34499,28197,19954,2614,841,34192,28071,19361,2431,656,500193,461281,213981,24270,2098,477578,442545,208749,23470,2367,12609,11746,6907,450,123,12675,11816,6942,422,136,8725,7441,6597,596,182,8553,7262,6451,562,201,5280,4518,2227,425,57,5820,5156,2393,476,67,7675,4529,4219,1136,490,7503,4051,3774,1056,463
2014-04-04,430527,394925,199563,23014,2206,406722,357010,184972,20537,2418,33907,27316,19955,2758,921,34499,28197,19954,2614,841,466765,430717,206276,23199,2667,500193,461281,213981,24270,2098,13405,12415,7147,459,222,12609,11746,6907,450,123,7345,6032,5538,577,199,8725,7441,6597,596,182,3763,3060,2143,494,47,5280,4518,2227,425,57,6368,3709,3409,926,368,7675,4529,4219,1136,490
2014-04-11,470108,431010,211483,23987,3508,430527,394925,199563,23014,2206,35623,28620,20943,2903,1078,33907,27316,19955,2758,921,458344,426610,202051,21801,2014,466765,430717,206276,23199,2667,12360,11383,6914,454,151,13405,12415,7147,459,222,7520,6029,5525,520,133,7345,6032,5538,577,199,3523,2838,1972,442,77,3763,3060,2143,494,47,7041,3868,3641,993,424,6368,3709,3409,926,368
2014-04-18,469762,432458,207499,22356,2488,470108,431010,211483,23987,3508,34642,28628,20008,2732,659,35623,28620,20943,2903,1078,453884,424584,198043,20394,1669,458344,426610,202051,21801,2014,12924,12022,6492,459,195,12360,11383,6914,454,151,6886,5871,5462,528,75,7520,6029,5525,520,133,3349,2720,1941,390,51,3523,2838,1972,442,77,6060,3660,3443,866,228,7041,3868,3641,993,424
2014-04-25,442868,407782,200112,21487,3162,469762,432458,207499,22356,2488,31521,25932,18683,2367,675,34642,28628,20008,2732,659,479265,445393,204555,21793,1676,453884,424584,198043,20394,1669,12044,11091,6256,414,158,12924,12022,6492,459,195,8574,6496,6062,515,1134,6886,5871,5462,528,75,3934,3295,2271,336,51,3349,2720,1941,390,51,6472,3753,3444,934,366,6060,3660,3443,866,228
2014-05-02,441144,402674,199669,23508,3362,442868,407782,200112,21487,3162,30713,24803,18437,2304,527,31521,25932,18683,2367,675,504598,463126,211382,25689,2866,479265,445393,204555,21793,1676,13540,12359,7164,423,285,12044,11091,6256,414,158,8570,7129,6582,691,226,8574,6496,6062,515,1134,4257,3501,2417,269,323,3934,3295,2271,336,51,6422,3637,3399,959,375,6472,3753,3444,934,366
2014-05-09,434105,396171,194139,23671,2846,441144,402674,199669,23508,3362,35299,27039,19527,2494,690,30713,24803,18437,2304,527,499659,460692,207385,26347,2374,504598,463126,211382,25689,2866,14309,12497,7054,462,119,13540,12359,7164,423,285,8220,6927,6392,622,78,8570,7129,6582,691,226,4255,3555,2327,325,53,4257,3501,2417,269,323,6596,3740,3429,921,473,6422,3637,3399,959,375
2014-05-16,474516,430039,206430,27619,2767,434105,396171,194139,23671,2846,30765,24924,18298,2363,1104,35299,27039,19527,2494,690,475895,432785,199864,26463,2141,499659,460692,207385,26347,2374,12378,11536,6464,431,126,14309,12497,7054,462,119,7709,6486,6001,568,163,8220,6927,6392,622,78,2939,2544,1835,205,21,4255,3555,2327,325,53,7034,3910,3667,972,546,6596,3740,3429,921,473
2014-05-23,490755,449943,204155,26065,3429,474516,430039,206430,27619,2767,33356,27782,19484,2280,698,30765,24924,18298,2363,1104,525171,484646,206048,26484,2198,475895,432785,199864,26463,2141,12716,11529,6682,450,198,12378,11536,6464,431,126,7841,6504,6018,568,161,7709,6486,6001,568,163,2973,2515,1895,224,29,2939,2544,1835,205,21,8657,5823,4063,996,411,7034,3910,3667,972,546
2014-05-30,477630,440705,194893,23295,3122,490755,449943,204155,26065,3429,32496,26647,19616,2352,1006,33356,27782,19484,2280,698,567014,529284,210567,26280,2385,525171,484646,206048,26484,2198,12554,11772,6694,416,118,12716,11529,6682,450,198,7455,6209,5776,521,116,7841,6504,6018,568,161,3209,2770,2182,251,32,2973,2515,1895,224,29,5761,3398,3123,844,320,8657,5823,4063,996,411
2014-06-06,446544,410973,212287,22600,3206,477630,440705,194893,23295,3122,46912,40294,30370,2839,854,32496,26647,19616,2352,1006,661241,614335,268890,32198,3694,567014,529284,210567,26280,2385,15923,14663,8717,543,275,12554,11772,6694,416,118,10508,9157,8453,642,201,7455,6209,5776,521,116,4067,3516,2872,257,27,3209,2770,2182,251,32,11062,8288,7315,969,369,5761,3398,3123,844,320
2014-06-13,463229,424397,216311,24956,2949,446544,410973,212287,22600,3206,45115,38681,30143,2841,1212,46912,40294,30370,2839,854,613313,566642,254120,32014,2832,661241,614335,268890,32198,3694,18859,15965,10214,618,1631,15923,14663,8717,543,275,10722,9441,8712,666,231,10508,9157,8453,642,201,3518,3036,2613,248,106,4067,3516,2872,257,27,10256,7364,6651,1012,437,11062,8288,7315,969,369
2014-06-20,672882,623300,265179,32742,3457,463229,424397,216311,24956,2949,41811,35162,27268,2609,1492,45115,38681,30143,2841,1212,622142,579604,244047,29246,2599,613313,566642,254120,32014,2832,13968,12660,7598,478,367,18859,15965,10214,618,1631,9625,8396,7870,621,83,10722,9441,8712,666,231,3014,2624,2177,218,35,3518,3036,2613,248,106,9289,6772,6342,913,313,10256,7364,6651,1012,437
2014-06-27,697776,649701,274146,32270,3508,672882,623300,265179,32742,3457,40133,34172,25649,2530,936,41811,35162,27268,2609,1492,616463,575919,242978,27541,2415,622142,579604,244047,29246,2599,13493,12609,6978,520,81,13968,12660,7598,478,367,8873,7814,7205,546,189,9625,8396,7870,621,83,2999,2612,2205,196,53,3014,2624,2177,218,35,9193,6587,6118,881,438,9289,6772,6342,913,313
2014-07-04,633480,585164,243516,29467,4124,697776,649701,274146,32270,3508,34688,29391,21113,2217,702,40133,34172,25649,2530,936,545558,508371,215878,24391,2031,616463,575919,242978,27541,2415,14388,13122,6767,506,482,13493,12609,6978,520,81,8701,7472,6875,520,127,8873,7814,7205,546,189,2811,2454,1993,197,42,2999,2612,2205,196,53,7946,4932,4359,932,485,9193,6587,6118,881,438
2014-07-11,680891,630371,251991,31460,3747,633480,585164,243516,29467,4124,42606,33760,23759,2825,3575,34688,29391,21113,2217,702,572751,532102,219202,25368,2760,545558,508371,215878,24391,2031,17795,14976,7774,692,1606,14388,13122,6767,506,482,9606,8156,7614,620,275,8701,7472,6875,520,127,3364,2793,2173,226,62,2811,2454,1993,197,42,11697,8107,6424,1212,705,7946,4932,4359,932,485
2014-07-18,695758,649709,254448,30388,3212,680891,630371,251991,31460,3747,45950,36357,25451,3125,1112,42606,33760,23759,2825,3575,604311,568672,226740,25314,1767,572751,532102,219202,25368,2760,16061,15139,7399,563,93,17795,14976,7774,692,1606,9299,8129,7584,563,112,9606,8156,7614,620,275,3756,3249,2353,257,60,3364,2793,2173,226,62,20143,12139,9341,1763,308,11697,8107,6424,1212,705
2014-07-25,726057,673152,257841,28904,4185,695758,649709,254448,30388,3212,44049,36690,25461,2784,662,45950,36357,25451,3125,1112,612144,573894,228680,23716,2099,604311,568672,226740,25314,1767,17519,16002,7663,628,258,16061,15139,7399,563,93,9781,8281,7702,679,186,9299,8129,7584,563,112,3932,3220,2471,296,36,3756,3249,2353,257,60,13687,10419,8005,1269,437,20143,12139,9341,1763,308
2014-08-01,678425,631592,249829,28102,4021,726057,673152,257841,28904,4185,42587,35963,25503,2675,801,44049,36690,25461,2784,662,627213,586598,232761,25033,3173,612144,573894,228680,23716,2099,16081,14756,7663,620,257,17519,16002,7663,628,258,8539,7410,6982,591,90,9781,8281,7702,679,186,3463,2895,2255,287,33,3932,3220,2471,296,36,12670,9277,7503,1136,512,13687,10419,8005,1269,437
2014-08-08,744527,691861,265041,29488,2964,678425,631592,249829,28102,4021,43907,37908,26903,2619,834,42587,35963,25503,2675,801,622666,585330,231877,23287,2238,627213,586598,232761,25033,3173,16418,15200,8556,591,215,16081,14756,7663,620,257,10144,8679,8087,623,333,8539,7410,6982,591,90,3884,3260,2115,268,56,3463,2895,2255,287,33,12065,9337,7524,1020,290,12670,9277,7503,1136,512
2014-08-15,810946,762670,282832,30302,4014,744527,691861,265041,29488,2964,61497,53315,40062,3130,1441,43907,37908,26903,2619,834,756704,716769,263490,26611,2019,622666,585330,231877,23287,2238,20900,19154,12202,708,615,16418,15200,8556,591,215,12022,10488,9925,640,326,10144,8679,8087,623,333,3110,2667,2033,281,24,3884,3260,2115,268,56,20955,17659,14834,1241,480,12065,9337,7524,1020,290
2014-08-22,829731,784296,298312,27316,5459,810946,762670,282832,30302,4014,70284,62732,48387,3015,1130,61497,53315,40062,3130,1441,809302,771184,286826,25231,1953,756704,716769,263490,26611,2019,24906,23000,16269,614,794,20900,19154,12202,708,615,13971,12872,12280,555,148,12022,10488,9925,640,326,3145,2765,2102,225,19,3110,2667,2033,281,24,23909,19800,16382,1278,300,20955,17659,14834,1241,480
2014-08-29,822551,783877,304960,23778,3184,829731,784296,298312,27316,5459,62603,56466,43689,2624,746,70284,62732,48387,3015,1130,745745,709871,279566,20034,1959,809302,771184,286826,25231,1953,21700,20748,14933,513,109,24906,23000,16269,614,794,16845,15339,14135,652,227,13971,12872,12280,555,148,3463,2953,2198,277,67,3145,2765,2102,225,19,16603,13822,11833,1005,491,23909,19800,16382,1278,300
2014-09-05,866969,825031,313697,26032,3309,822551,783877,304960,23778,3184,64382,56850,43851,2774,1033,62603,56466,43689,2624,746,727235,696007,275129,21137,2060,745745,709871,279566,20034,1959,21690,20659,14480,505,107,21700,20748,14933,513,109,17199,15717,14813,662,99,16845,15339,14135,652,227,3655,3197,2378,251,50,3463,2953,2198,277,67,17645,14989,12477,1097,301,16603,13822,11833,1005,491
2014-09-12,825693,777890,303322,27606,3882,866969,825031,313697,26032,3309,61457,53004,40231,3061,2222,64382,56850,43851,2774,1033,600530,572607,243685,19499,2283,727235,696007,275129,21137,2060,24566,22606,15428,709,331,21690,20659,14480,505,107,15173,13647,12701,691,204,17199,15717,14813,662,99,4404,3330,2388,284,40,3655,3197,2378,251,50,11816,9094,7718,1024,385,17645,14989,12477,1097,301
2014-09-19,754364,688152,277040,25980,3066,825693,777890,303322,27606,3882,51348,45048,33490,2918,861,61457,53004,40231,3061,2222,677004,611266,250180,22242,2643,600530,572607,243685,19499,2283,24185,23065,14632,616,164,24566,22606,15428,709,331,11336,10226,9405,554,174,15173,13647,12701,691,204,3904,3433,2558,288,32,4404,3330,2388,284,40,6362,3882,3613,976,451,11816,9094,7718,1024,385
2014-09-26,848565,809832,290782,23284,2856,754364,688152,277040,25980,3066,59221,51492,38999,2980,1403,51348,45048,33490,2918,861,898690,862281,293112,23829,2140,677004,611266,250180,22242,2643,31791,30466,20424,716,305,24185,23065,14632,616,164,12130,11139,10254,506,127,11336,10226,9405,554,174,4406,3876,2828,314,44,3904,3433,2558,288,32,6108,3760,3612,860,374,6362,3882,3613,976,451
2014-10-03,1153563,1100293,351878,28225,5906,848565,809832,290782,23284,2856,58577,51138,40036,2470,1234,59221,51492,38999,2980,1403,998444,959440,320376,23527,3433,898690,862281,293112,23829,2140,35567,34271,25066,742,112,31791,30466,20424,716,305,16795,15188,13876,743,129,12130,11139,10254,506,127,4788,3798,2773,305,366,4406,3876,2828,314,44,6173,3213,3077,761,423,6108,3760,3612,860,374
2014-10-10,1190663,1126598,371003,29507,5067,1153563,1100293,351878,28225,5906,38833,33480,26715,1679,1189,58577,51138,40036,2470,1234,1069558,1026608,342791,25007,3372,998444,959440,320376,23527,3433,28176,25411,18949,743,908,35567,34271,25066,742,112,13962,11917,10851,697,172,16795,15188,13876,743,129,4237,3527,2636,275,101,4788,3798,2773,305,366,7422,3846,3602,979,683,6173,3213,3077,761,423
2014-10-17,1212088,1147687,375354,30238,4899,1190663,1126598,371003,29507,5067,44725,39486,29854,1746,926,38833,33480,26715,1679,1189,1025670,983933,339302,24329,2786,1069558,1026608,342791,25007,3372,5527,4297,3457,348,292,28176,25411,18949,743,908,12401,10717,9594,563,232,13962,11917,10851,697,172,3875,3128,2238,242,244,4237,3527,2636,275,101,8610,4376,4081,1103,783,7422,3846,3602,979,683
2014-10-24,1071021,1016478,353474,29753,4277,1212088,1147687,375354,30238,4899,68153,58386,43124,3207,1990,44725,39486,29854,1746,926,823615,787354,294960,21407,2282,1025670,983933,339302,24329,2786,1948,1675,1432,99,104,5527,4297,3457,348,292,4285,3911,3633,149,75,12401,10717,9594,563,232,1058,884,650,87,6,3875,3128,2238,242,244,2293,1144,1095,287,147,8610,4376,4081,1103,783
2014-10-31,866689,805149,317984,30084,5494,1071021,1016478,353474,29753,4277,48835,37906,26023,2673,2366,68153,58386,43124,3207,1990,496393,466229,212980,15832,1965,823615,787354,294960,21407,2282,NA,NA,NA,NA,NA,NA,NA,NA,NA,NA,NA,NA,NA,NA,NA,NA,NA,NA,NA,NA,NA,NA,NA,NA,NA,NA,NA,NA,NA,NA,NA,NA,NA,NA,NA,NA,NA,NA,NA,NA
2014-11-07,1075498,996339,369950,34023,5843,866689,805149,317984,30084,5494,39035,32048,21155,1949,1003,48835,37906,26023,2673,2366,194043,183247,91632,6203,888,496393,466229,212980,15832,1965,NA,NA,NA,NA,NA,NA,NA,NA,NA,NA,NA,NA,NA,NA,NA,NA,NA,NA,NA,NA,3958,3253,2162,300,34,0,0,0,0,0,8849,4379,3895,1014,602,0,0,0,0,0
2014-11-14,186600,175800,71057,5645,919,1075498,996339,369950,34023,5843,NA,NA,NA,NA,NA,NA,NA,NA,NA,NA,NA,NA,NA,NA,NA,NA,NA,NA,NA,NA,NA,NA,NA,NA,NA,NA,NA,NA,NA,NA,NA,NA,NA,NA,NA,NA,NA,NA,NA,NA,1341,1039,530,43,3,3958,3253,2162,300,34,2200,1015,904,254,260,8849,4379,3895,1014,602
