"","X1","X2","X3","X4","X5","X6","X7","X8","X9","X10","X11","X12","X13"
"1",140.677578174032,140.655857124468,143.810614400104,138.589543458448,137.480353101672,146.136516592582,145.813357772899,149.125259337505,153.593096047046,166.759242548362,182.536453271853,184.37951939363,129.309073109349
"2",164.439796160673,160.409740151764,154.621477961174,160.582821794337,170.668170835,175.079815581923,203.928758731149,226.459638232658,188.217908187328,202.110224817539,226.341227591148,210.360492000634,198.677092346329
"3",149.195770954102,173.845158733093,157.361229766784,150.985122184761,161.866385349415,189.364230598518,185.753932222402,247.215675562841,182.269973600525,199.252370194046,205.15154749308,191.277218805222,270.830958507626
"4",157.128373937165,160.008574493804,167.18409957918,172.605468080577,165.596670553129,170.287586763276,155.766084780436,160.332893507424,176.852542036389,188.024286099418,200.342493551357,187.453093604225,230.308593539577
"5",144.259822927619,172.645249882892,150.137984380229,155.143235962178,161.271680260386,181.807560570442,252.092274193351,210.021985025379,148.19358651623,190.561896903819,194.112669849284,194.339088094165,299.903004194062
"6",233.858933623416,150.746359608645,123.543505492032,131.246126533936,191.039493724269,185.127877310798,260.192772118301,238.670220497714,132.193302347909,234.050117329925,243.966706036646,274.499947638767,165.833907776306
"7",116.342925739941,221.25111859008,189.550453212036,119.708938220491,161.447218467177,164.431404089639,200.882036368811,254.161686045282,201.79820698617,179.232498394069,245.573969917072,209.401796603105,222.885371151442
"8",181.764251358472,148.904084040054,178.962044094038,150.285665437667,176.197783087571,153.667284123951,213.164799257382,205.712673290825,252.973645002407,242.620082948671,186.153698367519,159.575587559676,189.683158021069
"9",57.2986721591734,222.375245598853,191.428956451328,144.824972239708,171.759437139081,161.326639254825,204.179268266621,261.29654213178,216.471260322284,141.733166567332,162.315859218212,208.463358054585,256.254788885508
"10",127.770739776621,192.783805952789,187.019521422259,163.724815481113,148.681299801735,197.690998290926,203.480363490775,247.029960924312,207.758306794008,222.255343248391,204.199757056439,205.155465577616,306.515857273061
"11",109.729619663428,206.239079375698,143.386406749861,157.155243411481,175.119579651261,175.451596333283,103.407672593817,196.090745918227,199.402163091773,258.794005199623,213.20233205672,172.829386650832,266.077802899738
"12",131.990165710596,189.259384903178,189.311345255771,171.571942251888,155.461391294455,196.839288649941,201.150054500602,243.907814613098,209.9893126678,234.025437845575,239.419016656642,217.376659043071,222.320799135435
"13",119.184925897466,192.753209619869,169.967864225298,176.712380117537,128.458177634169,203.61910256447,175.179412101989,192.270083459353,214.686354920204,218.74452514151,190.465808160963,217.836030620253,206.036154496428
"14",87.4666791523554,214.228517293601,192.875781296535,181.070397687677,102.034272586884,224.530576491016,182.675194904904,193.335317759175,224.010526630239,240.629498324076,198.149477912164,221.217324431557,220.439181492108
"15",162.584055895466,180.194975592804,162.154390480315,177.192118653487,138.775640287145,199.903148869982,163.296029974191,177.974798483141,186.983628687851,256.435766832763,186.049983660923,276.586917244064,226.933346823254
"16",140.457456253855,187.404600410997,141.084880427888,178.256789336147,165.433065868149,186.294685867933,175.288063757814,102.500296304583,172.900170173654,292.087783077131,181.215989096753,259.336934593939,246.015163636609
"17",157.954640196765,251.426780432738,135.534219068795,159.353168632091,195.531107038883,172.622808006156,190.100614856385,174.438537160208,172.28438688164,240.470370619625,214.072825971626,192.712966935947,301.660723932555
"18",127.736169362822,190.392536141158,204.245353479433,114.136929619509,140.310232450459,196.522954608743,190.510299796975,229.998264448343,150.443788260427,235.978486331407,208.931327812376,203.574761326669,282.361560997206
"19",111.899495099425,188.488674000668,142.300725598582,168.544369499246,183.285815688775,160.533319952411,171.833381505227,207.825645496141,196.892175090326,257.494291186844,210.238225630964,166.763090559312,261.894091128829
"20",128.29569320096,215.692030031183,199.96299348436,174.678084954724,160.137278429488,201.541566134954,189.009688672278,188.849987764435,210.469662383368,243.880189920934,199.945577080136,207.005584524456,199.288809291365
"21",108.158521591649,190.546793194133,138.148484027114,172.203078820026,186.207604464161,160.083027779703,169.669924421656,209.075110283681,196.056639816785,263.173957439967,213.152895706594,166.832241806875,258.832736767447
"22",115.30147351438,206.330257425601,148.601565184629,165.984020655617,181.579472731119,161.186738538483,172.652396484036,206.500981888128,199.739730086048,257.757802704696,220.967934907473,173.809390614704,268.809800610175
"23",135.514206995403,208.192498544378,179.516480115568,167.58489696445,137.370377737546,189.258510030519,187.959545023205,220.360515393708,231.436295176193,210.651217378007,193.763198318283,186.703985159311,234.843310715269
"24",180.82516720173,152.648901021082,185.927690102475,167.864504504314,133.091060627861,187.336865811761,185.990262311223,182.608605922528,227.178017780938,222.116094084504,196.748867973313,206.236780423753,174.540478621973
"25",159.096772643773,188.522648191023,157.219446930818,172.745582462047,167.898455882208,184.019987248623,179.555444950761,197.668400686372,193.793442560582,220.535972951946,213.276250205743,211.571043571977,233.660332913818
"26",153.884840735183,186.825858220988,156.778508210518,172.720436200129,165.708721043993,180.776068373832,180.137024326802,199.060237861631,196.217332513862,219.936432605223,214.753828672471,216.669903161772,234.994276140987
"27",153.798587812522,184.519486754397,153.69360698583,174.163137510375,168.02825663313,184.066684447254,173.991129797888,198.340795234544,195.551156145871,220.232525645868,214.469211455238,216.880697700722,235.346572225562
"28",153.691391738253,185.144332067203,154.720289233419,173.85358088325,167.490001415761,183.461170973689,174.824266500376,198.800582148566,196.091267344152,219.966969286339,214.880703599526,216.638946255795,234.943042131373
"29",154.263718022002,187.53516798098,156.891632940786,173.57446936422,166.433906524353,181.041705581021,181.134496128397,199.845667265743,196.879682890939,221.727931251789,215.820112064409,215.782596108001,235.547480547768
"30",160.876217330837,196.936809420179,161.631945082066,178.529536260223,170.614361173003,185.277133343583,183.712283027241,203.638852229094,199.151782403217,222.488129079727,215.648175961515,214.092406110898,232.534277393363
"31",153.431099729563,185.507503766486,154.182595184518,174.972248613037,167.801228056862,184.000761134763,173.84946623689,198.615555169048,196.246881605234,223.82812715625,217.071411601349,217.475452541796,236.733441715885
"32",150.067020598394,177.465977512273,153.313410968305,165.315733377391,158.199170787585,175.845084781216,176.062316199899,194.408813176987,193.677534222275,221.160548986971,221.697128917508,223.188206677922,220.923485890122
"33",153.968752421354,179.897941065614,156.59751258342,167.43450096079,158.810352407279,177.947365472054,178.09622072986,196.637543018527,194.497677240242,224.065798651502,223.565927566176,228.751984097046,207.919751185419
"34",154.294182170384,186.225752691978,152.804704527116,167.12733856602,176.584725972129,184.399499444982,171.071618939311,190.69771207832,192.077175566447,220.582080164523,214.683791468054,214.661964701314,230.491904356637
"35",152.821899999078,186.821288128719,155.85077647305,172.582979238229,166.03783448916,180.12500888874,179.745488594966,198.372959712599,196.608192869887,219.666234184717,216.237081605114,214.477022298578,237.050042120255
"36",159.806754279634,193.802167891802,161.541298230996,177.839807153941,170.044339958805,184.462654554011,183.787444652088,202.601219779747,199.036756787589,222.265337427899,215.787038078888,216.219536005809,237.20169717103
"37",150.837781318582,186.049083067555,152.856303816175,170.252999813343,178.11434586305,182.794327475798,169.316921296428,189.881827950732,190.211986473185,220.637758669585,214.722519155505,214.804036547056,229.772035367858
"38",160.276258462792,196.308487273785,158.455041068386,177.965751895871,169.762739533941,182.741762937641,184.93463536711,203.897439360365,197.43208071018,223.280364845457,215.130645093936,204.781595893793,232.6644802315
"39",154.363885641635,186.729623111961,156.48755542503,173.277219843236,166.005071528287,180.202572396121,181.208319215147,199.366609605736,195.961060294414,220.708739474245,214.884358656317,212.394648312409,236.45338153975
"40",156.0491417381,189.454223686872,158.206698888876,174.747657086154,167.49975099643,181.832078913762,181.36251823033,200.316071047575,196.662626564582,219.265788538924,212.724891642503,214.433129691576,231.291972154738
"41",156.456556931787,190.545283015869,158.691061180025,175.141566577762,167.836470560676,182.16261908712,181.73000301957,201.165273903462,196.851555883832,220.104263534505,212.994792221432,214.960226320677,234.227515133413
"42",158.616959084888,192.35876047082,159.524683685564,176.58835879655,169.335631755926,183.295581254194,183.686655114806,202.501762412234,196.929972977153,221.616898660888,214.167729730529,215.17786800054,235.783515508815
"43",157.719584973678,190.98256582099,158.875881842573,175.684720834965,168.246795073826,182.41740704186,183.116572213393,201.810353806875,196.727632008384,221.759395751199,214.810415174751,215.762758612807,236.81011994967
"44",153.353142917791,185.881907228277,156.171649309952,172.241820191705,165.035932721668,180.00198734344,180.125741710494,198.769019984166,196.037314087616,220.07462375478,214.649778694755,216.339414885419,235.226642841175
"45",159.29841912991,198.375491636425,160.965626443732,177.925097107607,171.371747862526,185.339512422461,183.94037158363,206.000315512781,197.312582951739,221.53994931239,209.436226795785,216.522180113822,241.071595642869
"46",154.543482114336,187.629254333469,157.592108004099,173.217524338409,166.007283245255,180.811404261239,180.8653042674,200.694921892775,197.198865355118,222.009118460371,216.531544763616,216.722304049687,236.99893135212
"47",156.186970694407,190.72785397314,158.597516885006,174.743131276676,167.14070293913,182.293693810686,182.39519916096,201.649230821441,196.662247216026,217.306175877165,210.626528538343,219.712484322055,239.455541770836
"48",160.183628347073,195.451761364559,160.910585787166,177.856992720371,170.212602006023,184.589881182133,185.075590082776,204.467263752313,197.212769281555,218.932722598884,210.648702471669,219.060128536408,240.402226307981
"49",155.511483472382,187.522814507092,157.105865708318,173.795907162704,166.857827880255,180.553145074959,180.909990441275,200.754494558138,196.480149284616,218.877555768184,214.35787006674,217.656049335825,232.450463486608
"50",155.352466799262,187.185035455206,157.104132494302,173.680370987889,166.616593498311,180.387408179707,180.708972971228,200.726189161233,196.4813856178,218.918949750994,214.359381476955,217.62993164892,232.678112396271
"51",154.5211231473,187.196401692831,156.844361926703,173.33742780503,166.265230662396,180.835546437038,181.196265434253,199.713581225852,196.146506322693,220.756293289046,214.73510254292,216.454352403354,236.611159288592
"52",155.527625127868,187.614001666739,157.132721465814,173.846679262931,166.850494877044,180.553578822171,180.923778167335,200.929893494871,196.580849685097,219.16708601559,214.535953577869,217.78271464268,232.857170794704
"53",154.652653523039,187.001489821223,157.880188995528,172.88278083078,166.358784815605,180.327947220231,181.750965457106,200.441085739168,195.933232719236,220.719917216155,215.530665039201,215.651465550067,236.756172077207
"54",154.706666289894,188.67679099254,150.473687371907,180.526488982332,164.769173892928,185.296002157699,170.804305853207,199.439332813883,197.531546103766,216.416079390407,211.657000890781,221.996746860167,224.58086293103
"55",154.839827648774,187.122689873487,157.837837940348,173.115036356971,166.546878249309,180.381441005919,181.997258595526,200.647660774115,195.790837489283,221.065675557968,215.470784590663,215.815443170817,237.205530546838
"56",155.27778721003,187.381580828961,157.082119547123,173.784318432583,166.792920891404,180.440310239908,180.787409689083,200.728151390237,196.485362298723,218.982643489226,214.3500142299,217.358460529714,232.534169273942
"57",162.090120472967,196.294201710525,163.988888379695,178.160102925338,171.53251490965,183.594832338484,184.578056900037,208.936069706954,198.832898613408,219.837284961595,217.53169242648,222.78643426667,249.847246118414
"58",160.132843532553,193.424609385231,160.257047363737,177.000243715653,169.873739356243,183.324818468431,183.552105339433,204.107090026194,197.867734647595,219.990449229934,215.56733559852,217.169029720675,233.842939853196
"59",156.181755975036,191.90647444353,159.462864324144,175.695341945684,167.43132758945,182.517970736653,182.485380297829,201.876649718742,197.302756544147,217.609235767611,208.112482499827,214.142454713965,240.399666143449
"60",157.471665132739,190.88833528804,158.817794978699,175.573541228569,168.489408990177,182.617580342534,182.986789705718,201.899713622923,196.458437857677,221.577157082854,214.474879711884,216.20349863956,237.201905194489
"61",155.764224787046,189.960064064105,156.24153485631,174.618741530831,168.019271200309,182.974504003019,182.461390850397,203.054269547254,199.13524372666,225.666653798364,216.799292703912,222.563184254906,240.302649120072
"62",158.179686153251,174.143364094725,138.869426419588,180.609380677398,186.525412288575,199.427305321671,153.906323619891,197.912838365995,191.205495263336,223.705538033627,214.261305086594,229.589910497992,232.351369257861
"63",155.770911454144,189.049579513873,156.698463514647,174.636385408503,167.609232252015,181.893475219587,182.391336461655,202.706495384443,198.887683854437,224.124319855511,216.06940187232,219.710764937519,240.652246576209
"64",155.339236094277,189.266340328679,156.690014680969,165.706629194499,162.958716151724,180.425939556259,177.269180644432,201.377363312644,191.913380900218,224.474724264166,222.691655445325,233.309915307097,215.488772376665
"65",155.623316874283,187.399583843693,157.135452531946,173.690006696694,167.120363150162,180.731297666583,181.181444533097,200.88553440248,197.509194079782,218.831026535535,214.75111147403,217.272523401586,234.517362007478
"66",133.183113578256,185.295189782995,153.518004821261,169.639146787927,159.256325519102,176.519085296345,175.025642726498,196.364267547682,193.037616930321,220.97930474655,214.744958894362,216.092601154418,235.903420775744
"67",145.228390123431,191.254671208119,155.305445916765,171.55626905567,160.698082661175,177.752142217159,175.958046508566,200.015381873752,194.864744788788,219.656795848659,213.766836164606,215.62132655822,239.618046042836
"68",149.308384645078,195.767810248421,156.67626300817,173.764571041887,157.547793683255,175.02263675257,177.670764654732,196.947428129857,193.337400675052,220.602002829988,214.973091168465,216.308652887367,243.165715376527
"69",149.296284448223,189.16781304763,156.474697702146,173.310050106265,164.758551639992,181.031000704014,180.486486216934,200.217697032677,195.385147345396,218.741383198543,212.755628580237,215.135918013292,237.604123696378
"70",77.9672960494373,187.041140479809,157.022426433825,170.73750755699,159.642976288528,177.55781183354,177.864795936992,199.630429728031,196.857359776601,223.917426919028,216.718331144484,216.929519072533,238.310947029447
"71",133.246472404972,187.408209604428,154.979428985978,168.815814817581,156.190423362131,174.786987692223,174.368266567078,196.806687204675,194.119910490801,219.953235009155,214.580717066774,216.532517945807,241.864465074618
"72",74.4364783610502,189.528614221685,157.444673568478,169.832623233641,155.170511104966,174.561443246307,175.660008163125,195.969871124241,194.381498885348,222.064440055484,214.939137160644,215.769928772806,240.461932203435
"73",156.144275254288,152.590149118995,156.008740005152,176.448038098185,166.552348395601,180.258257355241,180.604047893599,197.441060381414,196.44772922722,220.446389196927,214.54694412523,216.037238011876,236.831189171078
"74",148.494166697083,151.344797874973,156.019068221721,176.598490083526,166.746644007447,180.360384420604,180.247600007498,195.531763509337,196.770928921798,220.784932497184,215.589039378047,215.994388934307,237.314250949853
"75",122.173006344631,164.507202601038,158.462706582707,174.947656575153,167.234970977966,179.956385437981,181.403608441072,203.847608345662,199.763224484801,225.411192393752,212.805934961943,211.967402612655,233.583788401265
"76",153.505721720376,196.822065676777,151.773790048056,187.939224944903,170.405337566179,173.56863820637,183.427869465353,186.975867581328,191.332472118995,256.319929769479,204.109883919372,198.344830076906,228.973316623715
"77",153.961421490999,189.09987703596,157.510711047956,171.335132689521,161.822976085309,179.275564436645,179.121659501073,201.326002219558,195.15812793253,219.972345770262,214.110868625999,215.421387469381,235.912813785933
"78",154.439656139321,195.402749240096,159.918038735349,170.062692673515,159.730075641444,177.640511042489,180.530216532592,200.872199762125,193.68895094446,218.377584350985,218.030984590848,220.829067820202,256.049924610928
"79",119.460046294155,178.634085286641,147.232305909467,162.319844437303,148.944371355532,167.530295157725,165.86842093563,185.422296293064,175.547927634568,221.989877904788,215.279576262671,211.547506798437,248.659442512386
"80",164.298721182416,184.306156639527,165.164031661659,162.851228111517,143.808787747657,160.331413877992,164.081124567419,202.417807052446,192.116750124978,230.444561547904,216.514703112128,219.027062354385,206.069749902514
"81",124.0793828406,185.67227180405,154.138129198611,167.684109476764,156.280979679442,175.295321084204,176.073464386002,206.14021897771,203.865626219743,246.020351406143,236.296160779845,220.611561483491,259.91259192635
"82",123.785870707495,187.221956273547,156.486931866812,166.857423414475,156.436692517736,174.249242638927,178.637469904408,209.084919670538,203.147819793484,230.61715157384,227.45966340723,219.160084284705,251.315954876602
"83",130.629535021658,193.971675361382,159.140265229244,166.40000288581,154.447110253613,173.519466965389,179.521976478681,206.600639958528,199.069885970496,226.668579076847,227.127939425591,222.676651761747,264.409712685469
"84",116.909215126324,183.476841498956,155.617388834217,165.512314712182,156.341549377053,171.615724804493,178.490720767403,210.05036221815,205.471765971273,234.976230634555,229.461149090045,219.848384006567,249.990893966036
"85",164.140376924205,191.378060465846,157.164120484241,199.934025367697,172.724537202738,197.719810657644,174.570552321975,213.239357514535,194.220255735788,241.151726005903,221.924267591818,209.992211653839,212.99283871313
"86",149.394169031904,188.766847514055,158.57779981955,173.120910958656,165.971636863383,181.101012828816,180.957711106581,198.697718802393,194.613099662343,214.469153359859,209.948740053561,211.970235284032,242.399620294199
"87",153.661209141431,191.969522778561,158.650925203145,180.711893467337,166.15900132832,181.260406431966,177.023085603411,196.902882021735,192.344216672727,212.047961231707,210.724529098165,211.790061849251,244.453820214413
"88",175.634365355764,206.059452091056,170.826792002543,165.921512949088,169.306199657827,181.469626685443,190.50868746507,223.346639873296,198.641869189439,217.639240405873,225.972300796736,210.437015632875,254.543360961631
"89",172.435617905813,206.762619138705,170.88716546272,165.081993397915,171.023620237788,180.221112369909,193.900854401929,237.194667913907,210.415127154255,195.831612775413,216.031384671978,197.136297755294,278.740044355393
"90",176.305365096915,237.182668664347,171.459571568236,172.301811725065,178.559132038253,173.230734386895,200.261657263533,226.287569046463,214.117828007178,212.371424576445,232.053131324381,201.640016114591,279.581996969592
"91",176.238511581906,208.740080142024,170.291412362026,172.045823392914,170.806174525843,180.599680016435,189.116445487606,226.494815243251,199.741035707488,217.778720255315,221.040340628707,206.459586962814,244.828349315533
"92",171.828895327898,217.388858547973,176.671987983945,163.936477817723,171.577483070085,176.09565926013,197.832891532596,236.049301405273,204.423312498347,235.229939224639,218.881484591924,211.787869204561,201.137607879996
"93",35.7395557544138,203.576587216559,169.159014502991,162.249579812641,161.808948844564,176.17127607773,187.674991018953,227.151843028319,202.222873447807,224.438087415991,232.200595124384,212.793619086887,261.8499209723
"94",90.45769928357,190.401053765555,166.732273702576,168.193455043487,161.901774819546,175.014922687764,186.107135491537,217.347461419812,207.119580992,223.486230161983,233.990963368369,215.834244473014,263.435863470652
"95",210.917856991908,190.704011323103,157.180570239942,195.848357676353,156.980843760977,177.620629547861,165.313750892202,207.821257554698,202.754320527133,213.309778487111,232.793788219563,206.707997761295,248.243763944677
"96",255.155612170474,154.281221360904,168.74985319609,169.089098503977,172.63917569656,179.446349334078,192.669521642235,211.359988688469,197.024656249227,216.529201962711,230.48766647276,209.843307720058,256.792624444015
"97",349.611899189882,152.263268765858,169.655223235227,168.276959571001,173.836671498681,179.419361564396,195.30776675782,225.256269673979,206.220393732504,168.46863302207,223.537859976331,197.247559639138,283.365272399027
"98",210.93937351232,204.499249720675,167.307713956332,179.654535927549,182.566978799462,166.693877574559,202.532633165669,210.258314148375,212.408399176384,208.645585108712,240.686745741793,200.637900155079,282.788986701134
"99",199.556207715249,180.275248843554,175.071921648103,167.654528045471,174.851351385304,174.093885115474,199.899070284397,224.595845343179,202.811478537821,234.006056446694,224.080393829053,210.999939812841,199.800147784316
"100",109.122045658035,48.7601907695497,164.023429203724,143.342029192985,153.588500248091,167.244641897659,185.385391904797,221.66326133606,195.851422711487,229.483229267682,245.063184357849,212.127647041001,269.824081476738
"101",133.551506849867,186.281824136523,150.366611448078,164.487734596555,157.520384809234,172.904983482493,171.226976814638,193.42443521608,190.494114862192,216.396297985234,211.859799408223,214.699407142934,236.453116909542
"102",146.497494230566,193.021868934226,154.015327775556,167.814465353648,160.919841206423,178.278736837528,174.146017015482,201.564513876364,192.814080481897,217.737164895303,213.422726045679,214.889808606152,247.280763790524
"103",134.10854170874,190.743707723351,152.591373367156,164.803177522931,157.731970818082,173.800896632404,171.28477076171,196.966604156416,191.552309929757,219.134339766895,214.123618826863,214.651685150622,244.747081728166
"104",149.995946830987,200.482482776246,152.672285532405,165.326497597879,156.24220896255,173.617778666961,177.88813040493,200.959345799549,185.330450262898,220.124027850271,214.60878936393,214.785949666936,246.25584790036
"105",150.574429912391,205.141420812716,157.467797813231,166.548859095775,156.306046102014,173.883595414805,178.77133117973,207.062066792953,188.50204688016,231.467115239277,221.176007718507,215.895900367969,248.81582639568
"106",166.125649542727,200.09172477774,156.526218318392,170.290506434189,156.099801055643,170.059758906635,192.403662956788,193.069927924409,180.645954872962,235.546315961595,221.71683831159,218.333848554897,211.360861338377
"107",154.042477577743,187.153991333309,156.792647372073,173.011449835674,165.990717502463,180.675255815361,180.852660928529,199.771474573285,195.727200253411,220.478930490681,214.966050278804,216.172562020861,236.120257477832
"108",112.652044062907,179.430139484299,144.439491199432,157.80019877907,150.274452824259,167.40437868707,163.007668170156,185.863147048349,189.895577352556,212.813145293565,211.070888234986,215.477425879708,230.603626102611
"109",132.256503694582,198.500656551656,147.849946147031,155.770595141099,147.493352991048,174.945594302854,155.617329946554,200.149875113612,194.783312611151,211.813136759568,217.244954876034,217.269883097351,263.000109832738
"110",147.039443374247,190.71270728695,152.104176759683,159.671455492381,151.171488131115,167.346370861404,171.30065385111,199.030815529638,190.399829304922,201.887564911129,211.259047110992,218.80965204514,237.970932903961
"111",139.11134972645,190.921848953224,152.655769938534,159.367632545238,151.163057643924,167.337921691632,170.162212552676,199.030149256321,190.87930103494,199.402488067201,212.991739706424,219.689566006797,238.225254797456
"112",151.291038964271,181.138872013422,151.248318225997,151.439392184109,140.311051221383,154.675513334835,171.381924473395,194.392104754934,189.617636478708,183.99261345287,210.468861018713,221.994798294139,222.283243744636
"113",145.156822515101,186.321953589619,148.658299358045,148.033220394481,137.753919268304,157.287379409648,163.587477631588,194.897492377629,191.493406055127,184.239363153873,212.132997439061,223.468643879302,229.844813441296
"114",153.803334417437,194.004452235845,157.198120550599,167.8969641449,166.781295891025,179.51372897636,185.502024375427,202.799181120949,184.772582369882,220.664671530642,221.128456743491,215.515091732136,240.483474549566
"115",157.657259477077,194.493589660257,160.255326235984,169.857773842655,168.811750779544,177.958645425972,179.061107997482,196.608870964165,202.759584568908,208.727227017754,226.575049371382,220.1653661529,228.792232543534
"116",152.578844053648,188.139914700783,154.702198209361,167.662347348759,165.697165808639,179.609679334805,184.617208305208,200.774719883999,189.201597604513,224.136441389096,217.347139402052,213.725584595037,237.377336768376
"117",145.39067318427,214.43828818118,172.701158703785,169.638104310619,167.906468000952,178.479996394753,195.982001567058,217.982274564953,198.168067172312,231.364954167934,204.33038916648,214.517603371921,191.662821245619
"118",157.626295568683,202.549580476666,156.959726766877,166.677817601205,168.262724680644,179.323983718218,188.15624850869,215.820463121436,186.482100161171,226.060133808394,216.470493578464,214.703597839202,242.537922050541
"119",151.022489264682,210.815003053829,160.549619171503,167.871561254286,167.969568086461,180.159438497717,187.156409675902,221.648463253978,193.237564818925,221.488450715417,214.93003256498,213.818612979286,232.309093372329
"120",114.967771501184,191.345006449571,152.412878487642,163.747270121427,159.693424155353,172.289384997676,172.127998743178,194.190920863936,193.398674549857,213.280430179451,220.282544133615,217.255878337086,237.271972095033
"121",119.316259231934,184.60193392025,152.374511514585,153.808614500559,135.401744524858,167.075927859069,154.779860727011,184.188818598615,193.824095065929,220.133196586587,207.919975347908,225.353075949124,262.254667748634
"122",155.744863512588,211.816198383612,151.536946438053,161.87904276166,145.511589525293,166.116688787196,175.289143058715,198.623060247682,178.778108715829,226.735869226652,225.167699449905,224.613433305,246.021143750774
"123",72.5204167052562,202.122217759692,157.675672143755,165.126994233444,160.94773898463,175.090426301114,183.559707905669,222.511088893308,193.328434356024,229.213861651756,219.139460808131,217.543423334722,244.253795054818
"124",146.593615736764,207.562994403304,163.137317949743,176.26061986545,151.796781054439,164.190372362809,162.970362185487,193.178998364068,199.44633195313,221.737666811809,193.134135631051,216.611909886482,249.119907150718
"125",128.924453203765,181.894555585762,143.530153461474,154.411093766115,122.392218892802,148.492245564648,152.675782389994,190.993762317704,188.566942789743,190.456510438668,194.135108939735,218.538275286198,239.333362036225
"126",163.174593308306,213.498558129413,145.075959375791,134.703322813148,172.995277815054,162.887320561616,167.616041949357,195.821134483879,208.782689509987,233.659261596496,220.974227795995,196.933749600825,252.581324051011
"127",190.965147679331,230.809497158283,156.935111168632,144.776668195275,171.676205778743,148.207036253908,168.231155777288,191.825703744954,231.569686569692,271.434012032811,227.544801067059,194.665566400321,214.443557778464
"128",154.235453036523,207.079367078791,142.342678788201,138.207801160504,163.729917513248,177.382344034967,183.684763962962,222.369724394629,159.914160849071,218.399640180297,213.237211458875,210.069173775344,246.372321469467
"129",152.878999280462,220.04162555143,147.52809956424,134.302795456706,169.377667307957,164.921700144511,165.513348453507,196.663748707334,224.796108175863,235.42291209007,221.589429527852,195.879213379818,239.724838215863
"130",90.7603418828879,206.847277024614,160.651951749337,161.980817589611,173.511657585761,173.809291879128,201.420208406374,238.559063818508,187.566142082485,227.137106599543,223.570185005664,220.367807677894,242.813626354674
"131",55.8976815734522,213.97691947343,145.430843191581,138.475351817793,174.575888361831,164.622806991771,156.905733271159,203.173655475085,184.688544175864,246.428322970343,225.647208841647,198.747668089194,249.645052621886
"132",84.6807100323696,212.929544251639,165.3475618231,164.793280218977,174.949543568032,178.485155379808,192.521682929447,235.246065179936,183.512520092084,235.533349586187,223.266390074546,218.972497059373,226.172523075008
"133",-8.72900268760679,208.169773842231,163.630727844676,167.310181844191,171.655541220465,177.019640765941,202.637380640789,235.935481415576,192.379720988759,222.885521213081,222.918418087926,221.633701739505,226.245247955275
"134",134.740895781536,202.403455839824,142.716505347482,124.10829758462,169.563317519627,159.000892295669,174.944283077612,224.512708301101,166.620617527442,128.085275722642,218.509238716793,227.594501472894,209.26774604572
"135",128.078611845726,220.1709161857,146.155203747996,115.866035984326,171.548398162332,154.982781165017,172.926092347154,229.020604588031,180.029873708329,171.700299473487,225.573522096176,207.196555487492,240.776403085797
"136",140.711118764291,217.186362030688,144.241931009694,127.667865720016,176.402528078611,169.796122429322,186.075704219322,232.824405681058,155.666522017331,182.592505276631,230.270167332679,219.900657255784,216.626098591591
"137",119.370576782603,216.572216336454,149.62991228087,124.054361257989,182.415766217089,161.523199563264,178.812242273022,227.438487848126,147.327202800728,136.949997497844,223.294503457834,226.073667123296,219.846512039867
"138",215.884626867945,185.035365758382,136.989875739705,158.441060143078,205.52126321259,167.493132975509,189.112495468691,209.225097620804,212.845641357082,223.841178472073,213.480903151432,196.336511799905,269.620998868538
"139",247.554956589627,160.396642088979,167.55168188093,166.586268190727,210.879229537044,162.290810710979,194.398166512885,182.09619380509,234.292997049612,222.966968747473,204.150443847078,191.010432590119,198.846171058994
"140",159.364181483327,188.22978288476,144.436221956882,164.946895038941,189.268444977909,178.256840020729,181.742168643477,207.431106006371,169.176560233567,228.243623652786,215.740538619067,214.158315979701,240.16315177948
"141",216.033353538212,184.547240009536,136.126515921111,156.639147958717,203.175686207733,167.816815114183,193.788084818169,211.633095418603,212.929153822602,232.669894821964,206.524883688176,178.542826845447,288.458013779815
"142",180.715251942168,147.03135219463,150.097204522074,163.928588309538,196.285817300035,177.707434305533,195.728362614481,179.855893181437,179.778536822649,235.420982335821,229.716365461881,211.03257089368,250.265659764469
"143",197.921809552399,152.952850505775,150.673806097113,168.139065438168,184.499965049927,170.755550973873,200.911874060954,204.670683373635,170.186354294841,228.613615315789,218.460182729604,216.358923917452,239.510096054644
"144",275.645141137072,170.271097209754,135.911130011883,158.418049293082,206.07435222941,169.248065955288,182.23867727706,218.058913739398,204.240645966518,222.145096715361,208.107014997061,187.936797291499,277.965866841157
"145",156.50342148472,183.27082234003,125.704626748485,141.264101546514,192.315307761701,155.996013370193,172.575750709954,200.420361571332,205.006875276223,222.932931616483,205.37105695505,186.840499184787,273.027451053456
"146",243.865694030056,185.407824338558,176.146767324136,164.819299043292,198.942215545396,138.780685864619,171.737997119959,175.289485292521,239.980201190774,237.678503803574,201.383992146235,181.340609873988,226.108697604843
"147",146.970522298609,205.921390664429,142.026827317835,139.601670589834,162.99764679544,177.942579176427,180.950600909091,224.213654810676,161.009266065938,208.629657867279,212.402596011473,209.309207104851,243.260780894679
"148",131.805890627651,171.813325874143,153.036914654074,184.629146507764,170.735404134359,182.147527357119,188.46236961427,199.965536297235,199.958970654322,233.745991663059,205.560499174826,216.696757620056,228.980972733243
"149",123.3770018898,87.1818482206371,158.383525262943,162.107308088158,175.949643535694,158.715202089276,202.349110957194,223.51701369533,182.517744442606,223.333653372258,231.474905105058,226.807871505064,238.332788655541
"150",99.9161859508419,199.374031412579,139.404812071785,139.67662452957,174.581851971137,154.726920535425,169.844227972858,219.183574212781,161.335122657987,138.855445050097,212.613734821276,219.651998200272,203.993118731928
"151",153.711891907903,199.887602838836,152.741887852744,171.852941121351,178.680248319461,169.225155246352,181.134874575668,207.183189745953,229.282309848309,156.430092024239,214.668373221889,215.997419474249,264.266426043463
"152",145.754836806012,190.129424165178,166.190322839994,188.285167354558,178.159506758695,165.748571519452,178.813391380367,173.084696677896,251.558690972328,147.524412281709,217.891702281467,224.598809916309,209.709169393782
"153",133.833003714094,173.655887362764,149.842798966936,178.792555907745,168.677531290731,173.136269558557,186.293086066724,184.5198485628,188.865961644046,233.5619469481,211.997000513117,210.766870089709,214.491795376527
"154",188.824053102329,182.783124122028,173.904803922177,166.560204455663,169.127504380581,181.637813308423,190.293941824921,223.605117474175,198.616018417122,214.911839532618,229.228956337336,210.109043915516,254.592945177034
"155",191.360054068371,216.454616593723,173.725916187571,177.897770076392,183.069936419015,172.950232272496,188.931201655728,223.485111501059,218.428942737584,203.539108536773,242.178104265222,200.754052236985,266.43548726694
"156",119.885125812552,196.674459231575,149.739109377784,152.091587584349,170.712533611164,163.079926850141,159.981725586521,201.091372519965,240.108329719182,199.278607128207,210.154341848722,200.879480473232,263.943494262479
"157",143.556336862134,203.113123448859,141.418981476347,153.895836015816,157.205038980252,170.675388636119,177.471817036647,201.337898849011,165.164034824344,225.692830440673,211.838648522713,200.7191608088,232.583815758997
"158",60.3908748395045,159.950094872356,172.832949226764,146.642120069117,158.308321295275,175.707741858583,191.891790459089,242.168284139342,195.648823368691,221.864705809948,241.8560603906,211.909335258516,259.629214478171
"159",154.805349133216,195.335638327821,160.108302630614,170.715727749722,159.918104117633,177.916192770199,180.759859396275,201.202524119995,194.319962263757,219.255759329051,217.623871147259,220.225665932342,253.036853915106
"160",136.846434999283,175.405108819695,147.612668731978,152.643856242684,142.097396992154,175.263252697586,173.426093536809,195.711507866832,188.417338914577,206.376285589567,223.081482290516,220.808812160818,246.653711253582
"161",140.234433411151,178.820697491123,157.050093271764,157.439380864582,146.454990518674,178.175488060993,176.753058738447,213.732431939316,225.640853426352,209.716844986572,233.564700023911,211.284394256741,276.932274152818
"162",147.192361561816,170.652848200539,156.162487160118,138.579210711506,114.474704905381,156.305769669242,160.039289785659,198.743846982735,187.537029914834,208.857149009633,225.293957219076,225.887649377511,235.175060800405
"163",116.591886453235,183.811803001284,149.466911459939,156.193372060776,167.991440609162,176.078849658331,165.751539329188,199.580691840954,198.875211313402,228.163968670448,223.238105901589,217.761964377191,243.31456215799
"164",125.257902326104,167.259839968051,148.507851896106,120.69320742973,110.756714599319,157.831359095581,170.807645728234,193.198390539042,186.861029101221,203.726733513148,222.21935989569,230.274615198925,246.065230230317
"165",180.181355599078,217.895680805227,162.443667507497,162.979687570136,188.471045571164,174.991429612775,178.518145801894,225.454603329006,199.678502483731,219.168188785324,222.626999909578,212.946511004647,247.873524549994
"166",129.744833088871,176.057434523141,149.587147701997,155.452215578929,144.229783510297,175.543894485995,173.64474593309,195.9385951241,189.841311488994,206.37643218684,227.755736002587,222.131010343513,236.885430516473
"167",36.0375004818735,200.294963745701,162.463844329549,159.205640907779,188.422382152063,178.990685453877,172.735893368217,206.708284884253,203.674429424928,226.370095387255,231.754934137146,215.438397848851,248.715475579617
"168",89.3026541118503,187.164068126272,155.270569989241,165.993346138132,156.253578201109,173.947727547731,177.578557336953,207.28060454335,200.070810648718,229.326411067284,220.992339262621,220.014061207004,243.601098314552
"169",150.953647512825,191.267534544597,157.96417366286,172.576981014439,168.659933807496,179.32088841835,181.111340262025,200.496292731081,198.039148332562,215.511845896072,220.067261900065,219.082523587812,233.436036645744
"170",170.489986166814,171.929284311258,180.880780049104,178.241153755251,169.452787175137,174.583214245282,187.264415652894,174.768250162265,213.249928761847,211.18057655576,222.687054910695,230.026427676563,180.0029928578
"171",140.412417280055,181.229772002763,158.126854547273,175.189327991129,164.964251016137,181.899707558336,179.858338936192,198.458894691285,198.566942215773,218.202595892217,215.780931025667,215.962348432637,227.363614222696
"172",156.014978282063,203.8404445307,159.342563476447,169.135680916955,168.691507061635,180.210197454853,186.774776165238,219.817009239112,191.09203277959,223.484650824294,215.222197639984,215.359800053064,240.030095559466
"173",136.631797757163,212.800307305,151.21695167218,176.623667678614,166.030811082286,186.948933806734,177.066503760448,227.586242965116,189.197362347548,220.096469029092,210.132880759545,219.549526428526,226.342581409553
"174",47.6664101814922,184.816009459401,148.599894708411,160.214384610175,152.341337151128,167.707466873907,167.221417755798,193.073936924191,190.276338708783,212.62643931436,216.88779798989,216.765643119035,233.853549203213
"175",-53.6678135983261,199.054217009666,157.85323959811,163.44687894446,158.437777975598,173.512268946792,182.400984737618,221.76005778092,193.043732129664,229.261173305617,219.43359862182,217.367796080525,244.389508159296
"176",132.810072659291,199.785590717578,142.079888837678,127.764141934824,159.984533953179,157.392262348647,172.830763343526,225.365227741517,168.32626385962,134.351031583713,213.614234790511,231.74757258668,220.690650684992
"177",207.394846575812,183.037623692214,137.623588313297,160.392520683469,204.699481951267,168.268008091261,189.244192584743,210.785390156126,213.085196814672,225.426710345441,214.257694321715,197.53918911425,268.76088285787
"178",153.266470789428,188.266269025215,165.839188679036,150.915221905834,157.615886643368,176.648307522376,175.415658557882,198.101941873567,153.81448170123,239.673340604771,220.798124945823,216.213586868916,235.914334605482
"179",154.611432188526,189.888492006951,157.361786928743,169.889177837803,165.135595861014,186.362193928574,184.582351525596,221.320500878235,197.361503816605,214.326022227498,203.903377761086,211.260894118433,285.293540810022
"180",153.638739226489,212.494177598439,184.691694124548,151.295512622501,128.962018275947,169.434208134073,169.602134628498,209.728057965346,183.89767848065,224.005114655562,215.90899393201,213.447439034836,237.156685500848
"181",162.516569524579,206.886206036493,184.750702073363,162.456446335831,146.949261412684,174.995187775143,175.958873197217,223.670272476599,197.892728595951,218.817635912395,205.316826636314,211.714208523952,286.052578694509
"182",146.831451789005,201.183714621442,121.37628375776,171.50438094523,195.126297794615,174.398178131555,164.792207522043,212.48501932104,181.53015900749,242.995771037531,210.960131075082,194.134103032399,280.231373964748
"183",101.362354555289,190.156506596156,152.448366100799,154.078458357352,132.328577137241,175.374239068881,164.151062454617,220.450066805363,171.301487614448,197.771348915131,209.689486211853,221.818774181118,202.432190809172
"184",110.453461901824,192.957840507312,110.170113205137,168.870230844062,181.394008638921,164.678242005216,163.825230824183,226.30604959923,194.695737131094,230.640167484774,183.4169716648,173.803176925418,300.979124497179
"185",103.651337959169,202.399527517428,165.17469922581,150.533020625703,138.216796443654,160.253427288748,158.377220531048,202.940899355103,166.122808050126,228.78464173635,215.997136440303,216.258532433493,240.820415314585
"186",135.174558807587,186.095745964612,155.543208447049,170.380766053296,159.806014673942,181.071893223056,178.319639702732,198.737007637763,193.935704917596,219.80239293584,212.817761187118,220.21662126822,234.305031168945
"187",135.673585907627,183.008862023328,142.289957066613,93.3106894417667,161.892966115826,136.867077009403,-125.231417628292,193.740110333652,188.230579228056,213.545228235072,210.368637621447,213.664657373885,232.740846861534
"188",94.7981339980569,194.997300990993,158.552749428357,165.901655601184,123.551324322078,179.334307342045,180.909072858006,204.31551217481,197.908776067834,230.078288344837,281.006059771268,220.076621252304,256.667336293587
"189",148.154044918438,198.558698185097,158.161768079803,131.758559869214,87.5688294998557,186.895102728024,174.947322173333,191.974036544825,187.526817651911,226.222498054139,201.918300279446,209.921443451997,219.435555266827
"190",136.876357122259,190.128717751439,148.365412315327,209.236653688538,168.218395087018,170.830424561128,181.410507868499,199.579761851033,195.91440260669,212.289069413709,220.312710573715,217.388356981127,241.598769761927
"191",157.985024870603,198.122230032549,144.951351787434,175.190679945519,158.065894617334,189.118816212955,167.367119045761,193.288428907242,206.656727937997,220.518971466306,196.942723336818,221.491305662394,218.221783593273
"192",164.769418102592,158.456886666644,149.740078109712,177.538432821993,171.647084119741,171.750475975305,175.497749478503,204.461543373891,217.998950652837,199.584166266354,301.235789666842,204.013879987703,238.003105406018
"193",117.648246806977,188.793000491842,145.804415823523,186.939071885198,99.5424351834108,151.369106589517,178.507272307426,199.655251999557,190.165676994038,208.6245546866,217.776350731325,218.22514868042,246.84995645792
"194",158.57140428926,202.56714441272,151.510386667082,172.943881809927,158.160628924451,190.265866915592,167.747261912286,191.208695690133,206.509441056054,220.390338826682,192.721246000846,223.262922936245,218.199904660082
"195",132.703440516217,182.067990271647,142.274912183972,93.0061288672085,162.786947647376,136.585156634583,-125.09115656779,194.542928942853,190.234194397451,219.352521582367,222.89503074486,213.649822081451,232.47720874847
"196",139.989473872385,204.769822475978,130.199438344121,169.066151588481,195.58407183611,171.075128198386,162.115559982986,204.290890806276,192.711304520299,241.967682541851,208.383768445386,207.040029687495,264.453963445393
"197",145.207343032681,207.846411611337,139.551666556457,202.816184615725,174.780550787738,151.467086905416,178.870228703171,212.772934496513,194.664718468303,154.664817328937,247.61779108357,222.510371604856,240.73727169019
"198",159.539272539766,194.776036545633,146.792107104719,175.127213361981,152.5042971513,185.947208819874,165.162203970657,185.482995721445,206.717518888224,221.572162037896,190.740845735423,223.853998180803,174.575234342279
"199",157.252555639225,205.367872349542,157.666024543924,163.372694894051,151.812391961797,173.302199327927,171.152192849481,187.453498494944,163.477880644754,224.268803225132,209.431875960743,241.224168611232,213.597855830078
"200",137.192785174266,180.144622576832,155.924371119779,138.619777331805,152.143957748734,150.433535543378,175.145095660679,180.799330737922,190.06076542794,219.874340704161,214.233980003148,217.303635257675,227.235765631305
"201",140.457884838608,174.576133960393,161.485014531624,137.701694575284,152.650355916549,150.207492982761,174.971628929431,179.382696938961,183.032048842491,264.539060032252,222.670366915005,215.315840191864,205.423127554568
"202",154.350581273242,196.932013903437,148.755719213172,156.152424773296,193.792395503023,179.673211736965,187.007456585297,192.860452351737,170.038033329962,228.809267652186,221.356604019354,210.4012691606,244.223294605359
"203",171.515203887894,194.019824369251,147.113600386615,171.415871094256,163.588323101006,187.846293201031,177.093524057078,198.129956159089,184.4530913558,229.243966313987,200.008211282593,256.549078386776,222.048801674679
"204",192.112851544696,188.119009445628,134.370378368571,180.022622824272,163.716906416057,194.902252009999,153.579367364576,180.945307952598,183.993503333497,239.310260292939,192.871143738338,272.641370884991,240.353392337383
"205",166.770651309112,193.309849648003,146.848027112076,165.045535463221,181.947312883646,185.086062470051,182.081178145838,193.58884173387,169.175433846611,231.901740197741,206.413969962224,259.681710845367,217.371380520828
"206",167.839473718076,194.501138119599,146.298938974061,171.498359855824,164.498327975937,187.417530019502,179.25585037338,200.935602909134,144.803772931401,222.150127857529,172.806558715581,241.778125397435,216.198402936071
"207",151.20052883012,180.45537189374,165.336960438987,173.092645717034,166.185765806991,181.341528434456,179.904282118213,200.632646990795,192.450154617076,218.364485823922,213.744143575997,216.803710981686,253.12991071673
"208",165.432118054714,188.474351489434,154.181576367371,171.209774667543,163.824774092228,188.867683265439,175.634779266915,199.15812560194,181.046327819268,226.564753154925,197.930117766873,258.168304285942,242.137413174271
"209",155.195923500396,198.840376952399,117.261961318921,288.989918148315,159.528289080787,187.834126965974,176.737630185862,186.134869880962,190.639570102511,227.423143964118,208.231701269953,266.473266117153,197.457607619018
"210",160.969815882709,202.798087668405,147.140790751751,169.514100975781,157.894718333874,185.544140671986,173.625822884972,195.714553234658,180.354533834501,240.668504460955,213.072635313202,255.453789481637,222.13649860561
"211",91.8435470752026,164.30849754569,88.4235853356018,206.612006308377,12.7679826143457,153.957681496148,146.761969843639,173.716617827161,180.955358188075,238.364711007194,219.483255027368,261.922348529213,200.154380582462
"212",161.321306056355,214.160877654899,150.422760163975,176.006804838605,162.109808511417,184.17938471912,220.405117075687,179.842537534864,143.634021208983,213.516781707549,199.974619478437,228.571804747684,213.521929216211
"213",161.306436069839,211.35188374881,165.138040632526,188.105171046052,156.994371711054,193.319305292752,178.748700587152,166.425086826194,139.008261506378,208.597260247452,199.901757090412,228.830900734474,209.308691384294
"214",153.253081131361,187.222079506898,166.329514159043,113.776690297162,160.223325934183,182.613545077724,172.572651617658,192.44030120169,186.710245515647,259.429471274156,206.397882406129,224.116361494331,193.210848125735
"215",179.485498574879,231.44610471741,174.293945398816,140.134264036306,165.634771334911,190.081077503268,239.614914707062,171.418593209994,133.51468464125,263.30084393417,166.894474131738,238.583509028491,155.19084047321
"216",157.663141261654,217.894317014002,150.779656135423,171.171882649041,158.671364998043,189.816369017683,218.519146975999,202.686055595843,136.428763741165,206.032559993308,184.49096146283,221.518377828876,271.316117868632
"217",156.058626115395,200.275760221618,249.323209014456,110.143542892634,158.485782197402,180.28147645238,175.582246729167,201.994981358757,173.145777771732,264.311735795743,201.35329008005,232.590607740024,197.61422537188
"218",145.653700416413,186.67537819209,137.78805732512,175.283293774521,191.686047493657,169.619430413006,165.599139201231,202.017121840546,194.377724480344,240.054047000509,213.275630114672,194.42282398049,268.998940909626
"219",214.98340901802,182.520773258554,135.191311493798,186.637910825145,168.978878928002,182.263257811799,240.145862016058,90.0164297776546,175.893914122132,237.887189243208,197.090004428506,267.352711160179,210.903887195227
"220",199.547162297597,194.302259026926,113.410181091308,181.502422310126,185.676132743072,182.816317586423,159.777372628039,90.5319333952814,169.982218487159,263.854454388215,187.93764139795,261.399989577082,249.595752420717
"221",211.71564265381,208.77073333662,142.378310120371,319.249217164079,181.103206331574,180.914550612789,253.567981285266,90.728876937843,125.62887073597,232.034808476759,168.308943664699,249.056661181698,207.211209210407
"222",198.384266860065,174.844520213183,130.110573360829,182.79501084115,148.331399206366,170.151626967833,216.383191658461,72.4933921555519,148.286616680276,236.211165688343,200.835807305732,259.795930319602,205.421944804058
"223",156.073527202794,163.428036060092,79.2072864946515,178.396167585105,159.125628425793,160.781268952651,114.262598761766,158.723484552223,154.944575445615,284.810582342469,192.162203838622,284.680244115048,223.803298370681
"224",153.477769000875,194.576776503036,161.944378750103,178.10988474456,163.445995051345,185.476307567159,177.978493977317,192.705311094177,198.784592370867,225.718349140355,201.611577859982,212.043545249843,225.761073096026
"225",132.516474329044,210.455722475093,247.230513494053,97.7532220040102,148.257087262775,148.993549682523,165.523278374105,157.95295702853,187.5341770938,220.07738498802,195.960673718325,218.621757053641,193.362126512484
"226",229.026398818482,194.441227180868,151.118687292118,154.099104103681,206.239153561644,177.24815094563,16.3539015463059,66.001137561975,181.900302361083,240.68267922353,192.592521278693,279.276105792575,239.817248301334
"227",195.063845106579,245.086251389557,119.150385575335,166.06872943812,209.081563258638,178.237743655426,177.084058272525,180.228781090458,156.634582731378,231.150759412901,209.759987078215,209.110261073816,264.25413917629
"228",154.348725153758,198.333349259733,179.298953908232,162.059387894579,144.220563862125,167.288726310747,170.560559944929,200.398188663168,197.103821382594,227.29303321071,218.125977588014,217.230449786353,236.562958074953
"229",144.007887032353,196.706993360758,119.058842352407,172.580103729814,198.629337617766,161.62120815396,161.531230786365,203.324824021906,191.045232653434,240.979784415007,208.640877109454,187.634340534627,267.60052532076
"230",154.474597469544,187.853150359696,150.494810025514,171.60135504883,169.266754910482,190.124557884326,173.248350744682,210.060659100117,180.449136972021,219.803978550852,213.824656147222,218.077926543735,247.854272434947
"231",141.118668491688,186.769145666299,113.845463425305,174.648026665804,201.570527134703,164.241762913506,150.074239851891,205.452405621956,183.898389982268,241.923406111461,209.454602985417,186.526067651617,263.438358952817
"232",133.901945256815,198.390973190564,156.483674986705,169.882659475905,168.305999743934,179.621065785805,174.188158287867,205.02533167946,166.073821423033,224.088774416462,215.553925165824,215.782073977813,239.924312091748
"233",154.414511160602,189.39779644615,158.684615961539,172.063152498562,128.092135962893,180.40173371553,180.381654883437,201.917952942822,187.098975044069,220.410979854264,216.321600464663,217.915772963059,244.157664617337
"234",158.64434673763,215.385436079651,174.876164838565,177.850120274857,166.644765633737,187.220280881774,175.137933139372,195.82181423299,210.663610871086,239.839670278543,208.575797974283,216.428795397995,233.02969486372
"235",162.197755661335,203.803303314702,218.415759365947,171.819138301684,164.034406017494,178.800323610641,177.71737957976,197.700789707583,195.185358931065,220.797109498006,218.174023714609,216.186019788077,230.107688781116
"236",129.307093961193,192.954056778486,147.563213665752,212.471611282523,168.33998004006,165.926376110912,178.557215999913,197.862937587717,197.023775394765,207.858256712296,220.357165589767,221.467338462875,239.905651583377
"237",170.730800419923,199.780616365608,154.621953827543,169.427050876586,144.277481819097,194.878467123521,172.385585537854,197.31036922964,211.989552037347,212.015631579889,191.825980872546,223.595492605433,235.060454134246
"238",169.889548324555,195.94580400057,156.118360843132,172.577806918427,140.890874531989,191.732141229508,169.635581807308,192.651680581815,210.537881734833,216.100369726477,188.568526282994,222.035363663565,193.030443577213
"239",163.60495197321,190.790232878237,166.564686639963,178.452901769575,169.182075107986,183.361490173398,181.902764642236,198.263761111306,196.638519850258,218.770754847884,213.783316050502,214.225448617599,232.595055664279
"240",154.641700610308,190.073038801346,157.724851220369,172.348804965326,166.043917942638,183.384602579919,180.347417992656,198.930822128837,200.293074257768,219.208724870748,210.471523456501,210.803401221538,283.854749008021
"241",136.098275517506,182.166519327505,157.694494361963,126.506461376931,151.990406925226,148.346024757772,176.36089669548,178.824562920727,188.146258457831,214.449705279524,208.980154928366,221.64638154277,226.03441716823
"242",185.319812588248,186.786254676624,136.606347663601,180.844465872961,164.593440538885,193.83938231063,153.988953206522,181.807068804299,186.016058105118,236.044022511478,196.745945246962,267.217756535392,240.225424420373
"243",151.540890101658,180.328850387351,166.475923675478,172.84003793516,166.492771041902,180.864850902122,180.754240967246,201.522791434943,192.286906765353,218.49878010339,214.439188800507,216.128465682926,254.481082154258
"244",127.977806708386,176.751168535923,150.600235376846,174.41013590179,154.328834147523,171.779764781104,159.570713570237,191.773096572295,202.883102422669,221.634289822131,215.979166088352,209.708989285787,244.58603271688
"245",145.939787945155,186.537671908571,136.522908619196,175.400359982729,195.868980312597,165.607894177796,162.113997678007,202.312563034125,194.751350858715,238.329608158793,214.13936348763,195.486239525428,267.471890585938
"246",224.748455195249,198.521925714577,95.9977029826797,181.11301955624,194.553973800595,176.050818716401,164.841623663518,82.9498966876686,165.12970231558,268.180366628678,188.709659214069,261.552781342865,250.156980554761
"247",156.456002051199,209.030121506315,174.856190353997,178.964230719278,175.064273680689,186.680056509415,174.524807793746,194.748358477301,204.291828472393,241.08741286275,206.892883009662,215.223111085315,228.252280086628
"248",134.462326503611,189.034309269889,155.806324827479,169.58968742556,162.110293210421,177.049511514978,173.595503554951,195.737744912847,192.697637606502,220.929677070419,214.305192075369,216.921795802153,231.923282244891
"249",159.387507122181,204.650010150016,183.463280859606,163.371628967247,141.087590537416,166.919106281494,170.407462602274,202.129394744184,196.999256345593,224.03855233346,214.530256479841,217.959553830046,244.639721283459
"250",130.989926480051,186.072668226239,152.917254039685,167.950891755503,156.329072422569,177.220804493583,175.132115518424,193.966375210092,184.354806419697,221.636805977563,210.177693316622,221.801924936636,236.11598852572
"251",137.153942180344,190.194621895237,146.141430943805,95.5840937209044,157.25390011792,136.789935419267,-105.852225212221,195.003342684429,185.086910871108,211.137371851783,213.628903503791,218.38772821284,253.811350062621
"252",125.226494395614,200.27170451372,160.056451246913,168.367869446735,153.924284376882,180.115476691185,175.792063850869,202.283572701116,212.141803397029,237.106113832872,214.334410889092,217.422343851097,237.653766890145
"253",130.508025299266,204.215558542917,160.592712055883,141.5110111921,89.3051525916205,183.06788379161,173.227978937079,198.254173040208,200.71983388079,236.357106779614,219.594666324167,217.244989757438,246.99208004729
"254",92.5705276700349,213.732625907518,162.090407824572,168.880933837785,159.036690451404,170.573248062965,177.033505311708,219.013440014233,245.135755350987,258.732249127546,310.25933546619,215.432211077147,239.090244954397
"255",206.093648248395,190.0530829946,159.134774567493,132.941443898419,236.054745692846,150.88648085717,-18.9539680068139,127.928534817182,195.031366129456,220.884413411241,214.056085669756,216.055208795753,230.486649716778
"256",193.308495691983,221.58217970727,158.537791819486,162.52498062898,161.282676501161,191.17253706595,177.778899578021,219.990567539602,210.978245255605,213.850138767607,203.164696643378,219.695487721467,244.095279990062
"257",188.056101717064,227.324801284842,162.298219868599,163.910826816442,162.930989851485,189.918146850957,181.177896005911,233.664832125777,223.352023121504,194.32152271947,196.436457559924,208.42691038121,261.666136369817
"258",204.803232854284,202.069529895353,155.724934553116,136.448485468146,226.972020085235,164.821194049772,26.5883091359244,123.64565534307,209.554158159382,214.143389373175,203.822642146745,218.128232405583,246.57061067347
"259",201.105256120266,238.355007911379,167.411653141197,202.480860032296,162.816563894612,192.483410619354,165.609126056528,227.689218202407,208.092706039749,223.652551011219,200.761554663642,211.052755937908,233.752490266508
"260",-5.49546114386101,220.620315005631,160.069509378007,159.471208175236,153.848204632383,186.192503720847,175.013634365077,223.421421276175,214.451689131499,221.083504959618,208.896529589914,221.542461344818,250.830901874877
"261",61.4624077235128,205.653319482918,170.15665402917,177.605537289626,155.851639621197,176.55582214797,175.398877721849,209.966374020834,212.97036175047,232.004636635053,222.00595979567,213.429246966279,258.888971909451
"262",249.674698366186,197.02979165652,161.179223656218,167.387438863482,158.434121606805,185.307412670049,178.205531024097,198.266454568937,220.627822304575,217.576210262831,203.842584945402,215.528804610218,189.031347550896
"263",283.163068478598,194.713538500085,144.364406665893,169.560495321227,200.801339312076,162.283476670322,155.695977168579,205.263993909934,219.80431438847,179.621002947072,209.261433651543,211.961356108731,253.062398300998
"264",142.032102971066,187.674940950173,159.156843480875,170.331166611396,165.094167184015,178.217314672764,169.850221194868,184.317585347938,187.673922142372,212.876692393381,212.327101775444,213.471997724415,240.811485795448
"265",131.239976436888,184.824959526783,151.450923689467,131.350753729806,142.304592830098,146.407002136007,168.918535493539,187.485963063007,187.919528646066,203.309875444221,212.291628173428,218.485000854108,239.704928622436
"266",154.041670578489,184.418382019089,148.30151781864,155.252842090472,201.351568294695,178.120090413117,193.560909729989,171.571270343762,169.97738729233,236.390854659292,219.2549452883,203.968118136281,236.034907981113
"267",198.889365233038,185.715450330301,162.282604834735,157.027930022596,215.719483365688,171.500527394189,182.479458135396,138.819359177494,186.595373855341,226.042934161972,242.213279135078,209.932919033641,225.901053296592
"268",172.048395067536,195.114195969269,146.813984000535,169.492777685772,164.278890123116,186.444304816515,179.895647273034,200.242581363544,180.619995461764,231.06831287064,204.509164494166,253.030045099661,225.348156297578
"269",193.269633007209,190.416407481263,135.327937659106,177.109227190638,162.747532038134,194.280485388812,157.858032569996,184.469150260633,170.626479632653,236.637050728514,206.385883820627,268.257854351336,246.519319621447
"270",135.826432781547,215.404083824059,127.818328769068,166.904530376123,161.276130483222,187.936965662705,185.46968280522,199.668840389228,40.4804021249978,224.63441623896,178.370241590486,238.93594409481,216.799039112709
"271",166.317762624864,202.861344172317,158.934688532523,168.957114612575,165.411443443341,186.589019985018,181.35082639597,216.302127620897,173.986165586042,229.856251065891,202.576875067421,253.677998450072,244.00910012185
"272",112.80330923949,217.940336481603,171.712931003907,169.238133787213,168.027080686421,178.181783699826,192.04034866801,227.053391075791,121.857513372018,217.028190437818,190.380942218831,193.885224323268,235.057440935624
"273",169.180379604433,199.863149798783,142.524149356019,166.713746106638,156.364184139098,182.040109433577,175.906242070848,208.009919013087,189.810159803801,261.092559773785,241.997415219853,268.072942255673,231.047471950693
"274",187.772895841457,199.828588164585,153.603573461326,145.488522039763,177.48622902807,173.713967540696,171.659178099133,175.036686783279,211.911267792917,215.781388856778,211.627905674212,193.498099097225,247.977308023159
"275",164.688693912091,227.664474494716,138.29613185997,143.391364953881,169.269996473817,183.338886421015,238.785997858589,206.410599708783,118.107432950557,218.938236545745,223.714287867217,219.844724729595,225.628445445226
"276",209.587156373528,197.28867522819,125.693740205927,161.625236872236,221.519717850163,160.576937459931,169.964533034464,201.624759131594,214.302096103977,227.889238554436,223.192488732456,190.386371864428,288.240730561653
"277",237.453571407072,182.787261457306,118.764755444669,179.391531276482,195.858074134642,184.383010290844,212.318041722657,102.822743109099,143.448573674506,244.090577884912,196.267894557513,268.65429764372,210.081656185651
"278",200.568313265218,200.97318910725,176.251257622265,164.213860504412,159.35180714008,189.398821299916,180.54903180327,223.66894351671,202.119603566918,215.653557967529,206.683952612605,218.964625087379,226.175291815765
"279",126.1538687765,179.974405560643,178.334746064793,168.317487263638,147.358721876923,183.607582405355,191.566762787908,204.974697747291,205.683270812269,237.17651551591,233.298339418321,223.29015948361,219.989567162325
"280",132.330282960902,190.790919332613,182.597592044472,177.284847053163,156.711670445262,188.62862235584,196.743061433705,212.084669685967,208.47638464367,233.921905261047,225.138541642606,218.894116132185,232.84084032619
"281",130.35444385438,179.02002230258,163.744253675564,189.631571028762,174.893833677734,215.94210417162,168.383274263009,210.791027399067,207.093723564958,243.307642465019,225.659703488393,234.928260558989,228.818442464949
"282",127.423808189284,191.859092118496,186.898214865335,175.760707222648,154.038661419871,187.031127329284,193.993122822236,211.900240029578,210.570396929766,243.460201352824,228.778097137003,215.854931400959,236.718679566468
"283",141.730036051192,211.346429726902,196.91926260867,168.985607552335,160.779744653797,188.040934147282,208.55074613574,244.062953465844,218.769612529505,214.271635238359,225.654308666947,198.137435263263,274.918159611205
"284",112.546831620536,196.800312242967,174.730057737853,160.969423833874,138.737573555541,183.421150002514,172.358164864074,209.4872223988,209.896782289194,229.288492904723,230.35092580867,218.150825144597,258.767282839315
"285",132.282779289249,199.611487576935,183.878134682459,173.781926459296,159.300258605392,186.417716071257,196.901506815567,210.153575110923,211.377953013134,230.30082444785,234.745489426083,219.30658111448,237.770953690192
"286",133.537728652502,199.507580912191,185.604907427706,172.931215385669,159.100202632642,185.570124080972,194.791069237016,207.551753860105,215.370683880528,224.034869548691,238.790013011686,220.132828129204,229.687979401091
"287",118.917574008213,190.511998648194,176.376121488889,168.969459366035,143.212204815305,176.481195199451,186.264148834808,212.906052687283,202.371878937593,215.108959779895,233.195771666115,213.752874533224,239.84713689595
"288",152.748902444642,217.319536365948,177.547749193317,142.102018576143,167.681760315702,173.356498061684,186.589084850085,211.562528531319,226.839504291016,255.83465269497,234.479923916928,197.356499972257,252.753263836717
"289",92.2738173339709,208.955288503308,191.223033794864,171.631740089459,167.538086796589,185.140470677306,216.122211469695,238.630129530637,196.781184959095,235.506382531196,228.332860049608,215.7052807779,236.572462084975
"290",115.796208877705,203.157380755291,167.183304612062,130.572947859348,162.359672398666,168.302882567327,190.787895223718,234.983662152962,179.345852419925,146.940063562035,230.977607100822,228.192942590206,205.738535682543
"291",116.075932472096,227.308776202105,182.610125717522,121.332982441783,164.558586716157,165.309614055488,194.881360265892,250.286114387153,200.749187087775,183.753092033402,243.270460765993,212.682115766026,235.894222901169
"292",190.525834837137,188.913766326123,160.912092802244,159.771492552505,200.040993454685,174.51682415723,210.419403862183,224.432755163244,230.666016444108,242.848170672498,226.135694119709,192.801291392626,275.561488403623
"293",220.743815702806,168.370837570984,181.100551304327,163.705932571832,197.582918967524,166.300491089854,219.371965923937,211.200108283206,259.840773566447,247.172852442066,208.794432448256,179.986571839512,207.367832837879
"294",139.303732915115,195.482364834665,170.637104351094,165.379833318801,177.592305486579,186.483564112332,201.587428166696,220.978538142067,178.646812483683,249.10295992077,228.40469670941,212.570354282632,244.062859596816
"295",162.563208883597,138.31080131449,174.054001178173,173.174218295339,176.005308621081,177.373286368923,220.384108594681,209.885139209234,180.437451305101,245.845481974652,230.435341778247,216.299172632428,238.702337820283
"296",233.69244582772,154.984949790817,158.30092148513,162.418812723055,200.89677923097,176.18841758098,199.470495569045,225.086811507018,232.010620679661,238.164353853912,223.942626614735,185.934762769994,282.927828463479
"297",177.349975068319,184.269334609175,158.217162425209,155.469833772634,193.98851149656,166.141753222068,198.479940090387,220.139258227275,224.760089399948,240.26614236789,220.636082792013,189.907501421336,278.954059633676
"298",129.497666333796,204.682286461579,178.563676287748,174.978900037057,169.321392190966,175.992376589793,197.294291960213,219.739966472516,245.678568674388,173.517343931559,226.667072046818,215.757000477544,266.886783686926
"299",133.544375196558,200.441148563106,170.894793510389,176.968453203921,157.837000798988,184.291281954591,202.185597827714,215.013702122951,192.880652523292,251.076457352178,222.396005225172,208.230737770268,231.561774966757
"300",143.130953938614,178.308776204076,205.746758368147,180.812381275607,159.919527568686,183.436524729984,202.073302350343,191.189558811858,223.897328192,227.194253397297,234.031659216981,229.187415730752,187.513646774506
"301",181.799309579682,190.69515611732,162.838854234444,162.142458124384,199.213015979864,176.214071536075,211.450468838666,226.626025875927,231.665318307018,245.074927032395,227.52888394737,194.300616241168,274.880358169504
"302",131.280595643469,195.456345848948,182.33247996773,172.882325184759,152.576445670404,193.22218182596,171.097099838989,184.909327305341,207.812368249166,236.232238143493,227.802913238809,213.72835525876,236.087416632277
"303",127.258314839329,203.372988440798,170.50820290884,180.35427904498,137.152192508075,220.856412074584,181.820404953617,204.071675712358,218.00273067112,231.605207768889,202.381900700649,228.220862344775,220.301650049726
"304",187.817591309599,221.866203528932,185.335826565766,128.355314602181,178.72281392974,172.302135719414,-115.214860877688,127.182509258042,223.570075019692,237.706680426731,193.998356001771,232.492951702678,176.182656907494
"305",145.49302891478,199.188516455907,170.808518744349,167.060226780008,171.751230496613,195.57070759715,200.848669097984,204.789424887463,175.999717796191,255.910628905082,215.315153676595,268.283411712122,224.055394326751
"306",115.204579513224,219.282747959191,179.063609746279,172.662952095259,149.52471055602,201.694767156023,235.741733683651,219.935910951549,160.983111916902,221.905704299779,194.826366584855,217.582689245964,296.664946978419
"307",183.690301630955,187.508528087257,158.384264050194,192.125454886883,157.016298320317,192.560926217684,269.448890722585,108.266546740659,185.413049798712,260.020486837012,201.953714821914,280.044006589944,208.319508148519
"308",159.343543660035,201.417949181882,138.960435340169,187.192323526931,174.193445996796,194.898486347091,182.684446824351,115.286495630135,180.576898818096,300.60607974083,191.22367538703,276.314330189968,257.055658367136
"309",127.165504218648,210.926329870964,195.951420682565,182.913381750451,149.739129978133,199.196663868729,195.203741513991,200.144605909399,218.520007568662,247.294252160682,206.708330197203,209.304891231799,225.40945261829
"310",208.892693998654,197.734332731559,174.180704886812,163.038171088373,194.9903622685,185.757467330957,3.78097434110202,103.771934921634,194.668912775653,271.769997622583,198.897186594257,290.789061955987,244.479264923614
"311",147.734197368281,206.62030860928,181.756090845944,172.824245838046,128.722933538881,205.410671050521,186.39611690854,206.437552547487,227.597534268204,229.194659456673,197.775299325701,225.689693789854,229.737955456425
"312",190.429130870854,201.188983934562,181.329175547442,145.878793859904,197.792440568288,175.895245119906,31.9328903875234,147.727084752616,191.204717567683,254.70022341512,203.844569654277,273.253879433141,217.786755158149
"313",115.076154616819,233.550096755736,144.709047268406,177.145564636132,184.942528830639,165.159168006085,182.83721003377,232.13940951091,220.798222593748,285.877890355789,234.073138856673,188.271988540347,279.179459119868
"314",163.64169413375,231.108392059395,184.359842957199,166.276329607597,147.462666439832,202.251795469126,193.082143111042,229.25346479349,227.305052105123,230.300102848355,208.238818079654,221.906087731083,239.171670024996
"315",198.257282424888,190.586981261502,188.106643862084,172.825120361276,144.780466307112,196.181504810299,195.496634992,201.748139593973,240.417325482194,233.484430618954,212.183075592142,217.864862836141,192.971256115464
"316",168.335845153718,193.199009197341,162.689196160957,132.919214776119,205.219172766598,183.335766242793,245.197843157623,156.147547689928,158.271347104948,290.305879881849,227.144552711163,239.208041452293,211.241525000143
"317",131.131131643287,221.999785078148,161.839911591998,146.27910121346,163.748870427568,192.354460228454,254.13217547933,217.871061255945,133.112412712682,232.718168161999,230.223706493105,219.569351317241,223.34149557125
"318",174.577083838614,196.713239741295,202.750742745657,168.778696251087,145.26797168261,202.771125698188,193.392311214257,228.652129957705,225.006077768409,227.71256047705,213.998622171242,220.20419443904,238.3106990437
"319",190.432587183605,151.159361326523,178.146014941187,155.094470537233,151.536488905289,172.411358280867,176.767686635914,220.330072114268,262.075561098655,203.574386243205,228.042607062975,197.932568964949,255.475069618908
"320",161.0887989769,155.905419890264,153.795662567646,166.368139658792,170.444441290775,178.07255582018,204.028810949257,228.316774514328,187.106739110719,203.722270325962,225.638674722955,211.141523127219,200.666161514647
"321",163.36775496059,179.424419959969,171.67159322023,202.515440136981,157.277190612165,168.791646703756,157.254525755262,157.043994797435,207.980062080773,196.351341060703,187.037622106053,208.950346026031,240.387067420651
"322",166.658972913496,138.589307997957,135.74056746641,161.953057396093,156.64696996375,170.605494346425,162.05702481949,189.27941866924,204.963368483719,250.104065578317,248.955073273438,256.205676290822,192.006148209677
"323",201.528241695967,129.15472228983,125.097064367593,182.764134419721,166.889759654622,172.825885496936,255.711814128679,137.955312352948,156.709016943072,234.928870046687,222.79259019504,257.710651612488,179.196520101466
"324",177.366421333893,206.417631013724,214.303097748304,144.586197383978,161.443845612293,177.668482367051,194.069877086883,214.938401510608,250.690004796232,259.86690972146,237.979588559789,190.189836140924,226.154766355413
"325",135.828097139746,177.274300844406,208.048307790369,157.808365640705,132.439792191919,193.5414993096,202.272219506688,247.848545835325,211.753184413158,236.973776729561,211.124470547088,205.605609787138,305.021393611896
"326",171.304192178304,228.266857559568,288.632803847603,180.413879614887,149.578289805663,200.127229049914,194.417975482088,193.653494710941,222.524989487167,243.086602529703,202.575608127261,210.345356935013,198.982720064809
