"Date","NumTweets_Month1_all_Absolute","NumDistinctTweets_Month1_all_Absolute","NumDistinctUsers_Month1_all_Absolute","NumPopularTweets_Month1_all_Absolute","NumVerifiedTweets_Month1_all_Absolute","NumTweets_Month2_all_Absolute","NumDistinctTweets_Month2_all_Absolute","NumDistinctUsers_Month2_all_Absolute","NumPopularTweets_Month2_all_Absolute","NumVerifiedTweets_Month2_all_Absolute","NumTweets_Week1_all_Absolute","NumDistinctTweets_Week1_all_Absolute","NumDistinctUsers_Week1_all_Absolute","NumPopularTweets_Week1_all_Absolute","NumVerifiedTweets_Week1_all_Absolute","NumTweets_Week2_all_Absolute","NumDistinctTweets_Week2_all_Absolute","NumDistinctUsers_Week2_all_Absolute","NumPopularTweets_Week2_all_Absolute","NumVerifiedTweets_Week2_all_Absolute","NumTweets_Month1_allold_Absolute","NumDistinctTweets_Month1_allold_Absolute","NumDistinctUsers_Month1_allold_Absolute","NumPopularTweets_Month1_allold_Absolute","NumVerifiedTweets_Month1_allold_Absolute","NumTweets_Month2_allold_Absolute","NumDistinctTweets_Month2_allold_Absolute","NumDistinctUsers_Month2_allold_Absolute","NumPopularTweets_Month2_allold_Absolute","NumVerifiedTweets_Month2_allold_Absolute","NumTweets_Week1_allold_Absolute","NumDistinctTweets_Week1_allold_Absolute","NumDistinctUsers_Week1_allold_Absolute","NumPopularTweets_Week1_allold_Absolute","NumVerifiedTweets_Week1_allold_Absolute","NumTweets_Week2_allold_Absolute","NumDistinctTweets_Week2_allold_Absolute","NumDistinctUsers_Week2_allold_Absolute","NumPopularTweets_Week2_allold_Absolute","NumVerifiedTweets_Week2_allold_Absolute","NumTweets_Month1_opening_Absolute","NumDistinctTweets_Month1_opening_Absolute","NumDistinctUsers_Month1_opening_Absolute","NumPopularTweets_Month1_opening_Absolute","NumVerifiedTweets_Month1_opening_Absolute","NumTweets_Month2_opening_Absolute","NumDistinctTweets_Month2_opening_Absolute","NumDistinctUsers_Month2_opening_Absolute","NumPopularTweets_Month2_opening_Absolute","NumVerifiedTweets_Month2_opening_Absolute","NumTweets_Week1_opening_Absolute","NumDistinctTweets_Week1_opening_Absolute","NumDistinctUsers_Week1_opening_Absolute","NumPopularTweets_Week1_opening_Absolute","NumVerifiedTweets_Week1_opening_Absolute","NumTweets_Week2_opening_Absolute","NumDistinctTweets_Week2_opening_Absolute","NumDistinctUsers_Week2_opening_Absolute","NumPopularTweets_Week2_opening_Absolute","NumVerifiedTweets_Week2_opening_Absolute","NumTweets_Month1_posting_Absolute","NumDistinctTweets_Month1_posting_Absolute","NumDistinctUsers_Month1_posting_Absolute","NumPopularTweets_Month1_posting_Absolute","NumVerifiedTweets_Month1_posting_Absolute","NumTweets_Month2_posting_Absolute","NumDistinctTweets_Month2_posting_Absolute","NumDistinctUsers_Month2_posting_Absolute","NumPopularTweets_Month2_posting_Absolute","NumVerifiedTweets_Month2_posting_Absolute","NumTweets_Week1_posting_Absolute","NumDistinctTweets_Week1_posting_Absolute","NumDistinctUsers_Week1_posting_Absolute","NumPopularTweets_Week1_posting_Absolute","NumVerifiedTweets_Week1_posting_Absolute","NumTweets_Week2_posting_Absolute","NumDistinctTweets_Week2_posting_Absolute","NumDistinctUsers_Week2_posting_Absolute","NumPopularTweets_Week2_posting_Absolute","NumVerifiedTweets_Week2_posting_Absolute","NumTweets_Month1_opportunity_Absolute","NumDistinctTweets_Month1_opportunity_Absolute","NumDistinctUsers_Month1_opportunity_Absolute","NumPopularTweets_Month1_opportunity_Absolute","NumVerifiedTweets_Month1_opportunity_Absolute","NumTweets_Month2_opportunity_Absolute","NumDistinctTweets_Month2_opportunity_Absolute","NumDistinctUsers_Month2_opportunity_Absolute","NumPopularTweets_Month2_opportunity_Absolute","NumVerifiedTweets_Month2_opportunity_Absolute","NumTweets_Week1_opportunity_Absolute","NumDistinctTweets_Week1_opportunity_Absolute","NumDistinctUsers_Week1_opportunity_Absolute","NumPopularTweets_Week1_opportunity_Absolute","NumVerifiedTweets_Week1_opportunity_Absolute","NumTweets_Week2_opportunity_Absolute","NumDistinctTweets_Week2_opportunity_Absolute","NumDistinctUsers_Week2_opportunity_Absolute","NumPopularTweets_Week2_opportunity_Absolute","NumVerifiedTweets_Week2_opportunity_Absolute","NumTweets_Month1_hiring_Absolute","NumDistinctTweets_Month1_hiring_Absolute","NumDistinctUsers_Month1_hiring_Absolute","NumPopularTweets_Month1_hiring_Absolute","NumVerifiedTweets_Month1_hiring_Absolute","NumTweets_Month2_hiring_Absolute","NumDistinctTweets_Month2_hiring_Absolute","NumDistinctUsers_Month2_hiring_Absolute","NumPopularTweets_Month2_hiring_Absolute","NumVerifiedTweets_Month2_hiring_Absolute","NumTweets_Week1_hiring_Absolute","NumDistinctTweets_Week1_hiring_Absolute","NumDistinctUsers_Week1_hiring_Absolute","NumPopularTweets_Week1_hiring_Absolute","NumVerifiedTweets_Week1_hiring_Absolute","NumTweets_Week2_hiring_Absolute","NumDistinctTweets_Week2_hiring_Absolute","NumDistinctUsers_Week2_hiring_Absolute","NumPopularTweets_Week2_hiring_Absolute","NumVerifiedTweets_Week2_hiring_Absolute","NumTweets_Month1_hashtags_Absolute","NumDistinctTweets_Month1_hashtags_Absolute","NumDistinctUsers_Month1_hashtags_Absolute","NumPopularTweets_Month1_hashtags_Absolute","NumVerifiedTweets_Month1_hashtags_Absolute","NumTweets_Month2_hashtags_Absolute","NumDistinctTweets_Month2_hashtags_Absolute","NumDistinctUsers_Month2_hashtags_Absolute","NumPopularTweets_Month2_hashtags_Absolute","NumVerifiedTweets_Month2_hashtags_Absolute","NumTweets_Week1_hashtags_Absolute","NumDistinctTweets_Week1_hashtags_Absolute","NumDistinctUsers_Week1_hashtags_Absolute","NumPopularTweets_Week1_hashtags_Absolute","NumVerifiedTweets_Week1_hashtags_Absolute","NumTweets_Week2_hashtags_Absolute","NumDistinctTweets_Week2_hashtags_Absolute","NumDistinctUsers_Week2_hashtags_Absolute","NumPopularTweets_Week2_hashtags_Absolute","NumVerifiedTweets_Week2_hashtags_Absolute","NumTweets_Month1_all_AbsoluteDelta","NumDistinctTweets_Month1_all_AbsoluteDelta","NumDistinctUsers_Month1_all_AbsoluteDelta","NumPopularTweets_Month1_all_AbsoluteDelta","NumVerifiedTweets_Month1_all_AbsoluteDelta","NumTweets_Month2_all_AbsoluteDelta","NumDistinctTweets_Month2_all_AbsoluteDelta","NumDistinctUsers_Month2_all_AbsoluteDelta","NumPopularTweets_Month2_all_AbsoluteDelta","NumVerifiedTweets_Month2_all_AbsoluteDelta","NumTweets_Week1_all_AbsoluteDelta","NumDistinctTweets_Week1_all_AbsoluteDelta","NumDistinctUsers_Week1_all_AbsoluteDelta","NumPopularTweets_Week1_all_AbsoluteDelta","NumVerifiedTweets_Week1_all_AbsoluteDelta","NumTweets_Week2_all_AbsoluteDelta","NumDistinctTweets_Week2_all_AbsoluteDelta","NumDistinctUsers_Week2_all_AbsoluteDelta","NumPopularTweets_Week2_all_AbsoluteDelta","NumVerifiedTweets_Week2_all_AbsoluteDelta","NumTweets_Month1_allold_AbsoluteDelta","NumDistinctTweets_Month1_allold_AbsoluteDelta","NumDistinctUsers_Month1_allold_AbsoluteDelta","NumPopularTweets_Month1_allold_AbsoluteDelta","NumVerifiedTweets_Month1_allold_AbsoluteDelta","NumTweets_Month2_allold_AbsoluteDelta","NumDistinctTweets_Month2_allold_AbsoluteDelta","NumDistinctUsers_Month2_allold_AbsoluteDelta","NumPopularTweets_Month2_allold_AbsoluteDelta","NumVerifiedTweets_Month2_allold_AbsoluteDelta","NumTweets_Week1_allold_AbsoluteDelta","NumDistinctTweets_Week1_allold_AbsoluteDelta","NumDistinctUsers_Week1_allold_AbsoluteDelta","NumPopularTweets_Week1_allold_AbsoluteDelta","NumVerifiedTweets_Week1_allold_AbsoluteDelta","NumTweets_Week2_allold_AbsoluteDelta","NumDistinctTweets_Week2_allold_AbsoluteDelta","NumDistinctUsers_Week2_allold_AbsoluteDelta","NumPopularTweets_Week2_allold_AbsoluteDelta","NumVerifiedTweets_Week2_allold_AbsoluteDelta","NumTweets_Month1_opening_AbsoluteDelta","NumDistinctTweets_Month1_opening_AbsoluteDelta","NumDistinctUsers_Month1_opening_AbsoluteDelta","NumPopularTweets_Month1_opening_AbsoluteDelta","NumVerifiedTweets_Month1_opening_AbsoluteDelta","NumTweets_Month2_opening_AbsoluteDelta","NumDistinctTweets_Month2_opening_AbsoluteDelta","NumDistinctUsers_Month2_opening_AbsoluteDelta","NumPopularTweets_Month2_opening_AbsoluteDelta","NumVerifiedTweets_Month2_opening_AbsoluteDelta","NumTweets_Week1_opening_AbsoluteDelta","NumDistinctTweets_Week1_opening_AbsoluteDelta","NumDistinctUsers_Week1_opening_AbsoluteDelta","NumPopularTweets_Week1_opening_AbsoluteDelta","NumVerifiedTweets_Week1_opening_AbsoluteDelta","NumTweets_Week2_opening_AbsoluteDelta","NumDistinctTweets_Week2_opening_AbsoluteDelta","NumDistinctUsers_Week2_opening_AbsoluteDelta","NumPopularTweets_Week2_opening_AbsoluteDelta","NumVerifiedTweets_Week2_opening_AbsoluteDelta","NumTweets_Month1_posting_AbsoluteDelta","NumDistinctTweets_Month1_posting_AbsoluteDelta","NumDistinctUsers_Month1_posting_AbsoluteDelta","NumPopularTweets_Month1_posting_AbsoluteDelta","NumVerifiedTweets_Month1_posting_AbsoluteDelta","NumTweets_Month2_posting_AbsoluteDelta","NumDistinctTweets_Month2_posting_AbsoluteDelta","NumDistinctUsers_Month2_posting_AbsoluteDelta","NumPopularTweets_Month2_posting_AbsoluteDelta","NumVerifiedTweets_Month2_posting_AbsoluteDelta","NumTweets_Week1_posting_AbsoluteDelta","NumDistinctTweets_Week1_posting_AbsoluteDelta","NumDistinctUsers_Week1_posting_AbsoluteDelta","NumPopularTweets_Week1_posting_AbsoluteDelta","NumVerifiedTweets_Week1_posting_AbsoluteDelta","NumTweets_Week2_posting_AbsoluteDelta","NumDistinctTweets_Week2_posting_AbsoluteDelta","NumDistinctUsers_Week2_posting_AbsoluteDelta","NumPopularTweets_Week2_posting_AbsoluteDelta","NumVerifiedTweets_Week2_posting_AbsoluteDelta","NumTweets_Month1_opportunity_AbsoluteDelta","NumDistinctTweets_Month1_opportunity_AbsoluteDelta","NumDistinctUsers_Month1_opportunity_AbsoluteDelta","NumPopularTweets_Month1_opportunity_AbsoluteDelta","NumVerifiedTweets_Month1_opportunity_AbsoluteDelta","NumTweets_Month2_opportunity_AbsoluteDelta","NumDistinctTweets_Month2_opportunity_AbsoluteDelta","NumDistinctUsers_Month2_opportunity_AbsoluteDelta","NumPopularTweets_Month2_opportunity_AbsoluteDelta","NumVerifiedTweets_Month2_opportunity_AbsoluteDelta","NumTweets_Week1_opportunity_AbsoluteDelta","NumDistinctTweets_Week1_opportunity_AbsoluteDelta","NumDistinctUsers_Week1_opportunity_AbsoluteDelta","NumPopularTweets_Week1_opportunity_AbsoluteDelta","NumVerifiedTweets_Week1_opportunity_AbsoluteDelta","NumTweets_Week2_opportunity_AbsoluteDelta","NumDistinctTweets_Week2_opportunity_AbsoluteDelta","NumDistinctUsers_Week2_opportunity_AbsoluteDelta","NumPopularTweets_Week2_opportunity_AbsoluteDelta","NumVerifiedTweets_Week2_opportunity_AbsoluteDelta","NumTweets_Month1_hiring_AbsoluteDelta","NumDistinctTweets_Month1_hiring_AbsoluteDelta","NumDistinctUsers_Month1_hiring_AbsoluteDelta","NumPopularTweets_Month1_hiring_AbsoluteDelta","NumVerifiedTweets_Month1_hiring_AbsoluteDelta","NumTweets_Month2_hiring_AbsoluteDelta","NumDistinctTweets_Month2_hiring_AbsoluteDelta","NumDistinctUsers_Month2_hiring_AbsoluteDelta","NumPopularTweets_Month2_hiring_AbsoluteDelta","NumVerifiedTweets_Month2_hiring_AbsoluteDelta","NumTweets_Week1_hiring_AbsoluteDelta","NumDistinctTweets_Week1_hiring_AbsoluteDelta","NumDistinctUsers_Week1_hiring_AbsoluteDelta","NumPopularTweets_Week1_hiring_AbsoluteDelta","NumVerifiedTweets_Week1_hiring_AbsoluteDelta","NumTweets_Week2_hiring_AbsoluteDelta","NumDistinctTweets_Week2_hiring_AbsoluteDelta","NumDistinctUsers_Week2_hiring_AbsoluteDelta","NumPopularTweets_Week2_hiring_AbsoluteDelta","NumVerifiedTweets_Week2_hiring_AbsoluteDelta","NumTweets_Month1_hashtags_AbsoluteDelta","NumDistinctTweets_Month1_hashtags_AbsoluteDelta","NumDistinctUsers_Month1_hashtags_AbsoluteDelta","NumPopularTweets_Month1_hashtags_AbsoluteDelta","NumVerifiedTweets_Month1_hashtags_AbsoluteDelta","NumTweets_Month2_hashtags_AbsoluteDelta","NumDistinctTweets_Month2_hashtags_AbsoluteDelta","NumDistinctUsers_Month2_hashtags_AbsoluteDelta","NumPopularTweets_Month2_hashtags_AbsoluteDelta","NumVerifiedTweets_Month2_hashtags_AbsoluteDelta","NumTweets_Week1_hashtags_AbsoluteDelta","NumDistinctTweets_Week1_hashtags_AbsoluteDelta","NumDistinctUsers_Week1_hashtags_AbsoluteDelta","NumPopularTweets_Week1_hashtags_AbsoluteDelta","NumVerifiedTweets_Week1_hashtags_AbsoluteDelta","NumTweets_Week2_hashtags_AbsoluteDelta","NumDistinctTweets_Week2_hashtags_AbsoluteDelta","NumDistinctUsers_Week2_hashtags_AbsoluteDelta","NumPopularTweets_Week2_hashtags_AbsoluteDelta","NumVerifiedTweets_Week2_hashtags_AbsoluteDelta"
201101,760439,752795,339647,5822,439,0,0,0,0,0,272837,270073,112615,2115,222,247635,244968,115674,1997,129,96953,95318,33403,978,82,0,0,0,0,0,55132,54497,13337,425,21,25761,25189,11105,319,37,6582,6359,5609,153,14,0,0,0,0,0,2099,2015,1764,52,1,2118,2065,1860,43,2,6378,6222,5215,110,22,0,0,0,0,0,2063,2003,1659,36,21,2213,2157,1820,44,2,6396,6183,5395,143,15,0,0,0,0,0,2047,1960,1742,61,0,2183,2095,1839,54,11,53923,53180,12603,388,42,0,0,0,0,0,34817,34524,6558,188,2,13399,13095,4086,133,0,519502,514606,262849,3869,310,0,0,0,0,0,171931,170121,85685,1384,202,173375,171708,89599,1327,58,NA,NA,NA,NA,NA,NA,NA,NA,NA,NA,NA,NA,NA,NA,NA,NA,NA,NA,NA,NA,NA,NA,NA,NA,NA,NA,NA,NA,NA,NA,NA,NA,NA,NA,NA,NA,NA,NA,NA,NA,NA,NA,NA,NA,NA,NA,NA,NA,NA,NA,NA,NA,NA,NA,NA,NA,NA,NA,NA,NA,NA,NA,NA,NA,NA,NA,NA,NA,NA,NA,NA,NA,NA,NA,NA,NA,NA,NA,NA,NA,NA,NA,NA,NA,NA,NA,NA,NA,NA,NA,NA,NA,NA,NA,NA,NA,NA,NA,NA,NA,NA,NA,NA,NA,NA,NA,NA,NA,NA,NA,NA,NA,NA,NA,NA,NA,NA,NA,NA,NA,NA,NA,NA,NA,NA,NA,NA,NA,NA,NA,NA,NA,NA,NA,NA,NA,NA,NA,NA,NA
201102,1004449,993067,459457,7762,1835,679343,672305,310949,5344,346,207949,204877,108833,1757,391,304897,301335,137980,2402,752,90489,87986,41731,1246,162,71524,70039,29435,887,79,12382,11626,9866,343,51,17322,16617,12178,361,26,11580,10988,9573,287,36,6025,5811,5126,145,14,3863,3731,3216,90,0,4113,3780,3267,105,10,9155,8902,7401,144,17,5845,5696,4783,104,22,2507,2441,1975,34,11,2624,2551,2131,51,3,8924,8645,7555,197,8,5890,5697,4982,125,15,2263,2199,1927,46,2,3003,2921,2516,55,3,40135,39181,11123,405,29,36709,36044,10365,330,42,1759,1589,1526,106,6,4305,4054,2504,114,7,827863,818857,399081,6133,1805,474947,470563,241570,3526,200,261582,258649,123489,1990,422,240466,237843,113615,1749,645,244010,240272,119810,1940,1396,679343,672305,310949,5344,346,-64888,-65196,-3782,-358,169,57262,56367,22306,405,623,-6464,-7332,8328,268,80,71524,70039,29435,887,79,-42750,-42871,-3471,-82,30,-8439,-8572,1073,42,-11,4998,4629,3964,134,22,6025,5811,5126,145,14,1764,1716,1452,38,-1,1995,1715,1407,62,8,2777,2680,2186,34,-5,5845,5696,4783,104,22,444,438,316,-2,-10,411,394,311,7,1,2528,2462,2160,54,-7,5890,5697,4982,125,15,216,239,185,-15,2,820,826,677,1,-8,-13788,-13999,-1480,17,-13,36709,36044,10365,330,42,-33058,-32935,-5032,-82,4,-9094,-9041,-1582,-19,7,308361,304251,136232,2264,1495,474947,470563,241570,3526,200,89651,88528,37804,606,220,67091,66135,24016,422,587
201103,177865,174556,100247,1648,827,1003853,992231,465076,7845,1972,1753,1570,1392,76,36,6626,6136,5233,147,226,10026,9380,7962,302,18,82921,80381,41410,1253,162,160,75,74,9,7,411,327,320,27,0,2962,2775,2426,70,6,11898,11244,9784,297,36,22,18,18,1,0,86,84,84,2,0,2153,2125,1681,16,0,9243,8992,7468,142,17,10,10,10,0,0,69,68,65,1,0,1939,1730,1574,51,0,9094,8798,7699,208,8,21,13,13,5,0,59,58,58,1,0,1420,1197,1180,96,5,34101,33135,10379,408,29,22,14,14,6,0,71,51,51,11,0,229927,225780,116257,1970,1173,850420,841056,409840,6378,1955,2269,1973,1715,78,131,8236,7845,6424,168,68,-826584,-818511,-359210,-6114,-1008,324510,319926,154127,2501,1626,-206196,-203307,-107441,-1681,-355,-298271,-295199,-132747,-2255,-526,-80463,-78606,-33769,-944,-144,11397,10342,11975,366,83,-12222,-11551,-9792,-334,-44,-16911,-16290,-11858,-334,-26,-8618,-8213,-7147,-217,-30,5873,5433,4658,152,22,-3841,-3713,-3198,-89,0,-4027,-3696,-3183,-103,-10,-7002,-6777,-5720,-128,-17,3398,3296,2685,38,-5,-2497,-2431,-1965,-34,-11,-2555,-2483,-2066,-50,-3,-6985,-6915,-5981,-146,-8,3204,3101,2717,83,-7,-2242,-2186,-1914,-41,-2,-2944,-2863,-2458,-54,-3,-38715,-37984,-9943,-309,-24,-2608,-2909,14,78,-13,-1737,-1575,-1512,-100,-6,-4234,-4003,-2453,-103,-7,-597936,-593077,-282824,-4163,-632,375473,370493,168270,2852,1755,-259313,-256676,-121774,-1912,-291,-232230,-229998,-107191,-1581,-577
201104,577186,568018,316295,4826,2224,177865,174556,100247,1648,827,162408,161362,90730,833,134,162987,159896,91217,1409,877,30827,29079,24558,815,206,10026,9380,7962,302,18,8117,7914,6762,137,15,9025,8382,7269,267,64,9610,9057,7450,226,146,2962,2775,2426,70,6,2748,2691,2202,45,0,2985,2730,2293,80,96,6726,6641,5428,59,2,2153,2125,1681,16,0,1869,1861,1524,6,0,1914,1886,1610,19,2,5715,5543,5031,120,3,1939,1730,1574,51,0,1587,1560,1429,25,1,1406,1358,1266,29,0,4628,3967,3595,276,21,1420,1197,1180,96,5,1048,981,945,44,2,1364,1151,1068,84,0,744991,735011,363739,5986,2091,229927,225780,116257,1970,1173,209538,208139,104225,1086,199,209947,207048,105112,1815,562,399321,393462,216048,3178,1397,-825988,-817675,-364829,-6197,-1145,160655,159792,89338,757,98,156361,153760,85984,1262,651,20801,19699,16596,513,188,-72895,-71001,-33448,-951,-144,7957,7839,6688,128,8,8614,8055,6949,240,64,6648,6282,5024,156,140,-8936,-8469,-7358,-227,-30,2726,2673,2184,44,0,2899,2646,2209,78,96,4573,4516,3747,43,2,-7090,-6867,-5787,-126,-17,1859,1851,1514,6,0,1845,1818,1545,18,2,3776,3813,3457,69,3,-7155,-7068,-6125,-157,-8,1566,1547,1416,20,1,1347,1300,1208,28,0,3208,2770,2415,180,16,-32681,-31938,-9199,-312,-24,1026,967,931,38,2,1293,1100,1017,73,0,515064,509231,247482,4016,918,-620493,-615276,-293583,-4408,-782,207269,206166,102510,1008,68,201711,199203,98688,1647,494
201105,441303,437603,252046,2461,642,586228,576987,321527,4874,2229,75882,74516,48525,764,149,125847,124789,71139,729,190,21121,20436,17572,348,55,31289,29541,24970,821,206,3185,2901,2617,98,7,5407,5241,4567,109,24,7238,7094,5919,92,5,9751,9198,7571,228,146,784,746,682,23,1,1842,1802,1572,22,2,4330,4303,3599,19,0,6848,6763,5520,59,2,503,498,468,5,0,978,972,851,4,0,4080,3994,3517,57,6,5805,5636,5118,120,3,727,694,603,22,1,1107,1079,941,14,0,2833,2498,2443,107,4,4663,4004,3632,274,21,510,377,376,29,4,708,663,651,27,0,472329,469529,251926,2097,551,756689,746611,369860,6043,2092,58861,58030,39142,518,113,106648,105926,61444,507,152,-135883,-130415,-64249,-2365,-1582,408363,402431,221280,3226,1402,-86526,-86846,-42205,-69,15,-37140,-35107,-20078,-680,-687,-9706,-8643,-6986,-467,-151,21263,20161,17008,519,188,-4932,-5013,-4145,-39,-8,-3618,-3141,-2702,-158,-40,-2372,-1963,-1531,-134,-141,6789,6423,5145,158,140,-1964,-1945,-1520,-22,1,-1143,-928,-721,-58,-94,-2396,-2338,-1829,-40,-2,4695,4638,3839,43,2,-1366,-1363,-1056,-1,0,-936,-914,-759,-15,-2,-1635,-1549,-1514,-63,3,3866,3906,3544,69,3,-860,-866,-826,-3,0,-299,-279,-325,-15,0,-1795,-1469,-1152,-169,-17,3243,2807,2452,178,16,-538,-604,-569,-15,2,-656,-488,-417,-57,0,-272662,-265482,-111813,-3889,-1540,526762,520831,253603,4073,919,-150677,-150109,-65083,-568,-86,-103299,-101122,-43668,-1308,-410
201106,342944,335642,205571,3913,1152,441303,437603,252046,2461,642,97624,95692,58139,1166,304,94218,92228,57019,1020,250,14501,13264,11898,449,176,21121,20436,17572,348,55,5067,4701,4164,140,17,3560,3226,2933,107,100,5105,4569,4064,97,41,7238,7094,5919,92,5,2063,1980,1721,25,8,1142,988,889,31,2,2303,2241,2066,35,6,4330,4303,3599,19,0,816,801,727,9,1,555,531,490,11,2,2899,2722,2507,100,7,4080,3994,3517,57,6,897,834,781,34,4,728,686,618,24,2,2673,1996,1956,199,61,2833,2498,2443,107,4,859,615,605,73,20,681,574,566,42,24,266071,261075,166870,2883,662,472329,469529,251926,2097,551,76038,74698,47368,842,209,72903,71472,46315,795,245,-98359,-101961,-46475,1452,510,-144925,-139384,-69481,-2413,-1587,21742,21176,9614,402,155,-31629,-32561,-14120,291,60,-6620,-7172,-5674,101,121,-10168,-9105,-7398,-473,-151,1882,1800,1547,42,10,-1847,-2015,-1634,-2,76,-2133,-2525,-1855,5,36,-2513,-2104,-1652,-136,-141,1279,1234,1039,2,7,-700,-814,-683,9,0,-2027,-2062,-1533,16,6,-2518,-2460,-1921,-40,-2,313,303,259,4,1,-423,-441,-361,7,2,-1181,-1272,-1010,43,1,-1725,-1642,-1601,-63,3,170,140,178,12,3,-379,-393,-323,10,2,-160,-502,-487,92,57,-1830,-1506,-1189,-167,-17,349,238,229,44,16,-27,-89,-85,15,24,-206258,-208454,-85056,786,111,-284360,-277082,-117934,-3946,-1541,17177,16668,8226,324,96,-33745,-34454,-15129,288,93
201107,645603,628351,371858,8979,1231,347688,340243,207216,3988,1175,227758,221858,125643,3121,369,177583,172804,101772,2537,287,32955,30869,26260,758,147,14764,13538,12138,452,176,11766,11197,9314,260,35,9939,9053,7453,215,34,13298,12869,10324,180,13,5334,4802,4268,94,41,4833,4707,3585,68,6,3494,3356,2613,43,1,4928,4842,4304,58,4,2346,2281,2095,38,6,1959,1927,1688,23,3,1322,1305,1159,14,0,6085,5784,5024,171,30,2934,2761,2539,100,8,2098,1990,1807,60,18,1908,1831,1395,48,3,4302,3558,3497,285,104,2684,1987,1946,194,76,1450,1251,1219,87,8,1313,1080,1066,73,66,501018,487648,301219,6684,1215,269886,264760,168374,2947,713,176118,171737,101675,2291,267,137499,133809,82451,2008,226,302659,292709,166287,5066,79,-93615,-97360,-44830,1527,533,130134,126166,67504,1955,65,83365,80576,44753,1517,37,18454,17605,14362,309,-29,-6357,-6898,-5434,104,121,6699,6496,5150,120,18,6379,5827,4520,108,-66,8193,8300,6260,83,-28,-1904,-2292,-1651,2,36,2770,2727,1864,43,-2,2352,2368,1724,12,-1,2625,2601,2238,23,-2,-1984,-2022,-1504,19,6,1143,1126,961,14,2,767,774,669,3,-2,3186,3062,2517,71,23,-1146,-1233,-978,43,2,1201,1156,1026,26,14,1180,1145,777,24,1,1629,1562,1541,86,43,-149,-511,-497,87,72,591,636,614,14,-12,632,506,500,31,42,234947,226573,134349,3801,553,-202443,-204769,-83552,850,162,100080,97039,54307,1449,58,64596,62337,36136,1213,-19
201108,813246,796672,448813,9256,1983,661682,644006,380645,9240,1225,202539,198785,113531,2195,620,255474,251601,133006,2379,588,41782,39624,32723,1032,210,34075,31952,27110,782,148,10878,10217,8163,304,59,12788,12244,10195,281,53,18182,17573,13204,246,232,13716,13275,10614,188,14,4656,4586,3253,52,11,5683,5396,4231,62,215,5688,5578,4946,65,9,5103,5009,4445,58,5,1386,1357,1244,17,0,1825,1794,1550,20,5,7728,7364,6351,196,24,6302,5987,5196,179,28,2175,2089,1612,49,6,2327,2251,1966,53,10,5337,4515,4432,351,92,4452,3696,3632,294,95,1374,1176,1158,85,1,1594,1366,1342,101,40,705949,693115,391726,7494,1392,513260,499633,308184,6848,1195,197373,194156,108279,1926,583,249824,246442,126691,2181,390,167643,168321,76955,277,752,313994,303763,173429,5252,50,-25219,-23073,-12112,-926,251,77891,78797,31234,-158,301,8827,8755,6463,274,63,19311,18414,14972,330,-28,-888,-980,-1151,44,24,2849,3191,2742,66,19,4884,4704,2880,66,219,8382,8473,6346,94,-27,-177,-121,-332,-16,5,2189,2040,1618,19,214,760,736,642,7,5,2757,2728,2350,20,-1,-573,-570,-444,-6,-3,503,489,391,6,5,1643,1580,1327,25,-6,3368,3226,2657,79,20,77,99,-195,-11,-12,419,420,571,5,7,1035,957,935,66,-12,1768,1709,1686,100,19,-76,-75,-61,-2,-7,281,286,276,28,-26,204931,205467,90507,810,177,243374,234873,139810,3901,482,21255,22419,6604,-365,316,112325,112633,44240,173,164
201109,775981,759575,427894,8530,4254,813246,796672,448813,9256,1983,190185,186915,106589,2098,543,200112,196283,111873,2146,878,39001,36383,29951,962,276,41782,39624,32723,1032,210,9679,8689,7353,252,62,9632,9078,7765,233,98,16335,15734,11757,231,205,18182,17573,13204,246,232,3964,3678,2835,67,181,3789,3693,3007,51,0,5253,5127,4585,61,53,5688,5578,4946,65,9,1301,1237,1119,14,51,1449,1373,1256,25,48,7615,7313,6022,177,21,7728,7364,6351,196,24,1567,1523,1348,35,0,1838,1766,1522,41,8,5104,4246,4086,315,190,5337,4515,4432,351,92,1427,1241,1184,88,16,1377,1082,1042,70,113,760984,746444,410931,7924,3867,705949,693115,391726,7494,1392,186333,183305,102079,1926,598,195903,192386,107143,1961,896,-37265,-37097,-20919,-726,2271,151564,152666,68168,16,758,-12354,-11870,-6942,-97,-77,-55362,-55318,-21133,-233,290,-2781,-3241,-2772,-70,66,7707,7672,5613,250,62,-1199,-1528,-810,-52,3,-3156,-3166,-2430,-48,45,-1847,-1839,-1447,-15,-27,4466,4298,2590,58,218,-692,-908,-418,15,170,-1894,-1703,-1224,-11,-215,-435,-451,-361,-4,44,585,569,501,7,4,-85,-120,-125,-3,51,-376,-421,-294,5,43,-113,-51,-329,-19,-3,1426,1377,1155,17,-4,-608,-566,-264,-14,-6,-489,-485,-444,-12,-2,-233,-269,-346,-36,98,885,819,800,57,-3,53,65,26,3,15,-217,-284,-300,-31,73,55035,53329,19205,430,2475,192689,193482,83542,646,197,-11040,-10851,-6200,0,15,-53921,-54056,-19548,-220,506
201110,617101,602509,358432,6812,4556,771850,755918,424085,8322,4197,156793,152874,91022,1822,1363,166243,161900,95254,1859,1548,29594,27401,23829,822,582,38161,35623,29320,927,271,8113,7419,6354,242,198,7774,7296,6467,238,73,12138,11810,9484,192,52,15919,15337,11404,216,200,3306,3212,2483,52,11,3225,3118,2659,69,12,5538,5405,4843,89,15,5246,5117,4568,63,54,1584,1541,1408,28,3,1354,1329,1188,20,2,4934,4623,4252,172,33,7394,7099,5901,172,21,1262,1168,1096,52,20,1294,1220,1122,41,0,4781,3725,3633,345,170,4963,4151,3983,301,190,1357,994,975,102,132,1438,1021,998,103,20,557412,545721,325726,5835,3850,756519,742375,407360,7737,3752,139401,136383,81543,1499,966,148435,145429,86303,1614,937,-158880,-157066,-69462,-1718,302,-41396,-40754,-24728,-934,2214,-33392,-34041,-15567,-276,820,-33869,-34383,-16619,-287,670,-9407,-8982,-6122,-140,306,-3621,-4001,-3403,-105,61,-1566,-1270,-999,-10,136,-1858,-1782,-1298,5,-25,-4197,-3924,-2273,-39,-153,-2263,-2236,-1800,-30,-32,-658,-466,-352,-15,-170,-564,-575,-348,18,12,285,278,258,28,-38,-442,-461,-378,-2,45,283,304,289,14,-48,-95,-44,-68,-5,-46,-2681,-2690,-1770,-5,12,-334,-265,-450,-24,-3,-305,-355,-252,17,20,-544,-546,-400,0,-8,-323,-521,-453,30,-20,-374,-364,-449,-50,98,-70,-247,-209,14,116,61,-61,-44,33,-93,-203572,-200723,-85205,-2089,-17,50570,49260,15634,243,2360,-46932,-46922,-20536,-427,368,-47468,-46957,-20840,-347,41
201111,557714,546887,323320,5642,2397,617101,602509,358432,6812,4556,176776,173575,98943,1804,114,141591,139340,82846,1248,233,26877,24693,21145,830,383,29594,27401,23829,822,582,9195,8549,6997,274,95,6437,6028,5274,179,16,11253,10893,8569,179,22,12138,11810,9484,192,52,4016,3928,2835,55,7,2646,2598,2147,36,5,4771,4588,4021,63,102,5538,5405,4843,89,15,1543,1517,1281,20,1,1197,1171,1028,14,2,4307,3945,3676,154,6,4934,4623,4252,172,33,1409,1287,1204,50,2,1132,1016,944,36,3,4136,3258,3170,318,49,4781,3725,3633,345,170,1480,1128,1092,107,6,908,725,711,67,2,498587,490210,292340,4764,1839,557412,545721,325726,5835,3850,157855,155507,89546,1492,88,126469,124748,75055,1060,148,-59387,-55622,-35112,-1170,-2159,-154749,-153409,-65653,-1510,359,19983,20701,7921,-18,-1249,-24652,-22560,-12408,-611,-1315,-2717,-2708,-2684,8,-199,-8567,-8222,-5491,-105,311,1082,1130,643,32,-103,-1337,-1268,-1193,-59,-57,-885,-917,-915,-13,-30,-3781,-3527,-1920,-24,-148,710,716,352,3,-4,-579,-520,-512,-33,-7,-767,-817,-822,-26,87,292,288,275,26,-39,-41,-24,-127,-8,-2,-157,-158,-160,-6,0,-627,-678,-576,-18,-27,-2460,-2476,-1649,0,12,147,119,108,-2,-18,-162,-204,-178,-5,3,-645,-467,-463,-27,-121,-182,-426,-350,44,-20,123,134,117,5,-126,-530,-296,-287,-36,-18,-58825,-55511,-33386,-1071,-2011,-199107,-196654,-81634,-1902,98,18454,19124,8003,-7,-878,-21966,-20681,-11248,-554,-789
201112,1098828,1083573,568104,10481,525,534087,523823,312562,5317,2188,290453,286579,150624,2808,105,385455,380615,191391,3418,202,49135,46035,37554,1377,83,25219,23117,19960,800,318,11348,10616,8558,342,25,15939,15184,12195,419,21,19705,19163,14707,302,21,10409,10073,8060,169,22,4315,4192,3192,75,2,6373,6175,4698,113,15,8406,8221,6832,113,8,4515,4336,3806,60,100,1951,1899,1545,30,1,2770,2734,2304,29,2,9548,9035,8007,312,31,4082,3727,3478,147,7,2281,2193,1966,66,6,3297,3088,2715,117,11,7606,6459,5680,544,12,3848,3004,2925,297,38,2007,1732,1304,144,3,2409,2007,1757,166,5,915637,904185,485343,8038,455,477817,469752,282779,4526,1731,217596,215071,119582,1910,88,293741,290514,153714,2414,129,541114,536686,244784,4839,-1872,-83014,-78686,-45870,-1495,-2368,113677,113004,51681,1004,-9,243864,241275,108545,2170,-31,22258,21342,16409,547,-300,-4375,-4284,-3869,-22,-264,2153,2067,1561,68,-70,9502,9156,6921,240,5,8452,8270,6138,123,-1,-1729,-1737,-1424,-23,-30,299,264,357,20,-5,3727,3577,2551,77,10,3635,3633,2811,50,-94,-1023,-1069,-1037,-29,85,408,382,264,10,0,1573,1563,1276,15,0,5241,5090,4331,158,25,-852,-896,-774,-25,-26,872,906,762,16,4,2165,2072,1771,81,8,3470,3201,2510,226,-37,-933,-721,-708,-48,-132,527,604,212,37,-3,1501,1282,1046,99,3,417050,413975,193003,3274,-1384,-79595,-75969,-42947,-1309,-2119,59741,59564,30036,418,0,167272,165766,78659,1354,-19
201201,1831876,1714608,785572,20494,2378,1103675,1088478,569796,10454,526,571398,468616,222950,10479,1840,429099,422881,216598,4219,308,260391,232448,81705,3741,369,48918,45882,37456,1356,82,127313,102174,28728,2178,204,25954,24828,18644,573,105,68515,66492,26328,738,73,19586,19042,14662,302,21,49475,47893,11823,484,41,8328,8143,6409,120,14,11423,10867,8948,208,10,8401,8216,6819,113,8,3681,3313,2719,128,6,3182,3128,2570,35,3,15226,13857,12209,613,60,9569,9054,8013,312,31,4920,3986,3514,325,15,4202,4004,3612,134,14,163008,138070,32656,2017,655,7527,6391,5612,535,12,76916,53403,10733,1204,637,10361,9745,6116,275,11,1391694,1298563,653748,16085,1788,916477,905173,485775,7979,453,483970,400454,207443,9107,1423,370915,366039,189225,3513,194,733048,631035,217468,10013,1853,569588,564655,257234,5137,-1662,280945,182037,72326,7671,1735,43644,42266,25207,801,106,211256,186413,44151,2364,286,23699,22765,17496,556,-236,115965,91558,20170,1836,179,10015,9644,6449,154,84,48810,47329,11621,436,52,9177,8969,6602,133,-1,45160,43701,8631,409,39,1955,1968,1711,7,-1,3017,2646,2116,95,2,3886,3880,3013,53,-92,1730,1414,1174,98,5,412,394,266,6,1,5678,4822,4202,301,29,5487,5327,4535,165,24,2639,1793,1548,259,9,905,916,897,17,3,155402,131611,26976,1473,643,3679,3387,2687,238,-26,74909,51671,9429,1060,634,7952,7738,4359,109,6,476057,394378,168405,8047,1333,438660,435421,202996,3453,-1278,266374,185383,87861,7197,1335,77174,75525,35511,1099,65
201202,1948937,1634517,835803,41702,5797,1738012,1678942,767077,17676,1244,464487,395340,213539,9690,1091,445440,409109,207797,9090,788,246241,152149,78662,8662,626,254919,229925,79520,3381,247,74567,25289,19746,2507,259,45321,33134,19113,2018,68,87530,46091,29152,2111,154,66909,65423,25434,657,49,39372,8004,6433,600,50,11250,8741,6919,481,54,13935,12026,10051,571,19,11060,10559,8674,187,10,2921,2640,2245,130,8,4119,3253,2721,191,2,22333,16279,13311,1518,48,14573,13333,11768,549,51,5264,3883,3277,376,10,5488,3837,3259,366,15,119617,75317,24963,4313,796,160376,137491,32119,1824,631,19846,7490,5559,1211,279,22671,16532,5983,958,51,1587998,1375325,729041,31022,3492,1289460,1255950,633265,13325,1093,380122,356005,191293,7003,667,364976,342746,179110,6324,508,117061,-80091,50231,21208,3419,634337,590464,197281,7222,718,-106911,-73276,-9411,-789,-749,16341,-13772,-8801,4871,480,-14150,-80299,-3043,4921,257,206001,184043,42064,2025,165,-52746,-76885,-8982,329,55,19367,8306,469,1445,-37,19015,-20401,2824,1373,81,47323,46381,10772,355,28,-10103,-39889,-5390,116,9,2922,598,510,361,40,2512,1159,1103,363,9,2659,2343,1855,74,2,-760,-673,-474,2,2,937,125,151,156,-1,7107,2422,1102,905,-12,5004,4279,3755,237,20,344,-103,-237,51,-5,1286,-167,-353,232,1,-43391,-62753,-7693,2296,141,152849,131100,26507,1289,619,-57070,-45913,-5174,7,-358,12310,6787,-133,683,40,196304,76762,75293,14937,1704,372983,350777,147490,5346,640,-103848,-44449,-16150,-2104,-756,-5939,-23293,-10115,2811,314
201203,1759853,1499469,776963,30661,5158,1966713,1636543,837823,41930,5861,533668,433787,200890,7774,1601,486903,439304,202577,7288,1039,371676,286812,90646,8910,815,244269,148632,78114,8715,617,162356,137609,29009,2263,173,151457,137002,28375,2329,214,60303,48320,32544,1544,91,83725,41924,28435,2107,159,31496,25499,14639,491,25,15703,13554,8905,378,12,14010,11065,9468,527,36,13769,11897,9973,577,19,2782,2464,2174,121,4,2963,2633,2280,112,18,39588,21992,15679,1747,82,23174,16416,13408,1531,49,16439,6778,4131,424,18,8205,6661,4177,415,27,190132,152332,31379,3395,604,118387,75278,24933,4304,846,84585,79272,14444,845,32,95991,87496,13493,909,44,1782941,1564522,834291,29042,5842,1603424,1377866,730062,31111,3720,422869,340533,186160,6103,1008,464748,420145,224643,7376,1490,-189084,-135048,-58840,-11041,-639,228701,-42399,70746,24254,4617,69181,38447,-12649,-1916,510,41463,30195,-5220,-1802,251,125435,134663,11984,248,189,-10650,-81293,-1406,5334,370,87789,112320,9263,-244,-86,106136,103868,9262,311,146,-27227,2229,3392,-567,-63,16816,-23499,3001,1450,110,-7876,17495,8206,-109,-25,4453,4813,1986,-103,-42,75,-961,-583,-44,17,2709,1338,1299,390,9,-139,-176,-71,-9,-4,-1156,-620,-441,-79,16,17255,5713,2368,229,34,8601,3083,1640,982,-2,11175,2895,854,48,8,2717,2824,918,49,12,70515,77015,6416,-918,-192,-41989,-62213,-7186,2480,215,64739,71782,8885,-366,-247,73320,70964,7510,-49,-7,194943,189197,105250,-1980,2350,313964,121916,96797,17786,2627,42747,-15472,-5133,-900,341,99772,77399,45533,1052,982
201204,2398384,1378948,761056,33217,3654,1759853,1499469,776963,30661,5158,475725,346694,200612,9402,966,541585,345684,198444,8875,824,960657,175902,78826,9973,691,371676,286812,90646,8910,815,73683,30875,20211,2712,197,81992,31763,19933,2523,319,804844,47273,29961,2576,170,60303,48320,32544,1544,91,22122,9148,5960,397,20,25915,9423,6136,456,67,12683,10131,8809,515,21,14010,11065,9468,527,36,3643,2772,2401,154,1,3865,2915,2547,143,10,68916,26949,16026,1945,185,39588,21992,15679,1747,82,11165,8832,5134,577,17,18216,7664,4308,491,12,77134,52540,19812,2816,259,190132,152332,31379,3395,604,10686,4619,3164,841,51,15609,6283,3997,835,132,1820656,1390005,760176,28129,3310,1782941,1564522,834291,29042,5842,505396,409269,220163,8983,977,532371,373161,204706,7723,1240,638531,-120521,-15907,2556,-1504,-206860,-137074,-60860,-11269,-703,-57943,-87093,-278,1628,-635,54682,-93620,-4133,1587,-215,588981,-110910,-11820,1063,-124,127407,138180,12532,195,198,-88673,-106734,-8798,449,24,-69465,-105239,-8442,194,105,744541,-1047,-2583,1032,79,-23422,6396,4109,-563,-68,-9374,-16351,-8679,-94,-5,10212,-4131,-2769,78,55,-1327,-934,-659,-12,-15,241,-832,-505,-50,17,861,308,227,33,-3,902,282,267,31,-8,29328,4957,347,198,103,16414,5576,2271,216,33,-5274,2054,1003,153,-1,10011,1003,131,76,-15,-112998,-99792,-11567,-579,-345,71745,77054,6446,-909,-242,-73899,-74653,-11280,-4,19,-80382,-81213,-9496,-74,88,37715,-174517,-74115,-913,-2532,179517,186656,104229,-2069,2122,82527,68736,34003,2880,-31,67623,-46984,-19937,347,-250
201205,4655448,1497668,816169,40311,5498,2403185,1386150,768848,34041,3431,2396043,343344,194328,11429,1422,1338266,389065,198303,11171,1552,460479,143283,77970,9850,772,941306,165384,78276,10224,750,227658,36188,20054,2597,190,203344,26338,18307,2433,143,101703,75185,31716,1637,175,801379,43945,28551,2568,166,24354,21548,9092,381,20,13390,11711,7129,364,5,14815,9099,8075,511,76,12814,10248,8911,530,22,2519,2165,1961,111,4,2373,2050,1867,134,29,265492,32029,19774,2584,368,61143,27517,16541,1949,183,173154,7099,4675,835,80,160923,7512,4956,810,61,39805,12765,10400,3529,331,73357,47641,18194,2937,269,12436,3030,2877,1036,63,7995,2868,2739,916,36,4492803,1555707,827508,34101,4244,1854327,1418066,774003,29032,3483,2264207,338978,188780,9475,1103,1157393,396133,194051,9240,1219,2257064,118720,55113,7094,1844,643332,-113319,-8115,3380,-1727,1920318,-3350,-6284,2027,456,796681,43381,-141,2296,728,-500178,-32619,-856,-123,81,569630,-121428,-12370,1314,-65,153975,5313,-157,-115,-7,121352,-5425,-1626,-90,-176,-703141,27912,1755,-939,5,741076,-4375,-3993,1024,75,2232,12400,3132,-16,0,-12525,2288,993,-92,-62,2132,-1032,-734,-4,55,-1196,-817,-557,3,-14,-1124,-607,-440,-43,3,-1492,-865,-680,-9,19,196576,5080,3748,639,183,21555,5525,862,202,101,161989,-1733,-459,258,63,142707,-152,648,319,49,-37329,-39775,-9412,713,72,-116775,-104691,-13185,-458,-335,1750,-1589,-287,195,12,-7614,-3415,-1258,81,-96,2672147,165702,67332,5972,934,71386,-146456,-60288,-10,-2359,1758811,-70291,-31383,492,126,625022,22972,-10655,1517,-21
201206,3517501,1350329,778426,33546,4052,4655448,1497668,816169,40311,5498,391567,346063,197944,8485,890,422211,372373,213840,7913,864,359514,96388,69562,8493,549,460479,143283,77970,9850,772,46073,24246,17500,1971,196,46805,24912,18009,2016,95,85788,41941,29193,1871,235,101703,75185,31716,1637,175,17993,11501,7996,506,93,15823,10682,7491,449,83,9698,8560,7563,378,42,14815,9099,8075,511,76,2325,2113,1843,84,4,2764,2347,2064,112,8,44698,28657,17584,1805,102,265492,32029,19774,2584,368,10072,7475,4289,410,19,14440,8171,4881,484,26,171050,9716,9291,2986,93,39805,12765,10400,3529,331,11912,2195,2131,614,17,9406,2202,2111,631,8,3313876,1272284,723892,26047,3435,4492803,1555707,827508,34101,4244,309385,286566,167116,5878,663,339779,308516,181231,5459,612,-1137947,-147339,-37743,-6765,-1446,2252263,111518,47321,6270,2067,-2004476,2719,3616,-2944,-532,-916055,-16692,15537,-3258,-688,-100965,-46895,-8408,-1357,-223,-480827,-22101,-306,-374,22,-181585,-11942,-2554,-626,6,-156539,-1426,-298,-417,-48,-15915,-33244,-2523,234,60,-699676,31240,3165,-931,9,-6361,-10047,-1096,125,73,2433,-1029,362,85,78,-5117,-539,-512,-133,-34,2001,-1149,-836,-19,54,-194,-52,-118,-27,0,391,297,197,-22,-21,-220794,-3372,-2190,-779,-266,204349,4512,3233,635,185,-163082,376,-386,-425,-61,-146483,659,-75,-326,-35,131245,-3049,-1109,-543,-238,-33552,-34876,-7794,592,62,-524,-835,-746,-422,-46,1411,-666,-628,-285,-28,-1178927,-283423,-103616,-8054,-809,2638476,137641,53505,5069,761,-1954822,-52412,-21664,-3597,-440,-817614,-87617,-12820,-3781,-607
201207,2745433,1363117,799942,36042,3782,1941774,1317336,760725,31430,3755,736691,357000,213135,9169,881,478072,348234,205338,9160,1185,501927,103105,76481,8990,559,348916,93682,67506,8064,480,315688,24883,18805,2699,169,82287,26592,19703,2630,194,73608,44691,31527,1489,107,83698,40872,28507,1807,229,18698,9450,6612,382,29,25728,11062,7783,541,28,28212,10692,9740,685,210,9472,8364,7381,367,42,4864,2724,2490,196,72,13302,3083,2759,240,36,295266,27266,18589,2002,114,42615,28167,17176,1731,97,246289,6411,4514,714,10,16155,6135,4188,484,54,29266,8723,8358,2551,106,166069,9157,8768,2765,66,6633,2318,2230,701,39,7463,2389,2297,692,36,2450732,1255932,731492,27961,2842,1669731,1234897,704748,24190,3359,728871,360207,209310,7596,685,433853,344612,198519,7533,791,-772068,12788,21516,2496,-270,-2713674,-180332,-55444,-8881,-1743,345124,10937,15191,684,-9,55861,-24139,-8502,1247,321,142413,6717,6919,497,10,-111563,-49601,-10464,-1786,-292,269615,637,1305,728,-27,35482,1680,1694,614,99,-12180,2750,2334,-382,-128,-18005,-34313,-3209,170,54,705,-2051,-1384,-124,-64,9905,380,292,92,-55,18514,2132,2177,307,168,-5343,-735,-694,-144,-34,2539,611,647,112,68,10538,736,695,128,28,250568,-1391,1005,197,12,-222877,-3862,-2598,-853,-271,236217,-1064,225,304,-9,1715,-2036,-693,0,28,-141784,-993,-933,-435,13,126264,-3608,-1632,-764,-265,-5279,123,99,87,22,-1943,187,186,61,28,-863144,-16352,7600,1914,-593,-2823072,-320810,-122760,-9911,-885,419486,73641,42194,1718,22,94074,36096,17288,2074,179
201208,2752568,1725347,985194,50455,5152,2800115,1399371,820223,37121,3842,1127492,449056,254221,15395,1244,600825,446154,252021,14204,1110,195828,101787,76304,10654,1463,505615,106056,79029,9261,576,43384,22807,17649,2876,501,42807,23167,17454,2761,217,83252,46412,31200,2166,203,74761,45798,32427,1527,112,16227,9747,6568,461,99,14605,10336,6535,447,24,21072,12752,10508,755,83,28538,10945,9949,699,210,4212,3503,2679,187,26,7049,3252,2570,218,21,32888,19812,16159,2143,145,295886,27590,19015,2054,155,6834,4343,3815,561,36,6534,3976,3533,569,26,33482,11373,10886,3753,393,29655,9082,8693,2629,107,11416,3143,3062,1199,106,7866,2984,2840,1047,98,2847669,1764799,979195,45530,5746,2513400,1296273,752762,28981,3017,1221592,452268,250520,14237,2487,620715,457151,251928,13213,943,7135,362230,185252,14413,1370,858341,82035,59498,5691,87,390801,92056,41086,6226,363,122753,97920,46683,5044,-75,-306099,-1318,-177,1664,904,156699,12374,11523,1197,96,-272304,-2076,-1156,177,332,-39480,-3425,-2249,131,23,9644,1721,-327,677,96,-8937,4926,3920,-280,-117,-2471,297,-44,79,70,-11123,-726,-1248,-94,-4,-7140,2060,768,70,-127,19066,2581,2568,332,168,-652,779,189,-9,-46,-6253,169,-189,-22,-15,-262378,-7454,-2430,141,31,253271,-577,1839,323,58,-239455,-2068,-699,-153,26,-9621,-2159,-655,85,-28,4216,2650,2528,1202,287,-136414,-75,-75,-136,41,4783,825,832,498,67,403,595,543,355,62,396937,508867,247703,17569,2904,843669,61376,48014,4791,-342,492721,92061,41210,6641,1802,186862,112539,53409,5680,152
201209,7425159,1764061,985166,71837,6183,2752568,1725347,985194,50455,5152,875960,493102,282315,18777,1875,3811116,438978,241306,20099,1602,790471,105649,74860,11438,2218,195828,101787,76304,10654,1463,50934,32572,21723,2812,235,83842,27404,19276,2880,281,748691,51901,34152,2797,369,83252,46412,31200,2166,203,20589,15564,9753,591,33,27969,13816,9086,653,188,40565,15570,11320,976,85,21072,12752,10508,755,83,4871,4255,3050,231,38,26739,4383,3176,344,21,50687,27598,17833,2667,231,32888,19812,16159,2143,145,11892,7451,4510,635,62,19049,7998,4893,769,102,85784,10987,10507,3687,416,33482,11373,10886,3753,393,8583,2649,2532,824,36,12611,2965,2818,968,115,6392569,1507929,858338,55362,4603,2847669,1764799,979195,45530,5746,737820,421142,245309,14513,1226,3059294,345840,197791,14512,905,4672591,38714,-28,21382,1031,-47547,325976,164971,13334,1310,-251532,44046,28094,3382,631,3210291,-7176,-10715,5895,492,594643,3862,-1444,784,755,-309787,-4269,-2725,1393,887,7550,9765,4074,-64,-266,41035,4237,1822,119,64,665439,5489,2952,631,166,8491,614,-1227,639,91,4362,5817,3185,130,-66,13364,3480,2551,206,164,19493,2818,812,221,2,-7466,1807,559,56,-127,659,752,371,44,12,19690,1131,606,126,0,17799,7786,1674,524,86,-262998,-7778,-2856,89,-10,5058,3108,695,74,26,12515,4022,1360,200,76,52302,-386,-379,-66,23,3827,2291,2193,1124,286,-2833,-494,-530,-375,-70,4745,-19,-22,-79,17,3544900,-256870,-120857,9832,-1143,334269,468526,226433,16549,2729,-483772,-31126,-5211,276,-1261,2438579,-111311,-54137,1299,-38
201210,4678506,1907103,1053775,83634,7203,7440262,1773635,989877,72872,6359,1999364,477386,262413,21962,1646,2366820,469634,259270,22355,2099,579869,120251,86438,13457,2207,791631,107875,76165,11591,2256,87757,32194,23418,3647,689,385895,28508,21569,3908,947,539112,59844,40906,3496,938,748513,52858,34766,2834,379,45875,15313,10371,751,45,473291,15973,11485,1634,714,34448,17231,12685,1151,290,40724,15693,11418,993,92,10031,4342,3225,305,147,14447,4296,3158,309,68,80727,31360,20198,2999,481,51308,28220,18112,2704,229,13756,9454,6211,884,50,10394,6507,4670,659,145,47449,11734,11092,3715,304,85570,10977,10502,3668,406,18546,3461,3290,1177,90,7626,2838,2647,894,119,3732995,1645299,922164,65258,4373,6396502,1509632,859336,55886,4584,1778526,406877,226994,16818,1000,1891175,445144,243439,18991,1320,-2746653,143042,68609,11797,1020,4687694,48288,4683,22417,1207,1123404,-15716,-19902,3185,-229,-1444296,30656,17964,2256,497,-210602,14602,11578,2019,-11,595803,6088,-139,937,793,36823,-378,1695,835,454,302053,1104,2293,1028,666,-209579,7943,6754,699,569,665261,6446,3566,668,176,25286,-251,618,160,12,445322,2157,2399,981,526,-6117,1661,1365,175,205,19652,2941,910,238,9,5160,87,175,74,109,-12292,-87,-18,-35,47,30040,3762,2365,332,250,18420,8408,1953,561,84,1864,2003,1701,249,-12,-8655,-1491,-223,-110,43,-38335,747,585,28,-112,52088,-396,-384,-85,13,9963,812,758,353,54,-4985,-127,-171,-74,4,-2659574,137370,63826,9896,-230,3548833,-255167,-119859,10356,-1162,1040706,-14265,-18315,2305,-226,-1168119,99304,45648,4479,415
201211,5906189,1866344,1011745,81928,8133,4678506,1907103,1053775,83634,7203,2374113,440130,242909,17450,1203,814642,520327,273697,21181,1425,460257,112729,83205,13397,1226,579869,120251,86438,13457,2207,46757,24693,18437,2899,188,70942,30562,22537,3774,367,145093,54587,37172,3173,279,539112,59844,40906,3496,938,22042,12319,8263,662,22,36249,14157,9817,889,106,17146,13702,10651,886,94,34448,17231,12685,1151,290,3575,3050,2345,158,24,4197,3507,2762,238,37,38027,26821,18580,2654,151,80727,31360,20198,2999,481,8941,5385,4074,630,43,10103,7401,4949,717,52,144296,10728,10344,3792,283,47449,11734,11092,3715,304,7566,2322,2243,792,53,12538,2877,2773,1034,115,4083955,1254776,733689,48689,5983,3732995,1645299,922164,65258,4373,2000622,338630,195134,11813,1072,488544,316339,183941,11382,904,1227683,-40759,-42030,-1706,930,-2761756,133468,63898,10762,844,374749,-37256,-19504,-4512,-443,-1552178,50693,14427,-1174,-674,-119612,-7522,-3233,-60,-981,-211762,12376,10273,1866,-49,-41000,-7501,-4981,-748,-501,-314953,2054,968,-134,-580,-394019,-5257,-3734,-323,-659,-209401,6986,6140,662,559,-23833,-2994,-2108,-89,-23,-437042,-1816,-1668,-745,-608,-17302,-3529,-2034,-265,-196,-6276,1538,1267,158,198,-6456,-1292,-880,-147,-123,-10250,-789,-396,-71,-31,-42700,-4539,-1618,-345,-330,29419,3140,2086,295,252,-4815,-4069,-2137,-254,-7,-291,894,279,58,-93,96847,-1006,-748,77,-21,-38121,757,590,47,-102,-10980,-1139,-1047,-385,-37,4912,39,126,140,-4,350960,-390523,-188475,-16569,1610,-2663507,135667,62828,9372,-211,222096,-68247,-31860,-5005,72,-1402631,-128805,-59498,-7609,-416
201212,3026814,1373413,765735,36683,3709,6538100,1837982,996929,80754,8002,340141,333883,189335,4087,651,399828,376898,209954,7860,790,159661,107781,77906,6354,1233,456008,110072,81286,12961,1187,26303,24943,17763,644,236,34586,30887,22390,1256,389,61917,43095,29614,1347,186,143733,53405,36359,3091,274,11019,10833,7081,132,15,12402,11628,8216,208,64,18388,15173,11278,530,102,17017,13537,10498,857,94,3371,3197,2402,68,23,4595,4298,3243,121,35,35628,28484,18388,1624,111,36246,25634,17946,2544,151,6838,6530,4210,164,29,9297,8432,5295,325,25,25247,11524,11039,1819,290,143365,10386,10008,3615,273,3306,2746,2623,232,96,4161,3252,3116,333,109,3096829,1384310,750379,33657,5064,4760037,1242658,726412,48670,5936,376072,370167,199694,4263,767,397900,374345,203179,7506,1206,-2879375,-492931,-246010,-45245,-4424,1859594,-69121,-56846,-2880,799,-2033972,-106247,-53574,-13363,-552,-414814,-143429,-63743,-13321,-635,-300596,-4948,-5299,-7043,7,-123861,-10179,-5152,-496,-1020,-20454,250,-674,-2255,48,-36356,325,-147,-2518,22,-83176,-11492,-7558,-1826,-93,-395379,-6439,-4547,-405,-664,-11023,-1486,-1182,-530,-7,-23847,-2529,-1601,-681,-42,1242,1471,627,-356,8,-17431,-3694,-2187,-294,-196,-204,147,57,-90,-1,398,791,481,-117,-2,-2399,1663,-192,-1030,-40,-44481,-5726,-2252,-455,-330,-2103,1145,136,-466,-14,-806,1031,346,-392,-27,-119049,796,695,-1973,7,95916,-1348,-1084,-100,-31,-4260,424,380,-560,43,-8377,375,343,-701,-6,-987126,129534,16690,-15032,-919,1027042,-402641,-195752,-16588,1563,-1624550,31537,4560,-7550,-305,-90644,58006,19238,-3876,302
201301,1460974,1398108,792249,16782,3397,2349639,1366434,761645,34821,3643,443742,434140,238991,5927,1070,445260,402235,236193,5307,1311,125170,117282,87493,3262,1268,157836,107385,77439,6220,1223,39778,37064,27323,1113,370,42415,40016,31969,1066,446,48839,47095,31344,617,292,61678,43157,29598,1317,184,12728,12238,8445,180,27,14993,14623,9659,205,64,15251,14495,10548,276,261,18014,14957,11119,510,103,5525,5244,3771,113,56,4355,4031,3042,83,189,40720,39003,28916,925,219,35657,28592,18372,1602,111,11525,11034,7943,286,64,18260,17755,15029,306,61,14799,12465,12067,960,341,24848,11440,10956,1790,290,4553,3763,3647,284,138,4961,4172,4038,343,89,1455251,1428194,778765,15316,3260,2398784,1381043,747948,31790,5010,402288,394472,215858,4763,1162,437915,427857,235760,4990,825,-1565840,24695,26514,-19901,-312,-4188461,-471548,-235284,-45933,-4359,103601,100257,49656,1840,419,45432,25337,26239,-2553,521,-34491,9501,9587,-3092,35,-298172,-2687,-3847,-6741,36,13475,12121,9560,469,134,7829,9129,9579,-190,57,-13078,4000,1730,-730,106,-82055,-10248,-6761,-1774,-90,1709,1405,1364,48,12,2591,2995,1443,-3,0,-3137,-678,-730,-254,159,997,1420,621,-347,9,2154,2047,1369,45,33,-240,-267,-201,-38,154,5092,10519,10528,-699,108,-589,2958,426,-942,-40,4687,4504,3733,122,35,8963,9323,9734,-19,36,-10448,941,1028,-859,51,-118517,1054,948,-1825,17,1247,1017,1024,52,42,800,920,922,10,-20,-1641578,43884,28386,-18341,-1804,-2361253,138385,21536,-16880,-926,26216,24305,16164,500,395,40015,53512,32581,-2516,-381
201302,1625431,1571156,885685,30290,7562,1399548,1338826,761332,15343,3051,376810,360889,217510,8725,1090,421021,403182,232834,8931,4494,150895,138822,103861,4881,2506,116854,109996,81894,2928,1188,37627,34216,26933,1395,753,38365,35300,26645,1376,551,55330,52844,37677,910,549,47135,45475,29923,569,283,15720,14828,10655,263,96,15026,14456,10735,309,101,20662,19633,14713,514,249,14201,13581,9881,238,225,5223,4865,4004,154,123,4947,4758,3491,121,36,37057,34873,23747,1133,298,38420,36834,27580,851,212,8808,8238,5990,332,27,9626,8980,6156,320,64,18609,15374,14910,1231,627,13527,11405,11041,882,282,5252,4427,4283,375,117,4599,3641,3532,298,251,1593480,1537927,844836,28445,4337,1415345,1390096,758344,14332,2851,464444,444215,243730,10153,1129,418764,397955,223591,8390,1434,164457,173048,93436,13508,4165,-950091,-27608,-313,-19478,-592,-66932,-73251,-21481,2798,20,-24239,947,-3359,3624,3183,25725,21540,16368,1619,1238,-40982,2611,4455,-3292,-35,-2151,-2848,-390,282,383,-4050,-4716,-5324,310,105,6491,5749,6333,293,257,-14543,2318,325,-748,99,2992,2590,2210,83,69,33,-167,1076,104,37,5411,5138,4165,238,-12,-3813,-1376,-1238,-272,122,-302,-379,233,41,67,592,727,449,38,-153,-3663,-4130,-5169,208,79,2763,8242,9208,-751,101,-2717,-2796,-1953,46,-37,-8634,-8775,-8873,14,3,3810,2909,2843,271,286,-11321,-35,85,-908,-8,699,664,636,91,-21,-362,-531,-506,-45,162,138229,109733,66071,13129,1077,-983439,9053,10396,-17458,-2159,62156,49743,27872,5390,-33,-19151,-29902,-12169,3400,609
201303,1427727,1367311,843161,35644,4995,1609308,1554385,879108,30697,7626,360528,345836,212858,9283,1206,347902,333237,207201,9198,1256,150625,131985,103651,5028,1168,150223,138253,103512,4878,2435,35520,31404,23960,1228,232,34669,31162,24814,1155,368,45297,43472,31152,946,315,55176,52870,37838,924,551,11178,10810,7288,206,32,10728,10238,7536,236,148,19266,18429,13888,555,76,20632,19621,14541,515,250,5091,4840,3779,150,27,4784,4595,3535,130,9,36493,33469,24339,1604,279,36844,34654,23648,1138,288,10432,9452,6436,459,46,8917,8236,5885,406,79,28313,24919,24294,1428,631,18928,15678,15191,1250,602,6800,6048,5886,345,81,7445,6635,6469,359,200,1691721,1631278,934032,40172,4716,1595745,1539405,846079,29265,4438,374581,361410,213949,9318,974,416629,401002,230892,10287,1120,-197704,-203845,-42524,5354,-2567,209760,215559,117776,15354,4575,-16282,-15053,-4652,558,116,-73119,-69945,-25633,267,-3238,-270,-6837,-210,147,-1338,33369,28257,21618,1950,1247,-2107,-2812,-2973,-167,-521,-3696,-4138,-1831,-221,-183,-10033,-9372,-6525,36,-234,8041,7395,7915,355,268,-4542,-4018,-3367,-57,-64,-4298,-4218,-3199,-73,47,-1396,-1204,-825,41,-173,6431,6040,4660,277,25,-132,-25,-225,-4,-96,-163,-163,44,9,-27,-564,-1404,592,471,-19,-1576,-2180,-3932,287,76,1624,1214,446,127,19,-709,-744,-271,86,15,9704,9545,9384,197,4,5401,4273,4150,368,320,1548,1621,1603,-30,-36,2846,2994,2937,61,-51,98241,93351,89196,11727,379,180400,149309,87735,14933,1587,-89863,-82805,-29781,-835,-155,-2135,3047,7301,1897,-314
201304,1527992,1472038,868867,37022,6818,1427727,1367311,843161,35644,4995,445410,429768,249970,9963,2512,481749,466589,263739,10564,1474,129478,120682,90296,4430,1313,150625,131985,103651,5028,1168,39138,36759,27333,1211,320,40046,37802,28335,1214,328,45678,44094,31037,856,252,45297,43472,31152,946,315,13395,13020,8997,227,65,13849,13484,9521,212,102,18477,17652,13526,524,144,19266,18429,13888,555,76,5464,5258,3989,140,45,5622,5422,4172,142,18,42621,39208,26355,1660,148,36493,33469,24339,1604,279,12271,11584,7804,437,43,13355,12511,8235,457,29,21492,18274,17116,1365,537,28313,24919,24294,1428,631,6564,5744,5450,400,89,6665,5820,5554,381,97,1462630,1406529,815508,34274,3663,1691721,1631278,934032,40172,4716,443732,430742,242600,9618,1012,416031,404421,229222,8913,941,100265,104727,25706,1378,1823,-181581,-187074,-35947,4947,-2631,84882,83932,37112,680,1306,133847,133352,56538,1366,218,-21147,-11303,-13355,-598,145,402,-6268,139,150,-1267,3618,5355,3373,-17,88,5377,6640,3521,59,-40,381,622,-115,-90,-63,-9879,-9398,-6686,22,-236,2217,2210,1709,21,33,3121,3246,1985,-24,-46,-789,-777,-362,-31,68,-1366,-1192,-653,40,-174,373,418,210,-10,18,838,827,637,12,9,6128,5739,2016,56,-131,-351,-1185,691,466,-9,1839,2132,1368,-22,-3,4438,4275,2350,51,-50,-6821,-6645,-7178,-63,-94,9385,9241,9103,178,29,-236,-304,-436,55,8,-780,-815,-915,22,-103,-229091,-224749,-118524,-5898,-1053,95976,91873,87953,10907,278,69151,69332,28651,300,38,-598,3419,-1670,-1374,-179
201305,1690578,1629596,943130,39612,11557,1558609,1502285,885203,37720,6792,400166,386084,232538,9532,3159,402405,385416,225465,9788,3765,129592,120953,89979,4451,1396,132426,123323,92521,4561,1338,31745,29591,21949,1130,286,32423,30212,22584,1127,386,44423,43136,29548,752,259,46530,44960,31679,873,254,10651,10335,7098,192,80,10044,9779,6667,172,57,19915,19072,14653,547,133,18825,17977,13780,534,148,4726,4509,3468,120,48,4946,4740,3620,154,25,40302,36919,26420,1515,870,42854,39639,26769,1671,154,9596,8752,6314,359,37,10407,9650,7064,370,168,25911,22350,20143,1390,748,22276,18987,17748,1404,560,6572,5845,5134,353,87,6877,5989,5439,351,147,1576094,1525884,867917,35145,9763,1493056,1436017,830903,34969,3837,396404,384558,223500,8853,2928,396177,381276,214588,9038,3095,162586,157558,74263,2590,4739,130882,134974,42042,2076,1797,-45244,-43684,-17432,-431,647,-79344,-81173,-38274,-776,2291,114,271,-317,21,83,-18199,-8662,-11130,-467,170,-7393,-7168,-5384,-81,-34,-7623,-7590,-5751,-87,58,-1255,-958,-1489,-104,7,1233,1488,527,-73,-61,-2744,-2685,-1899,-35,15,-3805,-3705,-2854,-40,-45,1438,1420,1127,23,-11,-441,-452,-108,-21,72,-738,-749,-521,-20,3,-676,-682,-552,12,7,-2319,-2289,65,-145,722,6361,6170,2430,67,-125,-2675,-2832,-1490,-78,-6,-2948,-2861,-1171,-87,139,4419,4076,3027,25,211,-6037,-5932,-6546,-24,-71,8,101,-316,-47,-2,212,169,-115,-30,50,113464,119355,52409,871,6100,-198665,-195261,-103129,-5203,-879,-47328,-46184,-19100,-765,1916,-19854,-23145,-14634,125,2154
201306,1333189,1282188,793285,32570,11640,1690578,1629596,943130,39612,11557,309825,294545,177536,9107,2917,340118,327344,206635,8478,3199,128454,119266,89303,4694,1285,129592,120953,89979,4451,1396,27303,25101,20351,1129,288,31250,28769,22294,1273,307,41758,39460,27628,879,325,44423,43136,29548,752,259,9844,9433,6594,228,79,11036,10270,7196,246,95,18619,17702,13781,597,104,19915,19072,14653,547,133,4113,3830,3118,147,13,4775,4525,3526,186,35,32947,30722,22507,1341,247,40302,36919,26420,1515,870,6221,5579,4847,343,107,7901,7224,5742,391,55,26131,22422,19975,1443,647,25911,22350,20143,1390,748,5753,4823,4629,370,240,6226,5270,4879,345,139,1408980,1361583,806939,33097,11809,1576094,1525884,867917,35145,9763,307079,294832,172702,8937,3059,352443,340750,207642,8537,2907,-357389,-347408,-149845,-7042,83,131969,127311,57927,1892,4765,-90341,-91539,-55002,-425,-242,-62287,-58072,-18830,-1310,-566,-1138,-1687,-676,243,-111,-2834,-2370,-2542,-110,58,-4442,-4490,-1598,-1,2,-1173,-1443,-290,146,-79,-2665,-3676,-1920,127,66,-2107,-1824,-2131,-121,5,-807,-902,-504,36,-1,992,491,529,74,38,-1296,-1370,-872,50,-29,1090,1095,873,13,-15,-613,-679,-350,27,-35,-171,-215,-94,32,10,-7355,-6197,-3913,-174,-623,-2552,-2720,-349,-156,716,-3375,-3173,-1467,-16,70,-2506,-2426,-1322,21,-113,220,72,-168,53,-101,3635,3363,2395,-14,188,-819,-1022,-505,17,153,-651,-719,-560,-6,-8,-167114,-164301,-60978,-2048,2046,83038,89867,37014,176,5926,-89325,-89726,-50798,84,131,-43734,-40526,-6946,-501,-188
201307,1265504,1208728,699356,37277,12201,1329439,1277731,791356,32979,11632,325760,306254,178409,11952,3970,314673,300099,171955,10144,2626,119038,108094,88365,5265,1708,128429,119214,89640,4718,1311,31812,28526,23532,1766,306,32949,29273,24162,1609,431,41232,39237,28720,967,538,42089,39763,27806,888,328,9629,9037,7399,356,45,10909,10073,7749,321,348,19071,17541,13737,835,381,18487,17602,13726,591,83,5088,4756,3744,236,42,4841,4474,3425,282,23,25217,23044,19858,1160,220,32657,30425,22495,1348,245,6971,6237,5348,384,35,6805,6179,5338,318,40,28076,23475,22223,1705,675,26182,22435,20065,1454,654,7362,6070,5705,588,179,7446,6192,5891,460,179,1237747,1184754,662397,35330,12998,1401442,1353613,803588,33390,11771,329951,310728,172768,11593,5520,326748,311681,169248,10489,2605,-67685,-73460,-93929,4707,561,-361139,-351865,-151774,-6633,75,15935,11709,873,2845,1053,-25445,-27245,-34680,1666,-573,-9416,-11172,-938,571,423,-1163,-1739,-339,267,-85,4509,3425,3181,637,18,1699,504,1868,336,124,-526,-223,1092,88,213,-2334,-3373,-1742,136,69,-215,-396,805,128,-34,-127,-197,553,75,253,452,-161,-44,238,277,-1428,-1470,-927,44,-50,975,926,626,89,29,66,-51,-101,96,-12,-7730,-7678,-2649,-181,-27,-7645,-6494,-3925,-167,-625,750,658,501,41,-72,-1096,-1045,-404,-73,-15,1945,1053,2248,262,28,271,85,-78,64,-94,1609,1247,1076,218,-61,1220,922,1012,115,40,-171233,-176829,-144542,2233,1189,-174652,-172271,-64329,-1755,2008,22872,15896,66,2656,2461,-25695,-29069,-38394,1952,-302
201308,1592684,1438626,824030,94784,14700,1265950,1208018,697527,37856,12320,410855,368738,213063,24781,3578,408055,370013,211551,24406,3835,126196,104577,84578,9009,2795,119221,108128,88356,5313,1670,31563,26143,21476,2262,732,30930,25760,20391,2168,601,40760,37127,26722,1872,498,40977,38979,28633,986,544,10121,9153,6599,529,133,10938,9989,6773,461,46,17505,15489,12107,1208,156,19104,17566,13742,842,378,4381,3870,3015,345,17,4138,3612,2806,298,39,28155,22995,20051,2218,485,25321,23063,19880,1181,224,7593,5948,5207,590,88,7089,5439,4785,513,164,30336,22395,21496,2937,736,28159,23432,22186,1724,671,7932,6016,5758,751,208,7385,5410,5225,709,160,1365470,1247399,711649,79943,11468,1233032,1179027,657948,35652,12925,369425,337979,191152,22111,2493,355649,325453,185080,20859,2712,327180,229898,124674,57507,2499,-63489,-69713,-93829,4877,688,85095,62484,34654,12829,-392,93382,69914,39596,14262,1209,7158,-3517,-3787,3744,1087,-9208,-11086,-1284,595,359,-249,-2383,-2056,496,426,-2019,-3513,-3771,559,170,-472,-2110,-1998,905,-40,-1112,-784,827,98,216,492,116,-800,173,88,29,-84,-976,140,-302,-1566,-2052,-1630,373,-225,617,-36,16,251,295,-707,-886,-729,109,-25,-703,-862,-619,16,16,2938,-49,193,1058,265,-7336,-7362,-2615,-167,-21,622,-289,-141,206,53,284,-740,-553,195,124,2260,-1080,-727,1232,61,1977,997,2121,270,17,570,-54,53,163,29,-61,-782,-666,249,-19,127723,62645,49252,44613,-1530,-168410,-174586,-145640,2262,1154,39474,27251,18384,10518,-3027,28901,13772,15832,10370,107
201309,1592166,1428391,813971,108743,12916,1592684,1438626,824030,94784,14700,415001,371818,214848,29904,3184,455120,406062,226259,33599,3739,126523,102644,82656,10612,3803,126196,104577,84578,9009,2795,38173,31155,23755,3302,846,37023,29838,23049,3295,1234,44034,39822,27788,2561,481,40760,37127,26722,1872,498,13874,12508,7925,707,175,13972,12761,8032,748,111,18804,15683,11879,2100,99,17505,15489,12107,1208,156,6490,4985,3562,942,19,5198,4277,3229,716,28,27365,22749,19597,2121,515,28155,22995,20051,2218,485,7249,5882,5135,573,269,7683,6276,5311,602,188,28236,20381,19460,3016,1215,30336,22395,21496,2937,736,7513,5313,5072,739,554,8561,6016,5599,1013,305,1540912,1389703,766409,103043,9381,1365470,1247399,711649,79943,11468,431530,386950,212961,30068,2437,410580,369095,201775,29636,2753,-518,-10235,-10059,13959,-1784,326734,230608,126503,56928,2380,4146,3080,1785,5123,-394,47065,36049,14708,9193,-96,327,-1933,-1922,1603,1008,6975,-3551,-3778,3696,1125,6610,5012,2279,1040,114,6093,4078,2658,1127,633,3274,2695,1066,689,-17,-217,-1852,-1911,886,-46,3753,3355,1326,178,42,3034,2772,1259,287,65,1299,194,-228,892,-57,-1599,-2077,-1635,366,-222,2109,1115,547,597,2,1060,665,423,418,-11,-790,-246,-454,-97,30,2834,-68,171,1037,261,-344,-66,-72,-17,181,594,837,526,89,24,-2100,-2014,-2036,79,479,2177,-1037,-690,1213,65,-419,-703,-686,-12,346,1176,606,374,304,145,175442,142304,54760,23100,-2087,132438,68372,53701,44291,-1457,62105,48971,21809,7957,-56,54931,43642,16695,8777,41
201310,1525747,1367812,768631,100919,12279,1606357,1442345,822557,110565,13094,442158,409158,218820,21484,3710,374064,337389,190446,24702,3458,119017,94564,71598,10847,2412,130365,105762,84994,11016,3884,26720,21169,15844,1916,515,31969,23653,17956,2750,700,46238,42132,26999,2240,713,45330,41021,28471,2641,495,12920,11688,7067,434,452,11236,9894,6428,509,416,18931,14929,11471,2832,129,19437,16144,12214,2206,116,4297,3487,2776,570,40,4534,3541,2795,701,52,23545,19143,16269,1899,520,28219,23373,20148,2196,629,5828,4938,4249,425,102,6316,4991,4319,474,51,22308,14833,13968,2773,1008,28663,20701,19774,3088,1201,5693,3839,3562,747,241,5570,3623,3310,787,236,1563110,1419023,765902,104333,9060,1568514,1413728,778661,105329,9727,331571,310600,173632,15107,1950,388231,353748,191430,25696,1975,-66419,-60579,-45340,-7824,-637,13673,3719,-1473,15781,-1606,27157,37340,3972,-8420,526,-81056,-68673,-35813,-8897,-281,-7506,-8080,-11058,235,-1391,4169,1185,416,2007,1089,-11453,-9986,-7911,-1386,-331,-5054,-6185,-5093,-545,-534,2204,2310,-789,-321,232,4570,3894,1749,769,-3,-954,-820,-858,-273,277,-2736,-2867,-1604,-239,305,127,-754,-408,732,30,1932,655,107,998,-40,-2193,-1498,-786,-372,21,-664,-736,-434,-15,24,-3820,-3606,-3328,-222,5,64,378,97,-22,144,-1421,-944,-886,-148,-167,-1367,-1285,-992,-128,-137,-5928,-5548,-5492,-243,-207,-1673,-1694,-1722,151,465,-1820,-1474,-1510,8,-313,-2991,-2393,-2289,-226,-69,22198,29320,-507,1290,-321,203044,166329,67012,25386,-1741,-99959,-76350,-39329,-14961,-487,-22349,-15347,-10345,-3940,-778
201311,1681690,1555015,810422,81061,14172,1525747,1367812,768631,100919,12279,386561,357960,192234,19435,3187,419311,387383,198550,19728,3140,109715,94209,70952,7107,2086,119017,94564,71598,10847,2412,36083,31266,22793,2183,744,26779,23338,17412,1642,346,47330,44013,30089,1535,525,46238,42132,26999,2240,713,11842,10811,7955,416,260,11269,10495,7560,366,81,17268,15030,9008,1508,242,18931,14929,11471,2832,129,5719,5041,2482,420,90,5375,4795,2225,365,112,29426,25713,23059,1649,297,23545,19143,16269,1899,520,8107,7262,6611,421,112,7910,6924,6402,383,25,22926,14651,13648,2842,1315,22308,14833,13968,2773,1008,5877,3962,3727,726,413,5552,3439,3191,687,277,1301836,1217099,658069,59300,7470,1563110,1419023,765902,104333,9060,360104,335410,178562,17168,2138,307899,287289,154983,13780,1710,155943,187203,41791,-19858,1893,-80610,-74533,-53926,-9646,-815,-55597,-51198,-26586,-2049,-523,45247,49994,8104,-4974,-318,-9302,-355,-646,-3740,-326,-11348,-11198,-13396,-169,-1472,9363,10097,6949,267,229,-5190,-315,-544,-1108,-354,1092,1881,3090,-705,-188,908,1111,-1472,-401,218,-1078,-877,888,-18,-192,33,601,1132,-143,-335,-1663,101,-2463,-1324,113,-506,-1215,-743,626,13,1422,1554,-294,-150,50,841,1254,-570,-336,60,5881,6570,6790,-250,-223,-4674,-4230,-3879,-297,-109,2279,2324,2362,-4,10,1594,1933,2083,-91,-26,618,-182,-320,69,307,-6355,-5868,-5806,-315,-193,184,123,165,-21,172,-18,-184,-119,-100,41,-261274,-201924,-107833,-45033,-1590,-5404,5295,-12759,-996,-667,28533,24810,4930,2061,188,-80332,-66459,-36447,-11916,-265
201312,1501243,1376012,772145,69787,10412,1654530,1530055,797651,79638,13862,392849,353917,195807,16705,2283,420645,386822,226480,19197,3126,124073,106537,82327,7654,2093,109043,93648,70636,7000,2038,28671,24980,19619,1689,468,33999,28855,22881,2192,760,48557,41748,29832,1514,839,46211,42972,29580,1479,495,12437,10282,7276,374,118,12718,11772,8603,424,309,13337,11435,7957,1230,135,17036,14870,8865,1469,262,2718,2321,1861,256,48,3077,2599,2066,328,36,31534,28270,25661,1562,303,29383,25785,23141,1592,291,7530,6810,6228,350,101,8793,7733,7060,463,86,20710,12978,12093,2589,1374,22490,14405,13385,2761,1215,4738,2803,2582,559,710,5799,3750,3466,727,141,1380712,1288363,719393,62099,7784,1289995,1206173,651565,58698,7433,335976,315907,176628,14254,1746,389401,361388,211512,17070,2352,-180447,-179003,-38277,-11274,-3760,128783,162243,29020,-21281,1583,6288,-4043,3573,-2730,-904,1334,-561,27930,-531,-14,14358,12328,11375,547,7,-9974,-916,-962,-3847,-374,-7412,-6286,-3174,-494,-276,7220,5517,5469,550,414,1227,-2265,-257,-21,314,-27,840,2581,-761,-218,595,-529,-679,-42,-142,1449,1277,1043,58,228,-3931,-3595,-1051,-278,-107,-1895,-59,-2606,-1363,133,-3001,-2720,-621,-164,-42,-2298,-2196,-159,-37,-76,2108,2557,2602,-87,6,5838,6642,6872,-307,-229,-577,-452,-383,-71,-11,883,809,658,80,61,-2216,-1673,-1555,-253,59,182,-428,-583,-12,207,-1139,-1159,-1145,-167,297,247,311,275,40,-136,78876,71264,61324,2799,314,-273115,-212850,-114337,-45635,-1627,-24128,-19503,-1934,-2914,-392,81502,74099,56529,3290,642
201401,1477379,1329905,740278,77632,10844,1501809,1376879,772895,69534,10397,341295,307787,173882,20531,3131,418313,372204,204828,23390,3732,125618,101968,79966,9204,3837,123092,105969,81986,7546,2097,30102,22795,19095,2637,1332,36821,29442,22866,2898,1319,46929,41772,31664,1719,1722,48478,41663,29813,1517,844,10854,9787,8160,478,189,13353,12053,9204,526,326,15268,12902,8411,1666,105,13166,11304,7883,1204,114,3872,3104,2383,485,54,5082,4346,2566,497,29,31308,26861,24235,1898,530,31512,28252,25642,1559,303,7932,6428,5660,586,286,8527,7074,6402,613,105,25157,14559,13528,3501,1428,20429,12879,12010,2553,1373,7845,4537,4166,1165,384,7902,4382,4081,1110,649,1360919,1251105,685038,68555,8224,1378786,1286820,719172,61858,7744,372540,340048,178605,20634,2524,375670,343243,185070,20045,3031,-23864,-46107,-31867,7845,432,-152721,-153176,-24756,-10104,-3465,-51554,-46130,-21925,3826,848,-2332,-14618,-21652,4193,606,1545,-4569,-2361,1550,1744,14049,12321,11350,546,59,1431,-2185,-524,948,864,2822,587,-15,706,559,-1628,24,1832,205,883,2267,-1309,233,38,349,-1583,-495,884,104,71,635,281,601,102,17,1931,1467,454,436,-30,-3870,-3566,-982,-265,-148,1154,783,522,229,6,2005,1747,500,169,-7,-226,-1409,-1426,336,227,2129,2467,2501,-33,12,402,-382,-568,236,185,-266,-659,-658,150,19,4447,1581,1435,912,54,-2061,-1526,-1375,-208,158,3107,1734,1584,606,-326,2103,632,615,383,508,-19793,-37258,-34355,6456,440,88791,80647,67607,3160,311,36564,24141,1977,6380,778,-13731,-18145,-26442,2975,679
201402,1495225,1346725,705890,85694,14392,1474847,1329427,738679,75853,10481,405135,365255,182766,22248,3472,391749,353287,185548,22134,4013,122248,93780,75922,10833,4226,123911,101550,79231,8764,3578,36912,27467,21050,2979,1657,30321,24008,19812,2773,813,41154,36506,29619,1962,757,46759,41653,31239,1676,1693,10513,9154,7411,496,223,10747,9413,7758,483,289,18278,14314,9652,1885,144,14770,12509,8124,1598,110,7027,5165,2809,485,37,4403,3674,2564,477,43,31329,25445,22110,2448,685,30901,26714,24177,1788,499,7927,6641,5702,641,108,7768,6291,5660,625,127,31980,18042,16654,4393,1566,23751,13866,12873,3257,1345,8888,4666,4346,1174,448,8376,4883,4491,1097,327,1649743,1507125,734135,88905,12995,1337204,1231875,677527,66260,7623,452093,415478,191857,23301,3375,429729,392102,192598,22846,2842,17846,16820,-34388,8062,3548,-26962,-47452,-34216,6319,84,63840,57468,8884,1717,341,-26564,-18917,-19280,-1256,281,-3370,-8188,-4044,1629,389,819,-4419,-2755,1218,1481,6810,4672,1955,342,325,-6500,-5434,-3054,-125,-506,-5775,-5266,-2045,243,-965,-1719,-10,1426,159,849,-341,-633,-749,18,34,-2606,-2640,-1446,-43,-37,3010,1412,1241,219,39,1604,1205,241,394,-4,3155,2061,426,0,-17,-679,-672,-2,-20,14,21,-1416,-2125,550,155,-611,-1538,-1465,229,196,-5,213,42,55,-178,-759,-783,-742,12,22,6823,3483,3126,892,138,3322,987,863,704,-28,1043,129,180,9,64,474,501,410,-13,-322,288824,256020,49097,20350,4771,-41582,-54945,-41645,4402,-121,79553,75430,13252,2667,851,54059,48859,7528,2801,-189
201403,1719434,1549364,793240,92224,13532,1482895,1336743,698127,84556,14149,447226,393008,207416,22822,3070,487150,446163,223364,25834,4332,142750,114773,85756,11227,3607,120366,92586,74763,10614,4095,40258,32776,22878,2936,823,39761,32393,23114,2881,946,47171,42768,29580,1925,757,40319,35713,28944,1942,760,14549,13603,8066,466,151,15620,13809,8621,577,331,23197,20006,10295,1889,273,18099,14249,9451,1814,135,6684,5887,2816,554,75,6765,5537,2772,538,86,39671,30351,27182,2631,557,30826,25107,21814,2401,652,10028,8466,7519,668,246,9958,8454,7566,684,110,30614,17471,16421,4424,1680,31209,17664,16315,4253,1482,9015,4995,4676,1278,529,8638,4787,4503,1233,561,1960101,1798836,851789,99754,11516,1639573,1498487,727387,88119,12745,547615,506414,239480,27209,2511,515106,477145,226731,25559,3607,224209,202639,87350,6530,-860,8048,7316,-40552,8703,3668,42091,27753,24650,574,-402,95401,92876,37816,3700,319,20502,20993,9834,394,-619,-3545,-8964,-4468,1850,517,3346,5309,1828,-43,-834,9440,8385,3302,108,133,6017,6262,-39,-37,0,-6440,-5940,-2295,266,-933,4036,4449,655,-30,-72,4873,4396,863,94,42,4919,5692,643,4,129,3329,1740,1327,216,25,-343,722,7,69,38,2362,1863,208,61,43,8342,4906,5072,183,-128,-75,-1607,-2363,613,153,2101,1825,1817,27,138,2190,2163,1906,59,-17,-1366,-571,-233,31,114,7458,3798,3442,996,137,127,329,330,104,81,262,-96,12,136,234,310358,291711,117654,10849,-1479,302369,266612,49860,21859,5122,95522,90936,47623,3908,-864,85377,85043,34133,2713,765
201404,1976927,1810349,897950,99850,12422,1719434,1549364,793240,92224,13532,520787,478587,231647,24242,3518,556557,512130,246609,27553,3655,154337,125286,90008,12309,3871,142750,114773,85756,11227,3607,37920,31133,22146,2990,829,41639,34003,24365,3384,900,56978,52711,30246,2031,807,47171,42768,29580,1925,757,14040,13038,7106,477,175,14693,13587,7807,546,221,17607,14468,9363,1936,249,23197,20006,10295,1889,273,4131,3360,2372,459,44,4114,3355,2345,457,47,34759,28126,25731,2473,1658,39671,30351,27182,2631,557,9174,6942,6463,606,1167,8680,7034,6455,631,140,30529,17689,16470,4401,1701,30614,17471,16421,4424,1680,7010,4221,3924,976,319,8040,4586,4308,1171,358,2095239,1943237,911525,99026,9211,1960101,1798836,851789,99754,11516,524550,489392,226294,22892,1980,538999,503055,234621,24982,2103,257493,260985,104710,7626,-1110,236539,212621,95113,7668,-617,73561,85579,24231,1420,448,69407,65967,23245,1719,-677,11587,10513,4252,1082,264,22384,22187,10993,613,-488,-2338,-1643,-732,54,6,1878,1610,1251,503,-46,9807,9943,666,106,50,6852,7055,636,-17,-3,-509,-565,-960,11,24,-927,-222,-814,-31,-110,-5590,-5538,-932,47,-24,5098,5757,844,75,138,-2553,-2527,-444,-95,-31,-2651,-2182,-427,-81,-39,-4912,-2225,-1451,-158,1101,8845,5244,5368,230,-95,-854,-1524,-1056,-62,921,-1278,-1420,-1111,-53,30,-85,218,49,-23,21,-595,-193,106,171,198,-2005,-774,-752,-302,-210,-598,-201,-195,-62,-203,135138,144401,59736,-728,-2305,320528,300349,124402,11635,-1229,-23065,-17022,-13186,-4317,-531,23893,25910,7890,-577,-1504
201405,2028158,1852350,888642,110250,13457,1986668,1824353,901957,100096,12475,539088,494345,225467,28819,3635,520018,472190,227463,29986,2935,142419,114828,83123,10313,3283,153324,124543,89509,12241,3824,35777,29870,21012,2420,752,33505,27296,20008,2530,1152,57791,52413,29889,1937,766,56894,52515,30194,2045,818,13748,12536,7164,467,205,13523,12539,7016,465,130,16032,13517,9452,1134,457,17459,14310,9366,1926,259,3147,2663,2010,234,29,3188,2751,1989,227,31,35530,29859,27620,2650,647,34582,27997,25658,2459,1656,8608,7193,6671,616,164,8574,7245,6703,621,163,31304,18624,15943,4234,1946,30161,17431,16198,4368,1721,9057,6091,4315,1051,419,7521,4185,3923,1016,670,2214828,2036503,913084,114834,10324,2102084,1950485,912798,98957,9193,575467,528537,226535,29144,2306,528709,481945,222639,29191,2377,51231,42001,-9308,10400,1035,267234,274989,108717,7872,-1057,18301,15758,-6180,4577,117,-36539,-39940,-19146,2433,-720,-11918,-10458,-6885,-1996,-588,10574,9770,3753,1014,217,-2143,-1263,-1134,-570,-77,-8134,-6707,-4357,-854,252,813,-298,-357,-94,-41,9723,9747,614,120,61,-292,-502,58,-10,30,-1170,-1048,-791,-81,-91,-1575,-951,89,-802,208,-5738,-5696,-929,37,-14,-984,-697,-362,-225,-15,-926,-604,-356,-230,-16,771,1733,1889,177,-1011,-5089,-2354,-1524,-172,1099,-566,251,208,10,-1003,-106,211,248,-10,23,775,935,-527,-167,245,-453,-40,-223,-56,41,2047,1870,391,75,100,-519,-401,-385,-155,312,119589,93266,1559,15808,1113,141983,151649,61009,-797,-2323,50917,39145,241,6252,326,-10290,-21110,-11982,4209,274
201406,2298475,2121021,983474,114827,13581,2028158,1852350,888642,110250,13457,800560,742992,311896,38488,3975,570459,523704,257340,29904,3453,178660,151641,115548,11378,4699,142419,114828,83123,10313,3283,47742,40270,30906,3018,1512,51953,44000,34461,3296,1852,65498,59017,35430,2209,2419,57791,52413,29889,1937,766,15364,14079,8175,536,385,21021,18042,11501,721,1556,14862,12841,10594,1044,244,16032,13517,9452,1134,457,3592,3132,2605,245,78,4117,3512,3007,311,107,41303,35893,33277,2612,661,35530,29859,27620,2650,647,10815,9471,8852,680,103,12332,10799,10009,774,239,38765,27539,25028,3995,1501,31304,18624,15943,4234,1946,10653,7738,7254,1052,338,11765,8366,7638,1184,528,2678259,2490670,1063798,129599,12275,2214828,2036503,913084,114834,10324,699365,652900,275944,32355,2989,739629,684428,297330,37610,3110,270317,268671,94832,4577,124,41490,27997,-13315,10154,982,261472,248647,86429,9669,340,50441,51514,29877,-82,518,36241,36813,32425,1065,1416,-10905,-9715,-6386,-1928,-541,11965,10400,9894,598,760,18448,16704,14453,766,700,7707,6604,5541,272,1653,897,-102,-305,-108,-52,1616,1543,1011,69,180,7498,5503,4485,256,1426,-1170,-676,1142,-90,-213,-1427,-793,86,-792,198,445,469,595,11,49,929,761,1018,84,76,5773,6034,5657,-38,14,948,1862,1962,191,-1009,2207,2278,2181,64,-61,3758,3554,3306,153,76,7461,8915,9085,-239,-445,1143,1193,-255,-134,225,1596,1647,2939,1,-81,4244,4181,3715,168,-142,463431,454167,150714,14765,1951,112744,86018,286,15877,1131,123898,124363,49409,3211,683,210920,202483,74691,8419,733
201407,3046634,2827363,1137509,136454,17244,2363196,2180423,1005975,117679,13978,825429,768181,295453,33609,4738,797032,742423,291452,36001,3750,186796,152622,108597,12265,6723,183023,155026,118143,11684,4877,50579,42201,29213,3226,943,52883,41919,29280,3671,1670,71845,64865,32995,2657,2488,66635,60051,36022,2252,2420,20253,18533,8962,754,285,19980,17438,8644,675,1415,15140,12853,10005,1051,204,15171,13119,10824,1062,245,4709,3875,2907,329,82,4134,3569,2662,283,48,41420,35621,33070,2674,745,42111,36505,33890,2670,740,10934,9308,8679,751,134,11079,9551,8908,711,201,57332,38086,30819,5600,2141,40215,28511,25936,4101,1610,15906,11997,9150,1522,353,22345,13669,10475,1994,619,2626047,2454068,1007471,113264,10017,2715970,2525083,1077559,131132,12471,697678,656617,262185,27626,2278,690329,647742,258494,29884,2350,748159,706342,154035,21627,3663,335038,328073,117333,7429,521,24869,25189,-16443,-4879,763,226573,218719,34112,6097,297,8136,981,-6951,887,2024,40604,40198,35020,1371,1594,2837,1931,-1693,208,-569,930,-2081,-5181,375,-182,6347,5848,-2435,448,69,8844,7638,6133,315,1654,4889,4454,787,218,-100,-1041,-604,-2857,-46,-141,278,12,-589,7,-40,-861,-398,1372,-72,-212,1117,743,302,84,4,17,57,-345,-28,-59,117,-272,-207,62,84,6581,6646,6270,20,93,119,-163,-173,71,31,-1253,-1248,-1101,-63,-38,18567,10547,5791,1605,640,8911,9887,9993,-133,-336,5253,4259,1896,470,15,10580,5303,2837,810,91,-52212,-36602,-56327,-16335,-2258,501142,488580,164475,16298,2147,-1687,3717,-13759,-4729,-711,-49300,-36686,-38836,-7726,-760
201408,3348370,3138393,1200871,124544,17467,3039583,2823212,1131894,135214,17274,921421,872432,333912,29688,5666,930094,877856,320760,33107,4277,235745,205512,152230,12239,4405,186527,152415,108027,12241,6608,76991,69039,53198,3221,1183,71465,62807,47160,3359,1487,84956,78444,48263,2716,1908,72442,65435,33106,2666,2490,27470,25485,17960,664,809,23570,21606,13932,739,795,14692,12549,9262,1143,137,15236,12924,10018,1066,207,3382,2981,2285,241,19,3359,2892,2203,295,24,49062,43395,40988,2594,1018,41293,35568,33001,2661,671,15785,14605,13931,606,155,13745,12143,11530,689,333,74613,60298,49626,4998,1748,57359,38323,30864,5618,2090,25547,21323,17652,1351,301,25561,22059,18454,1344,511,3063319,2894974,1109635,108083,10002,2621850,2451471,1003854,112248,9924,893945,852991,319923,27408,2110,872648,828846,300271,29356,2203,301736,311030,63362,-11910,223,676387,642789,125919,17535,3296,95992,104251,38459,-3921,928,133062,135433,29308,-2894,527,48949,52890,43633,-26,-2318,3504,-2611,-10116,557,1731,26412,26838,23985,-5,240,18582,20888,17880,-312,-183,13111,13579,15268,59,-580,5807,5384,-2916,414,70,7217,6952,8998,-90,524,3590,4168,5288,64,-620,-448,-304,-743,92,-67,65,-195,-806,4,-38,-1327,-894,-622,-88,-63,-775,-677,-459,12,-24,7642,7774,7918,-80,273,-818,-937,-889,-9,-69,4851,5297,5252,-145,21,2666,2592,2622,-22,132,17281,22212,18807,-602,-393,17144,9812,4928,1517,480,9641,9326,8502,-171,-52,3216,8390,7979,-650,-108,437272,440906,102164,-5181,-15,-94120,-73612,-73705,-18884,-2547,196267,196374,57738,-218,-168,182319,181104,41777,-528,-147
201409,3594679,3383982,1316969,113280,14778,3348370,3138393,1200871,124544,17467,865584,794632,316552,28110,3604,916968,857490,337968,32003,3979,263564,231415,176035,12648,5661,235745,205512,152230,12239,4405,62160,53638,39709,3458,1514,63244,53898,40741,3559,2118,103978,98291,66398,2621,886,84956,78444,48263,2716,1908,30452,28922,18151,766,326,27251,25186,16884,764,390,17409,14664,10792,1238,217,14692,12549,9262,1143,137,4975,4374,3229,372,54,5040,3938,2839,328,35,65496,59387,55103,2768,773,49062,43395,40988,2594,1018,13068,11829,10817,597,203,14724,13166,12171,754,141,55074,43305,37120,4476,1852,74613,60298,49626,4998,1748,7572,4529,4284,1126,572,8857,5766,5119,1147,397,3095205,2918691,1167693,93222,10075,3063319,2894974,1109635,108083,10002,867222,793436,306952,27111,3211,665067,627948,269537,22538,2550,246309,245589,116098,-11264,-2689,308787,315181,68977,-10670,193,-55837,-77800,-17360,-1578,-2062,-13126,-20366,17208,-1104,-298,27819,25903,23805,409,1256,49218,53097,44203,-2,-2203,-14831,-15401,-13489,237,331,-8221,-8909,-6419,200,631,19022,19847,18135,-95,-1022,12514,13009,15157,50,-582,2982,3437,191,102,-483,3681,3580,2952,25,-405,2717,2115,1530,95,80,-544,-375,-756,77,-70,1593,1393,944,131,35,1681,1046,636,33,11,16434,15992,14115,174,-245,7769,7827,7987,-67,347,-2717,-2776,-3114,-9,48,979,1023,641,65,-192,-19539,-16993,-12506,-522,104,17254,21975,18762,-620,-342,-17975,-16794,-13368,-225,271,-16704,-16293,-13335,-197,-114,31886,23717,58058,-14861,73,441469,443503,105781,-4165,78,-26723,-59555,-12971,-297,1101,-207581,-200898,-30734,-6818,347
201410,5050162,4795911,1586560,127952,21400,3616721,3403243,1321853,114388,14956,1334019,1261266,422020,35566,5015,1364131,1292963,427062,33360,5698,239034,207943,160127,10525,5822,264931,231847,176244,12932,5785,81561,70416,53009,3650,2268,36188,31597,23841,1498,796,90912,84650,62188,2367,1545,105356,99560,67109,2684,911,3169,2669,2241,174,195,6626,5209,4147,428,288,16362,13444,9839,1084,733,17867,15062,11036,1276,219,2036,1738,1275,136,20,4300,3395,2426,283,311,54545,48337,44090,2442,666,65318,59135,54792,2800,795,8419,7635,7026,277,221,12306,10388,9221,633,228,27851,14725,13912,3609,2186,54341,42346,36405,4557,1887,4112,2046,1938,525,311,10184,5118,4755,1314,983,4394181,4217246,1440744,105346,12752,3129355,2951142,1175204,94412,10345,1026345,982981,358156,25953,2785,1202608,1154461,392367,27757,3389,1455483,1411929,269591,14672,6622,268351,264850,120982,-10156,-2511,468435,466634,105468,7456,1411,447163,435473,89094,1357,1719,-24530,-23472,-15908,-2123,161,29186,26335,24014,693,1380,19401,16778,13300,192,754,-27056,-22301,-16900,-2061,-1322,-13066,-13641,-4210,-254,659,20400,21116,18846,-32,-997,-27283,-26253,-15910,-592,-131,-20625,-19977,-12737,-336,-102,-1047,-1220,-953,-154,516,3175,2513,1774,133,82,-2939,-2636,-1954,-236,-34,-740,-543,-413,-45,276,-10951,-11050,-11013,-326,-107,16256,15740,13804,206,-223,-4649,-4194,-3791,-320,18,-2418,-2778,-2950,-121,87,-27223,-28580,-23208,-867,334,-20272,-17952,-13221,-441,139,-3460,-2483,-2346,-601,-261,1327,-648,-364,167,586,1298976,1298555,273051,12124,2677,66036,56168,65569,-13671,343,159123,189545,51204,-1158,-426,537541,526513,122830,5219,839
201411,349536,329923,135326,11626,1922,5050162,4795911,1586560,127952,21400,0,0,0,0,0,0,0,0,0,0,27689,24079,15660,1283,638,239034,207943,160127,10525,5822,0,0,0,0,0,0,0,0,0,0,NA,NA,NA,NA,NA,NA,NA,NA,NA,NA,NA,NA,NA,NA,NA,NA,NA,NA,NA,NA,NA,NA,NA,NA,NA,NA,NA,NA,NA,NA,NA,NA,NA,NA,NA,NA,NA,NA,NA,NA,NA,NA,NA,NA,NA,NA,NA,NA,NA,NA,NA,NA,NA,NA,NA,NA,NA,NA,NA,NA,NA,NA,NA,NA,NA,NA,NA,NA,NA,NA,NA,NA,NA,NA,NA,NA,NA,NA,NA,NA,255102,241592,104559,8162,565,4394181,4217246,1440744,105346,12752,0,0,0,0,0,0,0,0,0,0,-4700626,-4465988,-1451234,-116326,-19478,1433441,1392668,264707,13564,6444,-1334019,-1261266,-422020,-35566,-5015,-1364131,-1292963,-427062,-33360,-5698,-211345,-183864,-144467,-9242,-5184,-25897,-23904,-16117,-2407,37,-81561,-70416,-53009,-3650,-2268,-36188,-31597,-23841,-1498,-796,NA,NA,NA,NA,NA,NA,NA,NA,NA,NA,NA,NA,NA,NA,NA,NA,NA,NA,NA,NA,NA,NA,NA,NA,NA,NA,NA,NA,NA,NA,NA,NA,NA,NA,NA,NA,NA,NA,NA,NA,NA,NA,NA,NA,NA,NA,NA,NA,NA,NA,NA,NA,NA,NA,NA,NA,NA,NA,NA,NA,NA,NA,NA,NA,NA,NA,NA,NA,NA,NA,NA,NA,NA,NA,NA,NA,NA,NA,NA,NA,-4139079,-3975654,-1336185,-97184,-12187,1264826,1266104,265540,10934,2407,-1026345,-982981,-358156,-25953,-2785,-1202608,-1154461,-392367,-27757,-3389
