Date,NumTweets_Month1_all_Absolute,NumDistinctTweets_Month1_all_Absolute,NumDistinctUsers_Month1_all_Absolute,NumPopularTweets_Month1_all_Absolute,NumVerifiedTweets_Month1_all_Absolute,NumTweets_Month2_all_Absolute,NumDistinctTweets_Month2_all_Absolute,NumDistinctUsers_Month2_all_Absolute,NumPopularTweets_Month2_all_Absolute,NumVerifiedTweets_Month2_all_Absolute,NumTweets_Week1_all_Absolute,NumDistinctTweets_Week1_all_Absolute,NumDistinctUsers_Week1_all_Absolute,NumPopularTweets_Week1_all_Absolute,NumVerifiedTweets_Week1_all_Absolute,NumTweets_Week2_all_Absolute,NumDistinctTweets_Week2_all_Absolute,NumDistinctUsers_Week2_all_Absolute,NumPopularTweets_Week2_all_Absolute,NumVerifiedTweets_Week2_all_Absolute,NumTweets_Month1_allold_Absolute,NumDistinctTweets_Month1_allold_Absolute,NumDistinctUsers_Month1_allold_Absolute,NumPopularTweets_Month1_allold_Absolute,NumVerifiedTweets_Month1_allold_Absolute,NumTweets_Month2_allold_Absolute,NumDistinctTweets_Month2_allold_Absolute,NumDistinctUsers_Month2_allold_Absolute,NumPopularTweets_Month2_allold_Absolute,NumVerifiedTweets_Month2_allold_Absolute,NumTweets_Week1_allold_Absolute,NumDistinctTweets_Week1_allold_Absolute,NumDistinctUsers_Week1_allold_Absolute,NumPopularTweets_Week1_allold_Absolute,NumVerifiedTweets_Week1_allold_Absolute,NumTweets_Week2_allold_Absolute,NumDistinctTweets_Week2_allold_Absolute,NumDistinctUsers_Week2_allold_Absolute,NumPopularTweets_Week2_allold_Absolute,NumVerifiedTweets_Week2_allold_Absolute,NumTweets_Month1_opening_Absolute,NumDistinctTweets_Month1_opening_Absolute,NumDistinctUsers_Month1_opening_Absolute,NumPopularTweets_Month1_opening_Absolute,NumVerifiedTweets_Month1_opening_Absolute,NumTweets_Month2_opening_Absolute,NumDistinctTweets_Month2_opening_Absolute,NumDistinctUsers_Month2_opening_Absolute,NumPopularTweets_Month2_opening_Absolute,NumVerifiedTweets_Month2_opening_Absolute,NumTweets_Week1_opening_Absolute,NumDistinctTweets_Week1_opening_Absolute,NumDistinctUsers_Week1_opening_Absolute,NumPopularTweets_Week1_opening_Absolute,NumVerifiedTweets_Week1_opening_Absolute,NumTweets_Week2_opening_Absolute,NumDistinctTweets_Week2_opening_Absolute,NumDistinctUsers_Week2_opening_Absolute,NumPopularTweets_Week2_opening_Absolute,NumVerifiedTweets_Week2_opening_Absolute,NumTweets_Month1_posting_Absolute,NumDistinctTweets_Month1_posting_Absolute,NumDistinctUsers_Month1_posting_Absolute,NumPopularTweets_Month1_posting_Absolute,NumVerifiedTweets_Month1_posting_Absolute,NumTweets_Month2_posting_Absolute,NumDistinctTweets_Month2_posting_Absolute,NumDistinctUsers_Month2_posting_Absolute,NumPopularTweets_Month2_posting_Absolute,NumVerifiedTweets_Month2_posting_Absolute,NumTweets_Week1_posting_Absolute,NumDistinctTweets_Week1_posting_Absolute,NumDistinctUsers_Week1_posting_Absolute,NumPopularTweets_Week1_posting_Absolute,NumVerifiedTweets_Week1_posting_Absolute,NumTweets_Week2_posting_Absolute,NumDistinctTweets_Week2_posting_Absolute,NumDistinctUsers_Week2_posting_Absolute,NumPopularTweets_Week2_posting_Absolute,NumVerifiedTweets_Week2_posting_Absolute,NumTweets_Month1_opportunity_Absolute,NumDistinctTweets_Month1_opportunity_Absolute,NumDistinctUsers_Month1_opportunity_Absolute,NumPopularTweets_Month1_opportunity_Absolute,NumVerifiedTweets_Month1_opportunity_Absolute,NumTweets_Month2_opportunity_Absolute,NumDistinctTweets_Month2_opportunity_Absolute,NumDistinctUsers_Month2_opportunity_Absolute,NumPopularTweets_Month2_opportunity_Absolute,NumVerifiedTweets_Month2_opportunity_Absolute,NumTweets_Week1_opportunity_Absolute,NumDistinctTweets_Week1_opportunity_Absolute,NumDistinctUsers_Week1_opportunity_Absolute,NumPopularTweets_Week1_opportunity_Absolute,NumVerifiedTweets_Week1_opportunity_Absolute,NumTweets_Week2_opportunity_Absolute,NumDistinctTweets_Week2_opportunity_Absolute,NumDistinctUsers_Week2_opportunity_Absolute,NumPopularTweets_Week2_opportunity_Absolute,NumVerifiedTweets_Week2_opportunity_Absolute,NumTweets_Month1_hiring_Absolute,NumDistinctTweets_Month1_hiring_Absolute,NumDistinctUsers_Month1_hiring_Absolute,NumPopularTweets_Month1_hiring_Absolute,NumVerifiedTweets_Month1_hiring_Absolute,NumTweets_Month2_hiring_Absolute,NumDistinctTweets_Month2_hiring_Absolute,NumDistinctUsers_Month2_hiring_Absolute,NumPopularTweets_Month2_hiring_Absolute,NumVerifiedTweets_Month2_hiring_Absolute,NumTweets_Week1_hiring_Absolute,NumDistinctTweets_Week1_hiring_Absolute,NumDistinctUsers_Week1_hiring_Absolute,NumPopularTweets_Week1_hiring_Absolute,NumVerifiedTweets_Week1_hiring_Absolute,NumTweets_Week2_hiring_Absolute,NumDistinctTweets_Week2_hiring_Absolute,NumDistinctUsers_Week2_hiring_Absolute,NumPopularTweets_Week2_hiring_Absolute,NumVerifiedTweets_Week2_hiring_Absolute,NumTweets_Month1_hashtags_Absolute,NumDistinctTweets_Month1_hashtags_Absolute,NumDistinctUsers_Month1_hashtags_Absolute,NumPopularTweets_Month1_hashtags_Absolute,NumVerifiedTweets_Month1_hashtags_Absolute,NumTweets_Month2_hashtags_Absolute,NumDistinctTweets_Month2_hashtags_Absolute,NumDistinctUsers_Month2_hashtags_Absolute,NumPopularTweets_Month2_hashtags_Absolute,NumVerifiedTweets_Month2_hashtags_Absolute,NumTweets_Week1_hashtags_Absolute,NumDistinctTweets_Week1_hashtags_Absolute,NumDistinctUsers_Week1_hashtags_Absolute,NumPopularTweets_Week1_hashtags_Absolute,NumVerifiedTweets_Week1_hashtags_Absolute,NumTweets_Week2_hashtags_Absolute,NumDistinctTweets_Week2_hashtags_Absolute,NumDistinctUsers_Week2_hashtags_Absolute,NumPopularTweets_Week2_hashtags_Absolute,NumVerifiedTweets_Week2_hashtags_Absolute,NumTweets_Month1_all_AbsoluteDelta,NumDistinctTweets_Month1_all_AbsoluteDelta,NumDistinctUsers_Month1_all_AbsoluteDelta,NumPopularTweets_Month1_all_AbsoluteDelta,NumVerifiedTweets_Month1_all_AbsoluteDelta,NumTweets_Month2_all_AbsoluteDelta,NumDistinctTweets_Month2_all_AbsoluteDelta,NumDistinctUsers_Month2_all_AbsoluteDelta,NumPopularTweets_Month2_all_AbsoluteDelta,NumVerifiedTweets_Month2_all_AbsoluteDelta,NumTweets_Week1_all_AbsoluteDelta,NumDistinctTweets_Week1_all_AbsoluteDelta,NumDistinctUsers_Week1_all_AbsoluteDelta,NumPopularTweets_Week1_all_AbsoluteDelta,NumVerifiedTweets_Week1_all_AbsoluteDelta,NumTweets_Week2_all_AbsoluteDelta,NumDistinctTweets_Week2_all_AbsoluteDelta,NumDistinctUsers_Week2_all_AbsoluteDelta,NumPopularTweets_Week2_all_AbsoluteDelta,NumVerifiedTweets_Week2_all_AbsoluteDelta,NumTweets_Month1_allold_AbsoluteDelta,NumDistinctTweets_Month1_allold_AbsoluteDelta,NumDistinctUsers_Month1_allold_AbsoluteDelta,NumPopularTweets_Month1_allold_AbsoluteDelta,NumVerifiedTweets_Month1_allold_AbsoluteDelta,NumTweets_Month2_allold_AbsoluteDelta,NumDistinctTweets_Month2_allold_AbsoluteDelta,NumDistinctUsers_Month2_allold_AbsoluteDelta,NumPopularTweets_Month2_allold_AbsoluteDelta,NumVerifiedTweets_Month2_allold_AbsoluteDelta,NumTweets_Week1_allold_AbsoluteDelta,NumDistinctTweets_Week1_allold_AbsoluteDelta,NumDistinctUsers_Week1_allold_AbsoluteDelta,NumPopularTweets_Week1_allold_AbsoluteDelta,NumVerifiedTweets_Week1_allold_AbsoluteDelta,NumTweets_Week2_allold_AbsoluteDelta,NumDistinctTweets_Week2_allold_AbsoluteDelta,NumDistinctUsers_Week2_allold_AbsoluteDelta,NumPopularTweets_Week2_allold_AbsoluteDelta,NumVerifiedTweets_Week2_allold_AbsoluteDelta,NumTweets_Month1_opening_AbsoluteDelta,NumDistinctTweets_Month1_opening_AbsoluteDelta,NumDistinctUsers_Month1_opening_AbsoluteDelta,NumPopularTweets_Month1_opening_AbsoluteDelta,NumVerifiedTweets_Month1_opening_AbsoluteDelta,NumTweets_Month2_opening_AbsoluteDelta,NumDistinctTweets_Month2_opening_AbsoluteDelta,NumDistinctUsers_Month2_opening_AbsoluteDelta,NumPopularTweets_Month2_opening_AbsoluteDelta,NumVerifiedTweets_Month2_opening_AbsoluteDelta,NumTweets_Week1_opening_AbsoluteDelta,NumDistinctTweets_Week1_opening_AbsoluteDelta,NumDistinctUsers_Week1_opening_AbsoluteDelta,NumPopularTweets_Week1_opening_AbsoluteDelta,NumVerifiedTweets_Week1_opening_AbsoluteDelta,NumTweets_Week2_opening_AbsoluteDelta,NumDistinctTweets_Week2_opening_AbsoluteDelta,NumDistinctUsers_Week2_opening_AbsoluteDelta,NumPopularTweets_Week2_opening_AbsoluteDelta,NumVerifiedTweets_Week2_opening_AbsoluteDelta,NumTweets_Month1_posting_AbsoluteDelta,NumDistinctTweets_Month1_posting_AbsoluteDelta,NumDistinctUsers_Month1_posting_AbsoluteDelta,NumPopularTweets_Month1_posting_AbsoluteDelta,NumVerifiedTweets_Month1_posting_AbsoluteDelta,NumTweets_Month2_posting_AbsoluteDelta,NumDistinctTweets_Month2_posting_AbsoluteDelta,NumDistinctUsers_Month2_posting_AbsoluteDelta,NumPopularTweets_Month2_posting_AbsoluteDelta,NumVerifiedTweets_Month2_posting_AbsoluteDelta,NumTweets_Week1_posting_AbsoluteDelta,NumDistinctTweets_Week1_posting_AbsoluteDelta,NumDistinctUsers_Week1_posting_AbsoluteDelta,NumPopularTweets_Week1_posting_AbsoluteDelta,NumVerifiedTweets_Week1_posting_AbsoluteDelta,NumTweets_Week2_posting_AbsoluteDelta,NumDistinctTweets_Week2_posting_AbsoluteDelta,NumDistinctUsers_Week2_posting_AbsoluteDelta,NumPopularTweets_Week2_posting_AbsoluteDelta,NumVerifiedTweets_Week2_posting_AbsoluteDelta,NumTweets_Month1_opportunity_AbsoluteDelta,NumDistinctTweets_Month1_opportunity_AbsoluteDelta,NumDistinctUsers_Month1_opportunity_AbsoluteDelta,NumPopularTweets_Month1_opportunity_AbsoluteDelta,NumVerifiedTweets_Month1_opportunity_AbsoluteDelta,NumTweets_Month2_opportunity_AbsoluteDelta,NumDistinctTweets_Month2_opportunity_AbsoluteDelta,NumDistinctUsers_Month2_opportunity_AbsoluteDelta,NumPopularTweets_Month2_opportunity_AbsoluteDelta,NumVerifiedTweets_Month2_opportunity_AbsoluteDelta,NumTweets_Week1_opportunity_AbsoluteDelta,NumDistinctTweets_Week1_opportunity_AbsoluteDelta,NumDistinctUsers_Week1_opportunity_AbsoluteDelta,NumPopularTweets_Week1_opportunity_AbsoluteDelta,NumVerifiedTweets_Week1_opportunity_AbsoluteDelta,NumTweets_Week2_opportunity_AbsoluteDelta,NumDistinctTweets_Week2_opportunity_AbsoluteDelta,NumDistinctUsers_Week2_opportunity_AbsoluteDelta,NumPopularTweets_Week2_opportunity_AbsoluteDelta,NumVerifiedTweets_Week2_opportunity_AbsoluteDelta,NumTweets_Month1_hiring_AbsoluteDelta,NumDistinctTweets_Month1_hiring_AbsoluteDelta,NumDistinctUsers_Month1_hiring_AbsoluteDelta,NumPopularTweets_Month1_hiring_AbsoluteDelta,NumVerifiedTweets_Month1_hiring_AbsoluteDelta,NumTweets_Month2_hiring_AbsoluteDelta,NumDistinctTweets_Month2_hiring_AbsoluteDelta,NumDistinctUsers_Month2_hiring_AbsoluteDelta,NumPopularTweets_Month2_hiring_AbsoluteDelta,NumVerifiedTweets_Month2_hiring_AbsoluteDelta,NumTweets_Week1_hiring_AbsoluteDelta,NumDistinctTweets_Week1_hiring_AbsoluteDelta,NumDistinctUsers_Week1_hiring_AbsoluteDelta,NumPopularTweets_Week1_hiring_AbsoluteDelta,NumVerifiedTweets_Week1_hiring_AbsoluteDelta,NumTweets_Week2_hiring_AbsoluteDelta,NumDistinctTweets_Week2_hiring_AbsoluteDelta,NumDistinctUsers_Week2_hiring_AbsoluteDelta,NumPopularTweets_Week2_hiring_AbsoluteDelta,NumVerifiedTweets_Week2_hiring_AbsoluteDelta,NumTweets_Month1_hashtags_AbsoluteDelta,NumDistinctTweets_Month1_hashtags_AbsoluteDelta,NumDistinctUsers_Month1_hashtags_AbsoluteDelta,NumPopularTweets_Month1_hashtags_AbsoluteDelta,NumVerifiedTweets_Month1_hashtags_AbsoluteDelta,NumTweets_Month2_hashtags_AbsoluteDelta,NumDistinctTweets_Month2_hashtags_AbsoluteDelta,NumDistinctUsers_Month2_hashtags_AbsoluteDelta,NumPopularTweets_Month2_hashtags_AbsoluteDelta,NumVerifiedTweets_Month2_hashtags_AbsoluteDelta,NumTweets_Week1_hashtags_AbsoluteDelta,NumDistinctTweets_Week1_hashtags_AbsoluteDelta,NumDistinctUsers_Week1_hashtags_AbsoluteDelta,NumPopularTweets_Week1_hashtags_AbsoluteDelta,NumVerifiedTweets_Week1_hashtags_AbsoluteDelta,NumTweets_Week2_hashtags_AbsoluteDelta,NumDistinctTweets_Week2_hashtags_AbsoluteDelta,NumDistinctUsers_Week2_hashtags_AbsoluteDelta,NumPopularTweets_Week2_hashtags_AbsoluteDelta,NumVerifiedTweets_Week2_hashtags_AbsoluteDelta
201101,1470454,1434663,509095,11625,2106,0,0,0,0,0,547025,535193,168625,4329,1010,473170,461277,173961,3961,568,279258,262546,71844,2835,717,0,0,0,0,0,153517,148274,26830,1182,210,75671,70010,24306,948,246,31343,25701,18433,682,186,0,0,0,0,0,9913,8343,5924,227,51,10444,8350,6311,225,66,26167,23865,16144,351,97,0,0,0,0,0,8439,7561,5013,126,85,8950,8184,5628,130,6,24339,20232,15075,457,81,0,0,0,0,0,7763,6555,5030,183,18,7788,6668,4981,150,45,198075,193905,23513,1359,353,0,0,0,0,0,127775,126312,11356,652,56,48712,47189,7800,445,129,1206176,1192340,449991,9342,1429,0,0,0,0,0,399063,393860,146222,3352,812,402319,397703,153807,3181,334,NA,NA,NA,NA,NA,NA,NA,NA,NA,NA,NA,NA,NA,NA,NA,NA,NA,NA,NA,NA,NA,NA,NA,NA,NA,NA,NA,NA,NA,NA,NA,NA,NA,NA,NA,NA,NA,NA,NA,NA,NA,NA,NA,NA,NA,NA,NA,NA,NA,NA,NA,NA,NA,NA,NA,NA,NA,NA,NA,NA,NA,NA,NA,NA,NA,NA,NA,NA,NA,NA,NA,NA,NA,NA,NA,NA,NA,NA,NA,NA,NA,NA,NA,NA,NA,NA,NA,NA,NA,NA,NA,NA,NA,NA,NA,NA,NA,NA,NA,NA,NA,NA,NA,NA,NA,NA,NA,NA,NA,NA,NA,NA,NA,NA,NA,NA,NA,NA,NA,NA,NA,NA,NA,NA,NA,NA,NA,NA,NA,NA,NA,NA,NA,NA,NA,NA,NA,NA,NA,NA
201102,2032663,1967626,729353,16582,8403,1298562,1266155,466488,10595,1677,503600,485112,199402,4472,1905,589507,569101,214413,4975,3057,275563,245063,96870,3804,1510,209293,194189,64344,2568,672,42696,33603,24838,1014,309,56560,47086,29369,1136,412,48933,37671,28023,1051,345,28577,23516,16839,635,168,14901,11099,8343,269,66,16315,12567,9274,364,108,39137,34851,22708,495,109,23929,21841,14815,334,93,10399,9283,5988,119,60,10975,10138,6555,162,18,36850,29654,22271,669,302,22252,18548,13812,415,81,10059,8016,5990,190,27,12241,9631,7099,186,198,151672,144605,25870,1607,754,135139,131341,20089,1197,330,7633,5679,5071,442,156,17316,15283,7066,431,88,1779676,1753565,652648,13667,7153,1102922,1090450,413784,8545,1033,467101,459703,180077,3699,1632,540020,531600,191243,4131,2701,562209,532963,220258,4957,6297,1298562,1266155,466488,10595,1677,-43425,-50081,30777,143,895,116337,107824,40452,1014,2489,-3695,-17483,25026,969,793,209293,194189,64344,2568,672,-110821,-114671,-1992,-168,99,-19111,-22924,5063,188,166,17590,11970,9590,369,159,28577,23516,16839,635,168,4988,2756,2419,42,15,5871,4217,2963,139,42,12970,10986,6564,144,12,23929,21841,14815,334,93,1960,1722,975,-7,-25,2025,1954,927,32,12,12511,9422,7196,212,221,22252,18548,13812,415,81,2296,1461,960,7,9,4453,2963,2118,36,153,-46403,-49300,2357,248,401,135139,131341,20089,1197,330,-120142,-120633,-6285,-210,100,-31396,-31906,-734,-14,-41,573500,561225,202657,4325,5724,1102922,1090450,413784,8545,1033,68038,65843,33855,347,820,137701,133897,37436,950,2367
201103,437028,417543,186097,4285,4155,2042283,1975837,743222,16947,8983,4495,3673,2978,188,355,16172,14569,10899,380,621,33929,27287,19995,850,249,255250,224397,97280,3838,1522,425,219,216,43,21,1334,925,870,72,99,10806,8363,6300,251,84,49715,38294,28501,1075,345,75,52,50,4,0,375,264,254,21,9,9410,8658,5237,90,81,39553,35282,22976,503,109,88,61,60,6,21,368,281,255,9,57,7977,6424,4980,174,52,37553,30232,22733,693,314,146,63,63,13,0,333,226,213,12,33,5926,4176,3884,339,32,129449,122307,25079,1585,754,119,46,46,21,0,266,169,164,30,0,408187,398219,171079,3636,3954,1810091,1782972,666619,14021,7733,4118,3514,2823,151,334,15041,13918,10278,326,522,-1595635,-1550083,-543256,-12297,-4248,743721,709682,276734,6352,7306,-499105,-481439,-196424,-4284,-1550,-573335,-554532,-203514,-4595,-2436,-241634,-217776,-76875,-2954,-1261,45957,30208,32936,1270,850,-42271,-33384,-24622,-971,-288,-55226,-46161,-28499,-1064,-313,-38127,-29308,-21723,-800,-261,21138,14778,11662,440,177,-14826,-11047,-8293,-265,-66,-15940,-12303,-9020,-343,-99,-29727,-26193,-17471,-405,-28,15624,13441,8161,169,16,-10311,-9222,-5928,-113,-39,-10607,-9857,-6300,-153,39,-28873,-23230,-17291,-495,-250,15301,11684,8921,278,233,-9913,-7953,-5927,-177,-27,-11908,-9405,-6886,-174,-165,-145746,-140429,-21986,-1268,-722,-5690,-9034,4990,388,424,-7514,-5633,-5025,-421,-156,-17050,-15114,-6902,-401,-88,-1371489,-1355346,-481569,-10031,-3199,707169,692522,252835,5476,6700,-462983,-456189,-177254,-3548,-1298,-524979,-517682,-180965,-3805,-2179
201104,1414797,1357316,566105,12750,10060,437028,417543,186097,4285,4155,396181,384508,161697,2234,742,400307,382451,164853,3824,3494,105540,86319,61484,2450,1745,33929,27287,19995,850,249,27803,23781,17081,420,98,31307,24628,18264,793,735,34893,27927,18681,722,787,10806,8363,6300,251,84,9375,8109,5367,132,43,11532,8562,5955,239,497,31123,28256,16036,272,159,9410,8658,5237,90,81,8329,7749,4373,35,6,9039,8079,4794,87,48,24844,20278,16110,481,271,7977,6424,4980,174,52,6939,5698,4494,86,15,6090,5065,4272,147,65,18921,14467,12291,989,528,5926,4176,3884,339,32,4434,3595,3284,171,34,5819,4182,3690,323,125,1324126,1297839,519643,10939,8507,408187,398219,171079,3636,3954,372241,368228,149044,1943,652,373489,365388,150826,3240,2859,977769,939773,380008,8465,5905,-1605255,-1558294,-557125,-12662,-4828,391686,380835,158719,2046,387,384135,367882,153954,3444,2873,71611,59032,41489,1600,1496,-221321,-197110,-77285,-2988,-1273,27378,23562,16865,377,77,29973,23703,17394,721,636,24087,19564,12381,471,703,-38909,-29931,-22201,-824,-261,9300,8057,5317,128,43,11157,8298,5701,218,488,21713,19598,10799,182,78,-30143,-26624,-17739,-413,-28,8241,7688,4313,29,-15,8671,7798,4539,78,-9,16867,13854,11130,307,219,-29576,-23808,-17753,-519,-262,6793,5635,4431,73,15,5757,4839,4059,135,32,12995,10291,8407,650,496,-123523,-118131,-21195,-1246,-722,4315,3549,3238,150,34,5553,4013,3526,293,125,915939,899620,348564,7303,4553,-1401904,-1384753,-495540,-10385,-3779,368123,364714,146221,1792,318,358448,351470,140548,2914,2337
201105,981696,945457,426838,5352,2769,1436994,1378740,575771,12860,10072,146777,137762,77069,1505,577,249601,240472,112464,1458,834,74384,61959,45293,1078,560,107170,87682,62442,2461,1745,10684,8496,6959,295,79,19539,16012,12116,299,182,26862,22561,15353,283,137,35480,28422,19000,728,787,3088,2423,2055,59,6,7004,5675,4198,75,68,21885,19924,11764,127,24,31693,28783,16302,272,159,2522,2265,1800,43,6,5514,4820,3114,41,0,17686,14202,10744,198,100,25256,20609,16375,483,271,3100,2438,1805,56,18,4462,3634,2687,43,23,11833,9332,8785,474,299,19128,14631,12443,992,528,2075,1449,1393,138,49,3132,2525,2401,140,91,916762,903334,392681,4529,2291,1344902,1318385,528626,11047,8519,137231,131481,71683,1258,502,232200,229226,103090,1214,694,-433101,-411859,-139267,-7398,-7291,999966,961197,389674,8575,5917,-249404,-246746,-84628,-729,-165,-150706,-141979,-52389,-2366,-2660,-31156,-24360,-16191,-1372,-1185,73241,60395,42447,1611,1496,-17119,-15285,-10122,-125,-19,-11768,-8616,-6148,-494,-553,-8031,-5366,-3328,-439,-650,24674,20059,12700,477,703,-6287,-5686,-3312,-73,-37,-4528,-2887,-1757,-164,-429,-9238,-8332,-4272,-145,-135,22283,20125,11065,182,78,-5807,-5484,-2573,8,0,-3525,-3259,-1680,-46,-48,-7158,-6076,-5366,-283,-171,17279,14185,11395,309,219,-3839,-3260,-2689,-30,3,-1628,-1431,-1585,-104,-42,-7088,-5135,-3506,-515,-229,13202,10455,8559,653,496,-2359,-2146,-1891,-33,15,-2687,-1657,-1289,-183,-34,-407364,-394505,-126962,-6410,-6216,936715,920166,357547,7411,4565,-235010,-236747,-77361,-685,-150,-141289,-136162,-47736,-2026,-2165
201106,686715,621509,326903,7936,4682,981696,945457,426838,5352,2769,194161,179321,93859,2394,1215,191835,169705,90584,2103,1481,50573,40025,32383,1465,1218,74384,61959,45293,1078,560,17691,14484,11270,474,239,12391,9620,8027,383,587,17479,13873,10830,290,284,26862,22561,15353,283,137,7197,6115,4438,87,74,3704,2967,2392,72,29,11397,10250,7884,153,73,21885,19924,11764,127,24,4052,3589,2616,58,13,2637,2398,1944,38,18,11314,9048,7310,301,121,17686,14202,10744,198,100,3457,2720,2283,99,32,2815,2271,1830,71,76,10520,7180,6804,728,740,11833,9332,8785,474,299,3030,2153,2071,233,120,3282,2061,1968,205,464,644899,592913,302920,6767,3568,916762,903334,392681,4529,2291,181196,170205,86376,2019,1032,181006,162243,84282,1794,922,-294981,-323948,-99935,2584,1913,-455298,-433283,-148933,-7508,-7303,47384,41559,16790,889,638,-57766,-70767,-21880,645,647,-23811,-21934,-12910,387,658,-32786,-25723,-17149,-1383,-1185,7007,5988,4311,179,160,-7148,-6392,-4089,84,405,-9383,-8688,-4523,7,147,-8618,-5861,-3647,-445,-650,4109,3692,2383,28,68,-3300,-2708,-1806,-3,-39,-10488,-9674,-3880,26,49,-9808,-8859,-4538,-145,-135,1530,1324,816,15,7,-2877,-2422,-1170,-3,18,-6372,-5154,-3434,103,21,-7570,-6407,-5631,-285,-171,357,282,478,43,14,-1647,-1363,-857,28,53,-1313,-2152,-1981,254,441,-7295,-5299,-3658,-518,-229,955,704,678,95,71,150,-464,-433,65,373,-271863,-310421,-89761,2238,1277,-428140,-415051,-135945,-6518,-6228,43965,38724,14693,761,530,-51194,-66983,-18808,580,228
201107,1277783,1173921,589720,17486,6054,697079,630372,329511,8081,4878,450432,414667,197324,6015,1555,353504,323238,161400,5034,1402,115403,94177,69215,2487,1431,51769,41000,33018,1470,1264,41523,34399,24223,816,340,34003,26948,19274,671,454,49580,40544,27298,571,140,18462,14677,11316,294,284,18039,14836,9428,200,36,13692,10797,7101,150,20,24238,21960,15649,296,162,11552,10401,7997,156,73,9455,8676,5683,104,51,7017,6121,4527,84,87,23976,19279,14698,593,367,11334,9055,7344,301,122,8069,6578,5147,191,100,7710,6248,4074,167,62,17870,12972,12291,1038,766,10562,7189,6807,726,785,6058,4526,4228,324,153,5645,3929,3754,273,285,1193299,1117130,543715,15563,4826,654843,601487,305331,6906,3722,419863,394474,181321,5383,1247,328137,306624,148223,4514,976,591068,552412,262817,9550,1372,-284617,-315085,-97327,2729,2109,256271,235346,103465,3621,340,161669,153533,70816,2931,-79,64830,54152,36832,1022,213,-22615,-20959,-12275,392,704,23832,19915,12953,342,101,21612,17328,11247,288,-133,32101,26671,16468,281,-144,-8400,-7884,-4037,11,147,10842,8721,4990,113,-38,9988,7830,4709,78,-9,12841,11710,7765,143,89,-10333,-9523,-3767,29,49,5403,5087,3067,46,38,4380,3723,2583,46,69,12662,10231,7388,292,246,-6352,-5147,-3400,103,22,4612,3858,2864,92,68,4895,3977,2244,96,-14,7350,5792,5487,310,26,-1271,-2143,-1978,252,486,3028,2373,2157,91,33,2363,1868,1786,68,-179,548400,524217,240795,8796,1258,-261919,-301847,-87350,2377,1431,238667,224269,94945,3364,215,147131,144381,63941,2720,54
201108,1665225,1564441,729751,19162,8811,1308975,1203558,603538,17964,5986,440887,412366,193036,4795,2709,545987,521094,221895,5251,3034,151189,126007,88045,3222,2436,119224,97518,71408,2569,1415,39924,33812,22523,865,396,47006,39373,27733,953,1161,67300,56516,35087,737,1150,51025,41845,28054,592,146,16649,15179,8561,186,131,21033,17412,11249,221,790,28598,26365,18475,347,282,25110,22749,16088,301,174,6996,6327,4762,90,84,9242,8568,5738,109,50,33616,26903,19543,758,190,24876,20050,15251,616,360,10690,8063,5156,215,75,10202,8445,6154,227,57,22210,17113,16214,1411,898,18484,13493,12782,1071,739,5706,4457,4286,380,110,6660,5188,4914,405,280,1559351,1492961,672296,16644,6543,1221601,1144836,556073,15972,4770,415276,395046,178576,4134,2373,511749,497433,203543,4497,1945,387442,390520,140031,1676,2757,611896,573186,274027,9883,1108,-9545,-2301,-4288,-1220,1154,192483,197856,60495,217,1632,35786,31830,18830,735,1005,67455,56518,38390,1099,151,-1599,-587,-1700,49,56,13003,12425,8459,282,707,17720,15972,7789,166,1010,32563,27168,16738,298,-138,-1390,343,-867,-14,95,7341,6615,4148,71,770,4360,4405,2826,51,120,13558,12348,8091,145,101,-2459,-2349,-921,-14,33,2225,2447,1211,25,-37,9640,7624,4845,165,-177,13542,10995,7907,315,238,2621,1485,9,24,-25,2492,2197,2080,60,-5,4340,4141,3923,373,132,7922,6304,5975,345,-46,-352,-69,58,56,-43,1015,1259,1160,132,-5,366052,375831,128581,1081,1717,566758,543349,250742,9066,1048,-4587,572,-2745,-1249,1126,183612,190809,55320,-17,969
201109,1686316,1574822,730487,19041,18966,1665225,1564441,729751,19162,8811,410725,386588,181741,4667,3340,434144,405661,190956,4804,4550,142246,117952,81632,3155,3330,151189,126007,88045,3222,2436,33803,27811,20267,823,1218,35174,29001,21071,784,1232,58645,50808,30791,726,1324,67300,56516,35087,737,1150,13907,11743,7421,197,657,13741,11873,7869,148,208,26252,24156,17481,345,405,28598,26365,18475,347,282,6634,5984,4410,102,225,7128,6478,4698,108,203,35779,27823,19533,699,361,33616,26903,19543,758,190,6864,5627,4420,155,91,8545,6767,5059,188,174,21939,16015,14791,1405,1240,22210,17113,16214,1411,898,6521,4660,4249,376,245,5825,4079,3702,343,647,1589589,1509311,677253,16641,16011,1559351,1492961,672296,16644,6543,386540,369962,168189,4012,2202,409393,388835,177352,4224,3477,21091,10381,736,-121,10155,356250,360883,126213,1198,2825,-30162,-25778,-11295,-128,631,-111843,-115433,-30939,-447,1516,-8943,-8055,-6413,-67,894,31965,28489,16637,653,1021,-6121,-6001,-2256,-42,822,-11832,-10372,-6662,-169,71,-8655,-5708,-4296,-11,174,16275,14671,7033,145,1004,-2742,-3436,-1140,11,526,-7292,-5539,-3380,-73,-582,-2346,-2209,-994,-2,123,3488,3616,2387,46,108,-362,-343,-352,12,141,-2114,-2090,-1040,-1,153,2163,920,-10,-59,171,8740,6853,4292,142,-170,-3826,-2436,-736,-60,16,-1657,-1678,-1095,-39,117,-271,-1098,-1423,-6,342,3726,3620,3432,340,159,815,203,-37,-4,135,-835,-1109,-1212,-62,367,30238,16350,4957,-3,9468,337750,348125,116223,672,1773,-28736,-25084,-10387,-122,-171,-102356,-108598,-26191,-273,1532
201110,1282659,1201194,606116,15034,20035,1675310,1565620,722923,18559,18592,324865,303591,154636,4032,6154,344136,321313,160161,4186,5506,100651,82231,62617,2622,4139,138518,115038,79617,3039,3292,28838,22476,16979,783,2142,27004,21790,16973,773,798,41456,36059,24163,589,460,57194,49489,29796,682,1310,11618,10095,6380,167,92,11770,9698,7016,215,189,19708,17517,13380,277,350,25993,23913,17267,341,405,5997,4923,3838,82,264,4704,4392,3298,73,35,20964,16795,14059,591,265,34228,26837,19098,671,355,5403,4307,3762,192,109,5554,4439,3652,158,51,18832,12591,11783,1178,3064,21455,15638,14398,1363,1222,5900,3323,3181,346,1677,5049,3482,3219,328,523,1211676,1152175,564800,13006,16183,1580680,1501301,670865,16246,15679,304665,290449,143405,3435,4116,324420,307848,148726,3597,4823,-403657,-373628,-124371,-4007,1069,10085,1179,-6828,-603,9781,-85860,-82997,-27105,-635,2814,-90008,-84348,-30795,-618,956,-41595,-35721,-19015,-533,809,-12671,-10969,-8428,-183,856,-4965,-5335,-3288,-40,924,-8170,-7211,-4098,-11,-434,-17189,-14749,-6628,-137,-864,-10106,-7027,-5291,-55,160,-2289,-1648,-1041,-30,-565,-1971,-2175,-853,67,-19,-6544,-6639,-4101,-68,-55,-2605,-2452,-1208,-6,123,-637,-1061,-572,-20,39,-2424,-2086,-1400,-35,-168,-14815,-11028,-5474,-108,-96,612,-66,-445,-87,165,-1461,-1320,-658,37,18,-2991,-2328,-1407,-30,-123,-3107,-3424,-3008,-227,1824,-755,-1475,-1816,-48,324,-621,-1337,-1068,-30,1432,-776,-597,-483,-15,-124,-377913,-357136,-112453,-3635,172,21329,8340,-1431,-398,9136,-81875,-79513,-24784,-577,1914,-84973,-80987,-28626,-627,1346
201111,1147062,1084474,544556,12370,10425,1282659,1201194,606116,15034,20035,363051,345491,165910,3814,815,290599,275626,138834,2689,890,88502,73548,54914,2426,2102,100651,82231,62617,2622,4139,29744,25333,17603,778,422,21306,17882,13678,545,133,39249,33760,22016,528,696,41456,36059,24163,589,460,13377,12059,6961,154,48,9294,7975,5560,124,66,16754,15187,11227,236,435,19708,17517,13380,277,350,5395,4994,3500,63,18,4162,3890,2819,43,12,18141,14600,12407,579,391,20964,16795,14059,591,265,6103,4818,4052,190,295,4674,3847,3235,122,24,14724,10778,9965,1096,580,18832,12591,11783,1178,3064,5013,3723,3344,375,61,3257,2419,2238,257,31,1084846,1040025,507971,10489,8495,1211676,1152175,564800,13006,16183,342520,330220,154090,3199,421,275023,264321,129499,2246,773,-135597,-116720,-61560,-2664,-9610,-392651,-364426,-116807,-3525,1443,38186,41900,11274,-218,-5339,-53537,-45687,-21327,-1497,-4616,-12149,-8683,-7703,-196,-2037,-37867,-32807,-17000,-417,847,906,2857,624,-5,-1720,-5698,-3908,-3295,-228,-665,-2207,-2299,-2147,-61,236,-15738,-13430,-5633,-93,-850,1759,1964,581,-13,-44,-2476,-1723,-1456,-91,-123,-2954,-2330,-2153,-41,85,-6285,-6396,-3887,-64,-55,-602,71,-338,-19,-246,-542,-502,-479,-30,-23,-2823,-2195,-1652,-12,126,-13264,-10042,-5039,-80,-90,700,511,290,-2,186,-880,-592,-417,-36,-27,-4108,-1813,-1818,-82,-2484,-2623,-3047,-2615,-185,1842,-887,400,163,29,-1616,-1792,-1063,-981,-71,-492,-126830,-112150,-56829,-2517,-7688,-369004,-349126,-106065,-3240,504,37855,39771,10685,-236,-3695,-49397,-43527,-19227,-1351,-4050
201112,2173456,2076671,915443,21233,2786,1098404,1037832,526185,11689,9541,545422,522282,235245,5389,574,732371,700317,299019,6694,972,167692,142383,97920,4122,842,82592,68469,51730,2306,1834,39105,33274,22749,997,186,55318,47084,32040,1282,335,71537,60849,37093,931,307,36338,31090,20754,506,693,15722,13198,8380,209,65,23549,19894,11902,324,146,32125,29996,20086,407,86,15796,14344,10698,231,399,7641,7237,4888,86,15,11092,10370,6920,122,24,37618,30759,24202,1088,286,17233,13816,11732,550,392,9049,7327,5815,247,60,12435,10248,7999,345,101,27022,21818,17821,1713,163,13571,9958,9198,1032,350,6854,5769,3969,458,46,8473,6948,5668,495,64,2050710,1985365,848003,17967,2124,1039452,995832,491532,9891,7875,516582,500460,219439,4579,436,692272,670421,276681,5693,693,1026394,992197,370887,8863,-7639,-184255,-163362,-79931,-3345,-10494,182371,176791,69335,1575,-241,441772,424691,160185,4005,82,79190,68835,43006,1696,-1260,-18059,-13762,-10887,-316,-2305,9361,7941,5146,219,-236,34012,29202,18362,737,202,32288,27089,15077,403,-389,-5118,-4969,-3409,-83,233,2345,1139,1419,55,17,14255,11919,6342,200,80,15371,14809,8859,171,-349,-3912,-3173,-2682,-46,49,2246,2243,1388,23,-3,6930,6480,4101,79,12,19477,16159,11795,509,-105,-3731,-2979,-2327,-41,127,2946,2509,1763,57,-235,7761,6401,4764,223,77,12298,11040,7856,617,-417,-5261,-2633,-2585,-146,-2714,1841,2046,625,83,-15,5216,4529,3430,238,33,965864,945340,340032,7478,-6371,-172224,-156343,-73268,-3115,-8308,174062,170240,65349,1380,15,417249,406100,147182,3447,-80
201201,3822736,3474905,1250991,44630,12389,2178530,2082236,917216,21117,2790,1347896,1079839,380753,24581,9450,877646,838768,353182,8914,1572,813243,697736,182590,11579,4362,167331,141987,97711,4080,845,399327,311385,60625,6911,3133,90490,79374,47395,1795,619,209715,188475,58548,2093,749,71272,60539,37061,926,309,140258,130881,22509,1372,424,29188,24571,15572,333,134,47002,42783,27337,878,199,32193,30071,20110,407,86,15574,13214,8316,516,123,13139,12382,7811,154,27,62985,48703,37948,2374,877,37728,30805,24207,1078,287,20955,14526,11481,1307,235,17554,14464,11516,495,362,498678,423920,61320,6282,2537,26755,21620,17625,1686,163,227014,157522,19391,3751,2351,30959,28719,13242,821,96,3076415,2852101,1111775,34581,8486,2055968,1991006,849849,17880,2129,970689,791912,334189,18441,6501,806945,781737,319109,7462,1057,1649280,1398234,335548,23397,9603,1080126,1044404,391031,9428,-6751,802474,557557,145508,19192,8876,145275,138451,54163,2220,600,645551,555353,84670,7457,3520,84739,73518,45981,1774,-989,360222,278111,37876,5914,2947,35172,32290,15355,513,284,138178,127626,21455,1162,442,34934,29449,16307,420,-384,124536,117683,14129,1163,359,5639,4677,3670,9,-12,14877,12787,7251,471,113,16397,15727,9412,176,-313,7933,5977,3428,430,108,2047,2012,891,32,3,25367,17944,13746,1286,591,20495,16989,12475,528,-105,11906,7199,5666,1060,175,5119,4216,3517,150,261,471656,402102,43499,4569,2374,13184,11662,8427,654,-187,220160,151753,15422,3293,2305,22486,21771,7574,326,32,1025705,866736,263772,16614,6362,1016516,995174,358317,7989,-5746,454107,291452,114750,13862,6065,114673,111316,42428,1769,364
201202,4196090,3311704,1381794,94547,26829,3611467,3391623,1216433,38149,8142,1023938,798651,360824,22768,6561,939150,817352,340304,20537,3648,837503,483068,193575,29769,8812,795043,689539,176646,10384,3697,238114,78202,49748,8353,3259,163170,105944,47704,7102,1424,283321,135793,68309,6844,2165,203843,185186,56336,1823,446,127389,27468,17711,2113,666,37646,26223,16488,1460,355,58714,48845,30913,2356,287,45589,41639,26619,799,187,13683,12060,7760,531,75,16267,12681,8135,747,104,101017,62367,43793,6258,1510,60231,46661,36417,2150,833,25460,15245,11290,1629,860,26677,14428,10728,1596,207,401913,244688,55410,14512,4869,490487,422143,59763,5659,2231,71946,24378,14593,4119,1662,84355,54778,13278,3352,758,3450943,2921423,1242193,68257,18921,2880546,2773700,1081160,29182,4884,814299,743558,324969,15445,3512,796315,733144,306264,14263,2508,373354,-163201,130803,49917,14440,1432937,1309387,299217,17032,5352,-323958,-281188,-19929,-1813,-2889,61504,-21416,-12878,11623,2076,24260,-214668,10985,18190,4450,627712,547552,78935,6304,2852,-161213,-233183,-10877,1442,126,72680,26570,309,5307,805,73606,-52682,9761,4751,1416,132571,124647,19275,897,137,-12869,-103413,-4798,741,242,8458,1652,916,1127,221,11712,6062,3576,1478,88,13396,11568,6509,392,101,-1891,-1154,-556,15,-48,3128,299,324,593,77,38032,13664,5845,3884,633,22503,15856,12210,1072,546,4505,719,-191,322,625,9123,-36,-788,1101,-155,-96765,-179232,-5910,8230,2332,463732,400523,42138,3973,2068,-155068,-133144,-4798,368,-689,53396,26059,36,2531,662,374528,69322,130418,33676,10435,824578,782694,231311,11302,2755,-156390,-48354,-9220,-2996,-2989,-10630,-48593,-12845,6801,1451
201203,4363904,3584512,1440638,80080,29996,4224012,3308556,1384758,94998,27612,1292845,1025942,350132,18945,6747,1265245,1106795,383390,19786,6778,1072110,795956,195397,27103,10380,829088,472222,192981,29991,9036,450556,376072,56062,6762,2271,436380,383983,56117,6867,2405,192962,143784,72056,5391,2217,272723,124850,67522,6880,2195,88040,68804,25466,1541,475,52037,41628,19082,1366,803,62977,43263,29503,2511,388,58061,48502,30839,2372,296,12002,9540,6848,525,39,12129,10277,7189,478,132,147027,78854,46120,6460,2486,105304,62827,44029,6378,1493,57121,24466,11566,1521,1108,31586,23231,11499,1548,526,671704,533530,63235,12858,5309,400413,244624,55408,14550,5071,293752,273863,23673,3198,653,340884,309290,23535,3500,944,3368651,2890082,1297635,56070,20131,3486530,2928488,1245726,68494,19476,858984,678335,306086,12917,4591,846401,750336,339821,13617,4469,167814,272808,58844,-14467,3167,612545,-83067,168325,56849,19470,268907,227291,-10692,-3823,186,326095,289443,43086,-751,3130,234607,312888,1822,-2666,1568,34045,-217317,16335,19607,5339,212442,297870,6314,-1591,-988,273210,278039,8413,-235,981,-90359,7991,3747,-1453,52,68880,-60336,11186,5057,1749,-39349,41336,7755,-572,-191,14391,15405,2594,-94,448,4263,-5582,-1410,155,101,12472,6863,4220,1573,109,-1681,-2520,-912,-6,-36,-4138,-2404,-946,-269,28,46010,16487,2327,202,976,45073,16166,7612,4228,660,31661,9221,276,-108,248,4909,8803,771,-48,319,269791,288842,7825,-1654,440,-90074,-177519,-4355,8891,2840,221806,249485,9080,-921,-1009,256529,254512,10257,148,186,-82292,-31341,55442,-12187,1210,605984,154788,164566,39312,14592,44685,-65223,-18883,-2528,1079,50086,17192,33557,-646,1961
201204,6290305,3081748,1356138,83031,20971,4363904,3584512,1440638,80080,29996,1146533,812209,372058,24323,5738,1266659,776893,358794,22391,7100,2729130,487158,177339,29165,8831,1072110,795956,195397,27103,10380,203066,94187,48588,8208,2277,241117,94323,46348,7635,3203,2106524,138269,65935,7862,2699,192962,143784,72056,5391,2217,95121,32444,16259,1549,533,86457,29449,15474,1778,929,56526,41324,28996,2344,995,62977,43263,29503,2511,388,17906,12169,8406,761,631,19053,12126,8580,730,695,243754,95020,44072,6908,2403,147027,78854,46120,6460,2486,42558,30258,13649,2188,620,68103,27095,11553,1692,360,331113,214853,48640,12289,3352,671704,533530,63235,12858,5309,47858,19977,10939,3741,518,68093,26314,11362,3470,1233,3651002,2731513,1230785,56982,12941,3368651,2890082,1297635,56070,20131,974159,764372,339452,17076,3818,1053298,724623,326915,15643,4266,1926401,-502764,-84500,2951,-9025,139892,275956,55880,-14918,2384,-146312,-213733,21926,5378,-1009,1414,-329902,-24596,2605,322,1657020,-308798,-18058,2062,-1549,243022,323734,2416,-2888,1344,-247490,-281885,-7474,1446,6,-195263,-289660,-9769,768,798,1913562,-5515,-6121,2471,482,-79761,18934,4534,-1489,22,7081,-36360,-9207,8,58,34420,-12179,-3608,412,126,-6451,-1939,-507,-167,607,4916,-5239,-1336,139,92,5904,2629,1558,236,592,6924,1849,1391,252,563,96727,16166,-2048,448,-83,41723,16027,2091,82,993,-14563,5792,2083,667,-488,36517,3864,54,144,-166,-340591,-318677,-14595,-569,-1957,271291,288906,7827,-1692,238,-245894,-253886,-12734,543,-135,-272791,-282976,-12173,-30,289,282351,-158569,-66850,912,-7190,-117879,-38406,51909,-12424,655,115175,86037,33366,4159,-773,206897,-25713,-12906,2026,-203
201205,10292108,3325736,1449767,97835,31330,6296636,3098951,1374441,85329,20825,5148390,752352,343860,27011,6676,2938749,835677,339191,26347,7463,1518860,456100,192367,32023,13976,2684233,462260,179234,29926,8235,704296,118135,50504,8537,2154,630903,89226,47002,8193,2486,384567,251597,78461,6320,5665,2100095,130864,65051,7923,2688,85639,70867,22020,1405,413,50317,41153,18502,1319,492,109693,41107,28706,2706,718,57322,41968,29469,2407,998,12345,10123,7265,603,104,11787,9670,6893,603,171,932601,116940,51974,9730,3812,220819,96865,45604,7043,1603,563278,27594,12717,2921,517,538500,28956,13294,2959,969,153182,51566,37759,13797,3817,314847,194953,47403,12799,3564,43406,11934,10064,3643,1120,30628,10908,9483,3352,890,8889531,3059420,1326595,69480,18136,3705374,2777002,1248879,58592,13391,4476085,684161,312463,19487,4766,2335995,795503,309907,19103,5203,4001803,243988,93629,14804,10359,1932732,-485561,-66197,5249,-9171,4001857,-59857,-28198,2688,938,1672090,58784,-19603,3956,363,-1210270,-31058,15028,2858,5145,1612123,-333696,-16163,2823,-2145,501230,23948,1916,329,-123,389786,-5097,654,558,-717,-1721957,113328,12526,-1542,2966,1907133,-12920,-7005,2532,471,-9482,38423,5761,-144,-120,-36140,11704,3028,-459,-437,53167,-217,-290,362,-277,-5655,-1295,-34,-104,610,-5561,-2046,-1141,-158,-527,-7266,-2456,-1687,-127,-524,688847,21920,7902,2822,1409,73792,18011,-516,583,-883,520720,-2664,-932,733,-103,470397,1861,1741,1267,609,-177931,-163287,-10881,1508,465,-356857,-338577,-15832,-59,-1745,-4452,-8043,-875,-98,602,-37465,-15406,-1879,-118,-343,5238529,327907,95810,12498,5195,336723,-113080,-48756,2522,-6740,3501926,-80211,-26989,2411,948,1282697,70880,-17008,3460,937
201206,7691574,2807875,1348661,79838,21005,10292108,3325736,1449767,97835,31330,838618,680159,329958,19090,5732,897973,729203,355961,18057,3821,1085791,308939,174958,27044,6509,1518860,456100,192367,32023,13976,148805,76552,42894,6187,2831,150911,77889,44145,6412,955,298282,137706,75224,6831,3163,384567,251597,78461,6320,5665,61519,35647,19568,1888,2163,49809,33869,18688,1531,387,45655,36781,25624,1959,383,109693,41107,28706,2706,718,10357,8637,5945,373,65,12351,9413,6559,540,117,163033,100866,44295,6518,1141,932601,116940,51974,9730,3812,34047,24551,10437,1404,228,52168,26746,11962,1679,249,580625,41630,35640,11861,1857,153182,51566,37759,13797,3817,43335,9966,8555,2546,394,37248,9656,8392,2697,202,6709343,2663172,1241372,55720,15429,8889531,3059420,1326595,69480,18136,710228,645164,303759,13560,3149,782026,693030,328927,12492,3015,-2600534,-517861,-101106,-17997,-10325,3995472,226785,75326,12506,10505,-4309772,-72193,-13902,-7921,-944,-2040776,-106474,16770,-8290,-3642,-433069,-147161,-17409,-4979,-7467,-1165373,-6160,13133,2097,5741,-555491,-41583,-7610,-2350,677,-479992,-11337,-2857,-1781,-1531,-86285,-113891,-3237,511,-2502,-1715528,120733,13410,-1603,2977,-24120,-35220,-2452,483,1750,-508,-7284,186,212,-105,-64038,-4326,-3082,-747,-335,52371,-861,-763,299,-280,-1988,-1486,-1320,-230,-39,564,-257,-334,-63,-54,-769568,-16074,-7679,-3212,-2671,711782,20075,6370,2687,2209,-529231,-3043,-2280,-1517,-289,-486332,-2210,-1332,-1280,-720,427443,-9936,-2119,-1936,-1960,-161665,-143387,-9644,998,253,-71,-1968,-1509,-1097,-726,6620,-1252,-1091,-655,-688,-2180188,-396248,-85223,-13760,-2707,5184157,282418,77716,10888,4745,-3765857,-38997,-8704,-5927,-1617,-1553969,-102473,19020,-6611,-2188
201207,7321077,2813526,1390323,84941,18958,4446974,2732475,1315975,74901,19825,3118933,762993,377669,23902,4661,1112889,742107,366148,22540,5929,2729718,317359,187085,28487,6845,1051310,299740,169446,25695,6045,2166856,77561,46348,9639,1683,250447,83127,49308,7995,2578,262966,146052,79921,5371,2055,288253,133429,73171,6547,3090,66036,32911,17292,1455,336,103412,38549,20751,2063,1263,113133,41438,31184,2897,1495,44404,35767,24868,1871,377,23429,10399,7814,960,642,55196,11743,8694,946,148,2225295,97960,50954,8779,1377,154896,98598,43015,6262,1050,2047947,24909,13232,4118,162,57901,23731,12024,1894,582,131919,39428,34362,11560,1938,565528,39682,34056,11133,1563,29931,10556,9279,3137,543,34614,10999,9598,3131,585,5676917,2646691,1268295,60434,12991,3492573,2592336,1212251,51950,14654,1977981,723127,348114,16161,3185,886149,700269,335027,15376,3739,-370497,5651,41662,5103,-2047,-5845134,-593261,-133792,-22934,-11505,2280315,82834,47711,4812,-1071,214916,12904,10187,4483,2108,1643927,8420,12127,1443,336,-467550,-156360,-22921,-6328,-7931,2018051,1009,3454,3452,-1148,99536,5238,5163,1583,1623,-35316,8346,4697,-1460,-1108,-96314,-118168,-5290,227,-2575,4517,-2736,-2276,-433,-1827,53603,4680,2063,532,876,67478,4657,5560,938,1112,-65289,-5340,-3838,-835,-341,13072,1762,1869,587,577,42845,2330,2135,406,31,2062262,-2906,6659,2261,236,-777705,-18342,-8959,-3468,-2762,2013900,358,2795,2714,-66,5733,-3015,62,215,333,-448706,-2202,-1278,-301,81,412346,-11884,-3703,-2664,-2254,-13404,590,724,591,149,-2634,1343,1206,434,383,-1032426,-16481,26923,4714,-2438,-5396958,-467084,-114344,-17530,-3482,1267753,77963,44355,2601,36,104123,7239,6100,2884,724
201208,6079297,3682282,1732571,118801,31049,7445862,2895115,1427653,87596,19654,2460612,944867,443276,35756,10492,1321047,947020,440994,33129,5551,605547,307232,185629,31090,11773,2741824,325558,193329,29227,7086,129442,66966,42255,8127,3594,124653,67639,41430,7677,1787,278700,150181,75822,6979,3692,268115,150280,82686,5483,2085,53159,30309,15069,1514,843,49447,32418,15076,1422,232,80362,48553,31628,3057,1115,114233,42380,31771,2956,1516,14866,12275,7370,735,231,23958,11832,7465,764,240,118231,67900,45852,7177,1427,2228469,99502,52634,8983,1519,22611,13436,10498,1823,406,22740,12846,10048,1855,295,131495,44698,39023,14048,5657,134660,41112,35716,11930,1986,39789,11580,10314,4141,2198,29073,11078,9692,3683,1054,5583663,3498177,1611469,92718,20728,5792698,2722250,1300932,62449,13478,2359800,905105,416807,29069,7436,1223575,906841,414684,26882,4133,-1241780,868756,342248,33860,12091,2998888,162640,111678,12695,-171,-658321,181874,65607,11854,5831,208158,204913,74846,10589,-378,-2124171,-10127,-1456,2603,4928,1690514,25818,23883,3532,1041,-2037414,-10595,-4093,-1512,1911,-125794,-15488,-7878,-318,-791,15734,4129,-4099,1608,1637,-20138,16851,9515,-1064,-1005,-12877,-2602,-2223,59,507,-53965,-6131,-5675,-641,-1031,-32771,7115,444,160,-380,69829,6613,6903,1085,1139,-8563,1876,-444,-225,-411,-31238,89,-1229,-182,92,-2107064,-30060,-5102,-1602,50,2073573,904,9619,2721,469,-2025336,-11473,-2734,-2295,244,-35161,-10885,-1976,-39,-287,-424,5270,4661,2488,3719,-430868,1430,1660,797,423,9858,1024,1035,1004,1655,-5541,79,94,552,469,-93254,851486,343174,32284,7737,2300125,129914,88681,10499,-1176,381819,181978,68693,12908,4251,337426,206572,79657,11506,394
201209,15768590,3483695,1644105,154836,35079,6079297,3682282,1732571,118801,31049,1770407,976735,471006,40032,8107,7111273,841384,394588,42068,7960,2972577,339883,185970,36077,15381,605547,307232,185629,31090,11773,169258,101288,51626,8839,2562,271480,90286,48395,9418,3402,2355760,158495,78929,9046,5127,278700,150181,75822,6979,3692,66078,49409,22667,1791,287,86014,41346,20614,2124,1140,134073,56227,30703,3633,1226,80362,48553,31628,3057,1115,19602,16798,8529,915,291,82399,14934,8298,1225,460,168819,90172,44915,8863,2597,118231,67900,45852,7177,1427,42597,26339,11998,2325,784,62393,25410,11725,2477,836,318776,44535,38410,14769,6728,131495,44698,39023,14048,5657,42907,12616,10592,3847,1204,41853,11487,9765,3659,1027,14978072,3309872,1533316,125648,23593,5583663,3498177,1611469,92718,20728,1628852,926058,440635,32488,5903,6864219,795809,365585,33985,4808,9689293,-198587,-88466,36035,4030,-1366565,787167,304918,31205,11395,-690205,31868,27730,4276,-2385,5790226,-105636,-46406,8939,2409,2367030,32651,341,4987,3608,-2136277,-18326,-7700,1863,4687,39816,34322,9371,712,-1032,146827,22647,6965,1741,1615,2077060,8314,3107,2067,1435,10585,-99,-6864,1496,1607,12919,19100,7598,277,-556,36567,8928,5538,702,908,53711,7674,-925,576,111,-33871,6173,-143,101,-401,4736,4523,1159,180,60,58441,3102,833,461,220,50588,22272,-937,1686,1170,-2110238,-31602,-6782,-1806,-92,19986,12903,1500,502,378,39653,12564,1677,622,541,187281,-163,-613,721,1071,-3165,3586,3307,2118,3671,3118,1036,278,-294,-994,12780,409,73,-24,-27,9394409,-188305,-78153,32930,2865,-209035,775927,310537,30269,7250,-730948,20953,23828,3419,-1533,5640644,-111032,-49099,7103,675
201210,9967194,3792822,1757909,182193,43153,15794235,3498890,1650651,156855,35607,4000212,949027,440125,47230,9288,5263209,972900,447181,51477,17035,2044921,390987,218658,43789,22496,2980326,346339,188786,36753,15621,286824,103853,59401,11378,4701,1392461,92726,55896,13149,11420,1455595,179710,93849,11192,9634,2358325,161779,80433,9141,5228,130988,45493,23629,2280,945,1261045,46213,26338,5191,7772,136780,62688,35150,4696,2495,135191,56955,31025,3756,1295,35199,15573,9093,1161,673,60493,15410,8751,1328,599,261148,104806,52239,10561,3933,171400,92403,45583,9039,2654,44160,29432,15257,2819,743,34268,20200,11915,2353,1042,195069,54022,45300,17499,6448,320357,45176,38901,15038,6745,77222,15167,13177,5175,2340,37263,13018,10835,4320,2017,8033329,3600068,1627339,144561,22607,14996049,3321863,1538061,127075,23877,3743363,897974,403928,37437,5051,3897839,924099,413210,39719,6185,-5801396,309127,113804,27357,8074,9714938,-183392,-81920,38054,4558,2229805,-27708,-30881,7198,1181,-1848064,131516,52593,9409,9075,-927656,51104,32688,7712,7115,2374779,39107,3157,5663,3848,117566,2565,7775,2539,2139,1120981,2440,7501,3731,8018,-900165,21215,14920,2146,4507,2079625,11598,4611,2162,1536,64910,-3916,962,489,658,1175031,4867,5724,3067,6632,2707,6461,4447,1063,1269,54829,8402,-603,699,180,15597,-1225,564,246,382,-21906,476,453,103,139,92329,14634,7324,1698,1336,53169,24503,-269,1862,1227,1563,3093,3259,494,-41,-28125,-5210,190,-124,206,-123707,9487,6890,2730,-280,188862,478,-122,990,1088,34315,2551,2585,1328,1136,-4590,1531,1070,661,990,-6944743,290196,94023,18913,-986,9412386,-176314,-73408,34357,3149,2114511,-28084,-36707,4949,-852,-2966380,128290,47625,5734,1377
201211,10939772,3339687,1577055,160551,37118,9967194,3792822,1757909,182193,43153,4493475,826529,391724,35681,6005,1475875,895170,413315,40907,7897,1305707,349574,206162,40735,10589,2044921,390987,218658,43789,22496,147038,76465,45756,8865,1820,216270,93753,55380,11249,3698,406368,153384,82072,8928,2490,1455595,179710,93849,11192,9634,61607,34904,18318,1848,300,99964,38769,21443,2459,942,70365,54305,32366,3744,1223,136780,62688,35150,4696,2495,15460,12486,7227,748,287,17531,14119,8609,968,417,146444,96711,52419,10027,2098,261148,104806,52239,10561,3933,34327,19452,11929,2468,399,39540,28162,14191,2732,546,688274,51556,45722,18303,4810,195069,54022,45300,17499,6448,36336,11211,9883,3879,834,59752,14460,12875,5134,1805,9729425,3156416,1447219,125055,27600,8033329,3600068,1627339,144561,22607,4368331,784528,362931,28060,4477,1284853,846461,378027,31048,4603,972578,-453135,-180854,-21642,-6035,-5827041,293932,107258,25338,7546,493263,-122498,-48401,-11549,-3283,-3787334,-77730,-33866,-10570,-9138,-739214,-41413,-12496,-3054,-11907,-935405,44648,29872,7036,6875,-139786,-27388,-13645,-2513,-2881,-1176191,1027,-516,-1900,-7722,-1049227,-26326,-11777,-2264,-7144,-902730,17931,13416,2051,4406,-69381,-10589,-5311,-432,-645,-1161081,-7444,-4895,-2732,-6830,-66415,-8383,-2784,-952,-1272,1589,5733,4125,940,1200,-19739,-3087,-1866,-413,-386,-42962,-1291,-142,-360,-182,-114704,-8095,180,-534,-1835,89748,12403,6656,1522,1279,-9833,-9980,-3328,-351,-344,5272,7962,2276,379,-496,493205,-2466,422,804,-1638,-125288,8846,6399,2461,-297,-40886,-3956,-3294,-1296,-1506,22489,1442,2040,814,-212,1696096,-443652,-180120,-19506,4993,-6962720,278205,89278,17486,-1270,624968,-113446,-40997,-9377,-574,-2612986,-77638,-35183,-8671,-1582
201212,6582347,2963780,1364699,86425,27012,12234536,3293674,1556113,158308,36471,802128,752299,346480,10216,4725,904489,809740,374659,18699,6981,505837,326760,186494,19710,11502,1290780,340312,201056,39343,10338,89981,79507,43323,2183,2180,111555,92092,53227,3878,3368,205487,139472,72676,4595,2711,401865,149881,80129,8668,2395,36124,33648,16684,435,313,44524,38372,20618,893,1198,73412,53219,31165,2201,1293,69980,53672,31974,3645,1292,13541,12569,7207,264,167,17184,14944,9036,529,488,123379,93844,47963,5572,2389,140815,92962,50903,9687,2037,26971,23923,11301,637,549,32779,27364,13672,1132,522,105486,45472,40415,7459,5176,683847,50048,44335,17606,4646,13843,10641,9514,872,1181,17604,12830,11449,1351,1176,6166471,2795324,1246501,69921,17323,11036774,3114105,1429166,124030,27184,731587,712839,319390,8448,2893,815476,762049,340705,15532,4037,-4357425,-375907,-212356,-74126,-10106,2267342,-499148,-201796,-23885,-6682,-3691347,-74230,-45244,-25465,-1280,-571386,-85430,-38656,-22208,-916,-799870,-22814,-19668,-21025,913,-754141,-50675,-17602,-4446,-12158,-57057,3042,-2433,-6682,360,-104715,-1661,-2153,-7371,-330,-200881,-13912,-9396,-4333,221,-1053730,-29829,-13720,-2524,-7239,-25483,-1256,-1634,-1413,13,-55440,-397,-825,-1566,256,3047,-1086,-1201,-1543,70,-66800,-9016,-3176,-1051,-1203,-1919,83,-20,-484,-120,-347,825,427,-439,71,-23065,-2867,-4456,-4455,291,-120333,-11844,-1336,-874,-1896,-7356,4471,-628,-1831,150,-6761,-798,-519,-1600,-24,-582788,-6084,-5307,-10844,366,488778,-3974,-965,107,-1802,-22493,-570,-369,-3007,347,-42148,-1630,-1426,-3783,-629,-3562954,-361092,-200718,-55134,-10277,3003445,-485963,-198173,-20531,4577,-3636744,-71689,-43541,-19612,-1584,-469377,-84412,-37322,-15516,-566
201301,3364691,3056642,1430321,40880,24860,5204573,2953008,1358320,82406,26687,973683,897955,413690,13595,8470,1067220,910689,446195,13255,8106,497163,374432,224156,10898,13385,501986,326444,185529,19340,11315,129468,111123,68286,3586,4544,218207,132232,88645,3677,4592,156756,142919,73246,2123,3461,204040,139540,72490,4498,2659,44762,40557,21159,659,1324,47430,43373,22297,684,1064,62397,55587,31632,1342,2020,72020,52681,30789,2116,1149,21238,17998,10563,523,774,19061,16267,9862,452,1016,214359,131635,79916,3281,2826,123596,94330,47857,5498,2392,42432,38243,23740,999,691,131094,58222,43667,1109,866,65621,50034,45391,4229,5082,104251,45139,40115,7344,5182,21633,16209,14683,1433,1755,21163,16087,14630,1457,1646,2949749,2857814,1283588,31981,13194,4792071,2785157,1240790,66210,17181,868772,842294,374316,10677,4540,873877,837334,387093,10218,3881,-3217656,92862,65622,-45545,-2152,-7029963,-340666,-197793,-75902,-9784,171555,145656,67210,3379,3745,162731,100949,71536,-5444,1125,-8674,47672,37662,-8812,1883,-788794,-13868,-15527,-20003,977,39487,31616,24963,1403,2364,106652,40140,35418,-201,1224,-48731,3447,570,-2472,750,-197825,-10341,-7639,-4170,264,8638,6909,4475,224,1011,2906,5001,1679,-209,-134,-11015,2368,467,-859,727,2040,-991,-1185,-1529,-143,7697,5429,3356,259,607,1877,1323,826,-77,528,90980,37791,31953,-2291,437,-17219,1368,-3046,-4189,355,15461,14320,12439,362,142,98315,30858,29995,-23,344,-39865,4562,4976,-3230,-94,-579596,-4909,-4220,-10262,536,7790,5568,5169,561,574,3559,3257,3181,106,470,-3216722,62490,37087,-37940,-4129,-6244703,-328948,-188376,-57820,-10003,137185,129455,54926,2229,1647,58401,75285,46388,-5314,-156
201302,3680168,3370629,1567984,71865,48867,3239054,2946213,1381034,37605,21851,958069,871678,420663,22653,12714,959223,868272,413735,21067,18743,495261,408445,249203,15866,31261,472181,354658,211144,9842,11731,129189,105416,68164,4666,8653,128414,103788,64395,4433,11482,189506,165983,92018,3281,10951,149101,136665,69143,1934,2697,46285,41980,24087,897,729,54515,43913,26130,1107,7290,76793,64800,39689,2185,4120,58692,53131,29969,1161,1527,20316,16257,11163,692,1788,17217,15523,9185,496,310,137705,118528,64544,4359,4244,206822,124692,76425,3024,2835,34357,29656,17203,1291,589,35615,30583,16763,1306,1270,93582,66969,60591,6157,12088,59464,45451,41243,3796,4686,28883,19431,17721,1818,5613,21713,15671,14180,1567,2671,3285313,3149908,1404347,58999,19645,2844132,2757867,1242845,29569,11733,856037,813878,375881,18897,4536,855859,811074,370715,17518,8040,315477,313987,137663,30985,24007,-1965519,-6795,22714,-44801,-4836,-15614,-26277,6973,9058,4244,-107997,-42417,-32460,7812,10637,-1902,34013,25047,4968,17876,-29805,28214,25615,-9498,416,-279,-5707,-122,1080,4109,-89793,-28444,-24250,756,6890,32750,23064,18772,1158,7490,-54939,-2875,-3347,-2564,38,1523,1423,2928,238,-595,7085,540,3833,423,6226,14396,9213,8057,843,2100,-13328,450,-820,-955,378,-922,-1741,600,169,1014,-1844,-744,-677,44,-706,-76654,-13107,-15372,1078,1418,83226,30362,28568,-2474,443,-8075,-8587,-6537,292,-102,-95479,-27639,-26904,197,404,27961,16935,15200,1928,7006,-44787,312,1128,-3548,-496,7250,3222,3038,385,3858,550,-416,-450,110,1025,335564,292094,120759,27018,6451,-1947939,-27290,2055,-36641,-5448,-12735,-28416,1565,8220,-4,-18018,-26260,-16378,7300,4159
201303,3552870,3250863,1627888,90568,32609,3664310,3354866,1564051,73138,48886,843449,769800,391910,22325,6581,873661,795105,400298,23320,8402,486562,409307,271236,17374,15686,494360,408166,249588,15937,31025,114737,97442,62813,4167,2621,117721,99223,67113,4296,4272,155256,140003,77425,3398,2855,188101,165070,91949,3314,10751,36332,33046,17366,728,483,37804,32902,18881,941,1093,64906,56409,34788,2110,2105,76671,64749,39178,2194,4112,16191,13466,8774,543,237,15789,13110,8297,460,452,135502,107415,63897,5604,3999,137166,117923,64392,4386,4300,32562,27003,15238,1419,660,30108,25096,14583,1394,1054,132742,112052,102790,6370,6847,94722,68269,61751,6158,12012,30051,25439,23289,1504,1266,34406,29635,27205,1520,1673,3212632,3058463,1482495,76994,18870,3271943,3135272,1401368,60255,19922,763427,725361,357999,19051,4362,793256,750121,366165,19936,4456,-127298,-119766,59904,18703,-16258,425256,408653,183017,35533,27035,-114620,-101878,-28753,-328,-6133,-85562,-73167,-13437,2253,-10341,-8699,862,22033,1508,-15575,22179,53508,38444,6095,19294,-14452,-7974,-5351,-499,-6032,-10693,-4565,2718,-137,-7210,-34250,-25980,-14593,117,-8096,39000,28405,22806,1380,8054,-9953,-8934,-6721,-169,-246,-16711,-11011,-7249,-166,-6197,-11887,-8391,-4901,-75,-2015,17979,11618,9209,1033,2585,-4125,-2791,-2389,-149,-1551,-1428,-2413,-888,-36,142,-2203,-11113,-647,1245,-245,-69656,-6769,-12033,1362,1465,-1795,-2653,-1965,128,71,-5507,-5487,-2180,88,-216,39160,45083,42199,213,-5241,35258,22818,20508,2362,7326,1168,6008,5568,-314,-4347,12693,13964,13025,-47,-998,-72681,-91445,78148,17995,-775,427811,377405,158523,30686,8189,-92610,-88517,-17882,154,-174,-62603,-60953,-4550,2418,-3584
201304,3415443,3118477,1533316,85747,33365,3552870,3250863,1627888,90568,32609,1015394,932875,447920,23473,9717,1028890,946049,449123,23454,7981,441970,372954,227127,16118,14908,486562,409307,271236,17374,15686,133650,114680,68984,4441,3212,138345,117357,71469,4451,3812,156606,140525,76119,3103,3745,155256,140003,77425,3398,2855,47384,43438,22288,772,762,48877,43651,23676,883,1253,59450,52561,33031,1875,1309,64906,56409,34788,2110,2105,18541,16332,10157,566,343,19357,16709,10672,558,457,136342,115834,64159,5503,2880,135502,107415,63897,5604,3999,40827,34887,19541,1545,862,43472,37189,20175,1512,696,90833,70378,61204,5706,6995,132742,112052,102790,6370,6847,27253,21872,19187,1580,1254,26978,21849,19237,1521,1406,3070093,2924289,1386461,72599,20467,3212632,3058463,1482495,76994,18870,913046,873741,403417,19895,7109,919304,884329,401950,19715,4746,-137427,-132386,-94572,-4821,756,-111440,-104003,63837,17430,-16277,171945,163075,56010,1148,3136,155229,150944,48825,134,-421,-44592,-36353,-44109,-1256,-778,-7798,1141,21648,1437,-15339,18913,17238,6171,274,591,20624,18134,4356,155,-460,1350,522,-1306,-295,890,-32845,-25067,-14524,84,-7896,11052,10392,4922,44,279,11073,10749,4795,-58,160,-5456,-3848,-1757,-235,-796,-11765,-8340,-4390,-84,-2007,2350,2866,1383,23,106,3568,3599,2375,98,5,840,8419,262,-101,-1119,-1664,-10508,-495,1218,-301,8265,7884,4303,126,202,13364,12093,5592,118,-358,-41909,-41674,-41586,-664,148,38020,43783,41039,212,-5165,-2798,-3567,-4102,76,-12,-7428,-7786,-7968,1,-267,-142539,-134174,-96034,-4395,1597,-59311,-76809,81127,16739,-1052,149619,148380,45418,844,2747,126048,134208,35785,-221,290
201305,3711353,3397910,1652973,89551,60526,3483524,3183188,1562271,87409,33942,901759,829674,420446,22115,15491,912145,827062,408806,22754,18980,498094,422787,252677,16973,21422,451327,381138,232758,16506,15250,125929,107809,63281,4401,4056,130450,110033,66091,4448,7106,161679,146314,74845,2935,3829,160126,143870,77908,3171,3839,39632,35848,18213,723,832,37600,34197,17279,701,510,69960,61170,37462,2095,2404,60790,53705,33797,1926,1366,16944,14881,8920,493,633,17488,15506,9336,532,459,156635,131215,72883,5751,7407,137620,117060,65300,5562,2918,40404,34203,18483,1536,734,45833,37385,20404,1573,3629,111618,89146,73973,6306,7965,94248,73073,63361,5937,7268,29274,23553,18975,1680,1870,29948,23813,20153,1670,2508,3326679,3176533,1487092,75718,42465,3132101,2984390,1411960,73990,20981,805920,773666,378812,18489,12148,809309,768803,364265,19086,12679,295910,279433,119657,3804,27161,-69346,-67675,-65617,-3159,1333,-113635,-103201,-27474,-1358,5774,-116745,-118987,-40317,-700,10999,56124,49833,25550,855,6514,-35235,-28169,-38478,-868,-436,-7721,-6871,-5703,-40,844,-7895,-7324,-5378,-3,3294,5073,5789,-1274,-168,84,4870,3867,483,-227,984,-7752,-7590,-4075,-49,70,-11277,-9454,-6397,-182,-743,10510,8609,4431,220,1095,-4116,-2704,-991,-184,-739,-1597,-1451,-1237,-73,290,-1869,-1203,-1336,-26,2,20293,15381,8724,248,4527,2118,9645,1403,-42,-1081,-423,-684,-1058,-9,-128,2361,196,229,61,2933,20785,18768,12769,600,970,-38494,-38979,-39429,-433,421,2021,1681,-212,100,616,2970,1964,916,149,1102,256586,252244,100631,3119,21998,-80531,-74073,-70535,-3004,2111,-107126,-100075,-24605,-1406,5039,-109995,-115526,-37685,-629,7933
201306,3146256,2873343,1496728,80759,61745,3711353,3397910,1652973,89551,60526,698633,638143,328033,21656,15966,790603,724152,388614,21215,16187,445658,375164,231138,16760,17108,498094,422787,252677,16973,21422,94879,78337,53513,4113,4298,109173,90424,58604,4575,4768,149055,128455,69522,3484,6031,161679,146314,74845,2935,3829,34674,29595,16501,887,1770,38247,31984,17776,982,1995,65013,56199,35302,2280,1986,69960,61170,37462,2095,2404,13742,12162,8012,536,215,16489,14320,8935,701,579,130171,110973,64121,5197,2436,156635,131215,72883,5751,7407,24603,19956,14728,1299,644,30736,25815,16801,1429,616,102837,82309,67947,5868,6691,111618,89146,73973,6306,7965,22130,17212,15772,1398,1673,24167,19100,16618,1482,1594,2815635,2675001,1343134,67216,46364,3326679,3176533,1487092,75718,42465,633475,594278,292530,18444,12107,711033,674504,348894,17647,11949,-565097,-524567,-156245,-8792,1219,227829,214722,90702,2142,26584,-203126,-191531,-92413,-459,475,-121542,-102910,-20192,-1539,-2793,-52436,-47623,-21539,-213,-4314,46767,41649,19919,467,6172,-31050,-29472,-9768,-288,242,-21277,-19609,-7487,127,-2338,-12624,-17859,-5323,549,2202,1553,2444,-3063,-236,-10,-4958,-6253,-1712,164,938,647,-2213,497,281,1485,-4947,-4971,-2160,185,-418,9170,7465,3665,169,1038,-3202,-2719,-908,43,-418,-999,-1186,-401,169,120,-26464,-20242,-8762,-554,-4971,19015,14155,7583,189,4489,-15801,-14247,-3755,-237,-90,-15097,-11570,-3603,-144,-3013,-8781,-6837,-6026,-438,-1274,17370,16073,10612,369,697,-7144,-6341,-3203,-282,-197,-5781,-4713,-3535,-188,-914,-511044,-501532,-143958,-8502,3899,194578,192143,75132,1728,21484,-172445,-179388,-86282,-45,-41,-98276,-94299,-15371,-1439,-730
201307,2878312,2604873,1273833,87898,85108,3133186,2860783,1493398,81559,61979,769670,671608,333346,28961,36595,733760,667971,320945,25068,15413,420800,336898,232824,18095,24868,444337,373378,231570,16862,17416,110726,87044,61457,6149,6083,110145,88137,62167,5213,5712,141539,123842,72281,3455,5296,149652,128899,69828,3519,6106,33959,29846,19207,1267,775,38048,32061,19654,1080,2039,68580,53597,33930,3066,7420,64562,55845,35174,2272,1928,19564,15130,9375,937,2095,15871,13710,8370,946,254,106309,84418,62081,5199,4224,128929,109595,64365,5242,2575,29158,22916,16435,1746,718,28367,22205,16630,1427,1305,106445,82368,73333,6519,8106,102607,81917,68034,5895,6843,28725,21173,18792,2251,2495,28645,21563,19503,1822,2273,2585228,2417896,1124136,74457,62878,2805528,2662955,1339639,67987,46570,689745,621175,293654,24230,31223,656349,618065,280712,21219,10277,-267944,-268470,-222895,7139,23363,-578167,-537127,-159575,-7992,1453,71037,33465,5313,7305,20629,-56843,-56181,-67669,3853,-774,-24858,-38266,1686,1335,7760,-53757,-49409,-21107,-111,-4006,15847,8707,7944,2036,1785,972,-2287,3563,638,944,-7516,-4613,2759,-29,-735,-12027,-17415,-5017,584,2277,-715,251,2706,380,-995,-199,77,1878,98,44,3567,-2602,-1372,786,5434,-5398,-5325,-2288,177,-476,5822,2968,1363,401,1880,-618,-610,-565,245,-325,-23862,-26555,-2040,2,1788,-27706,-21620,-8518,-509,-4832,4555,2960,1707,447,74,-2369,-3610,-171,-2,689,3608,59,5386,651,1415,-9011,-7229,-5939,-411,-1122,6595,3961,3020,853,822,4478,2463,2885,340,679,-230407,-257105,-218998,7241,16514,-521151,-513578,-147453,-7731,4105,56270,26897,1124,5786,19116,-54684,-56439,-68182,3572,-1672
201308,3335759,2888608,1411731,203335,80170,2874920,2598213,1267697,88953,85104,876014,757847,370152,54298,19191,854825,745676,364278,51902,20356,481835,356304,239473,34970,32827,422215,337508,233289,18368,25022,125250,91289,61763,9247,8348,120140,89257,58294,8354,8441,160774,133328,73501,7754,8393,141350,123616,72362,3554,5264,39828,33921,18378,2048,1190,44945,36304,18816,1989,3520,70764,56982,32961,4962,2721,69098,54014,34059,3105,7383,17437,14291,8141,1390,496,16123,13265,7573,1121,619,122322,87313,63596,9989,9330,106806,84675,62172,5254,4259,32006,21693,16304,2658,2776,28072,20636,15023,2244,1370,130960,85872,77909,12573,12451,107092,82471,73467,6604,8294,36892,23509,21286,3291,3906,31769,20893,19033,3075,2988,3002958,2696126,1257151,176376,52006,2579921,2410467,1117552,75299,62500,789232,708232,329800,47301,12369,774194,699522,326947,45594,13256,457447,283735,137898,115437,-4938,-258266,-262570,-225701,7394,23125,106344,86239,36806,25337,-17404,121065,77705,43333,26834,4943,61035,19406,6649,16875,7959,-22122,-35870,1719,1506,7606,14524,4245,306,3098,2265,9995,1120,-3873,3141,2729,19235,9486,1220,4299,3097,-8302,-5283,2534,35,-842,5869,4075,-829,781,415,6897,4243,-838,909,1481,2184,3385,-969,1896,-4699,4536,-1831,-1115,833,5455,-2127,-839,-1234,453,-1599,252,-445,-797,175,365,16013,2895,1515,4790,5106,-22123,-24920,-2193,12,1684,2848,-1223,-131,912,2058,-295,-1569,-1607,817,65,24515,3504,4576,6054,4345,4485,554,5433,709,1451,8167,2336,2494,1040,1411,3124,-670,-470,1253,715,417730,278230,133015,101919,-10872,-225607,-252488,-222087,7312,15930,99487,87057,36146,23071,-18854,117845,81457,46235,24375,2979
201309,3520099,3019373,1434005,244698,78037,3335759,2888608,1411731,203335,80170,960927,818611,388383,69291,22454,980919,834325,388261,73239,23253,490204,352086,232097,40848,39583,481835,356304,239473,34970,32827,140781,100295,62566,11664,12696,147753,105703,65476,12916,12281,170629,138950,74102,10116,10817,160774,133328,73501,7754,8393,52375,43110,20522,2798,2869,55362,45327,21444,2981,3838,69844,54643,30916,7641,2048,70764,56982,32961,4962,2721,21730,15879,8676,3071,739,19967,15259,8605,2579,511,117378,79805,59045,9152,10889,122322,87313,63596,9989,9330,31496,19833,14839,2361,4415,33048,22246,16215,2684,3000,135143,86660,76568,14249,16484,130960,85872,77909,12573,12451,35864,23041,20548,3522,4820,40261,25143,21597,4758,5240,3164467,2827946,1282815,213535,41476,3002958,2696126,1257151,176376,52006,856557,765062,347038,60068,10407,874437,779467,345448,63297,11859,184340,130765,22274,41363,-2133,460839,290395,144034,114382,-4934,84913,60764,18231,14993,3263,126094,88649,23983,21337,2897,8369,-4218,-7376,5878,6756,59620,18796,6184,16602,7805,15531,9006,803,2417,4348,27613,16446,7182,4562,3840,9855,5622,601,2362,2424,19424,9712,1139,4200,3129,12547,9189,2144,750,1679,10417,9023,2628,992,318,-920,-2339,-2045,2679,-673,1666,2968,-1098,1857,-4662,4293,1588,535,1681,243,3844,1994,1032,1458,-108,-4944,-7508,-4551,-837,1559,15516,2638,1424,4735,5071,-510,-1860,-1465,-297,1639,4976,1610,1192,440,1630,4183,788,-1341,1676,4033,23868,3401,4442,5969,4157,-1028,-468,-738,231,914,8492,4250,2564,1683,2252,161509,131820,25664,37159,-10530,423037,285659,139599,101077,-10494,67325,56830,17238,12767,-1962,100243,79945,18501,17703,-1397
201310,3467099,2972436,1362154,235704,71698,3571901,3063074,1454207,249822,80140,873928,764879,344250,43028,21745,865128,736839,337232,58009,21107,445312,315685,192001,39164,36070,502462,360629,237460,42113,40680,119510,84395,49312,8730,12052,116063,77244,46901,9871,13208,170298,137920,66000,8918,8420,175222,142750,75749,10430,10970,48974,37849,16857,1651,4117,41987,32377,15627,2000,2886,69138,51459,30319,10142,1905,71585,55830,31619,7945,2139,17441,13509,8204,2089,687,17779,12999,7699,2768,512,103459,69727,48605,8017,8669,120710,81623,60505,9459,11594,29015,19693,13455,1947,3626,29415,18808,13084,1951,3189,104059,59220,52485,12358,17174,137722,88227,78098,14590,16632,24446,14020,12169,3089,3622,27295,13708,11778,3208,6675,3146339,2818271,1245230,205088,39650,3206453,2866819,1299283,217566,42393,789614,725988,315214,35965,10457,780841,700133,309768,50529,8753,-53000,-46937,-71851,-8994,-6339,236142,174466,42476,46487,-30,-86999,-53732,-44133,-26263,-709,-115791,-97486,-51029,-15230,-2146,-44892,-36401,-40096,-1684,-3513,20627,4325,-2013,7143,7853,-21271,-15900,-13254,-2934,-644,-31690,-28459,-18575,-3045,927,-331,-1030,-8102,-1198,-2397,14448,9422,2248,2676,2577,-3401,-5261,-3665,-1147,1248,-13375,-12950,-5817,-981,-952,-706,-3184,-597,2501,-143,821,-1152,-1342,2983,-582,-4289,-2370,-472,-982,-52,-2188,-2260,-906,189,1,-13919,-10078,-10440,-1135,-2220,-1612,-5690,-3091,-530,2264,-2481,-140,-1384,-414,-789,-3633,-3438,-3131,-733,189,-31084,-27440,-24083,-1891,690,6762,2355,189,2017,4181,-11418,-9021,-8379,-433,-1198,-12966,-11435,-9819,-1550,1435,-18128,-9675,-37585,-8447,-1826,203495,170693,42132,41190,-9613,-66943,-39074,-31824,-24103,50,-93596,-79334,-35680,-12768,-3106
201311,3335984,2965730,1303291,162756,68779,3467099,2972436,1362154,235704,71698,845426,751712,333607,42824,19101,809776,723663,316663,38708,14104,480349,367862,226532,30905,36033,445312,315685,192001,39164,36070,132244,102657,62835,7919,10950,123487,98599,59983,7497,5853,174599,148596,79928,5900,8190,170298,137920,66000,8918,8420,47355,38274,22259,1596,4552,41293,35872,20870,1401,1314,73514,61278,24147,5878,2467,69138,51459,30319,10142,1905,25005,21411,6555,1575,847,23567,20561,5606,1464,634,135902,107420,83758,7925,7135,103459,69727,48605,8017,8669,36936,30088,24167,1978,1770,36254,29780,24407,1957,1141,97986,52883,46268,11413,18546,104059,59220,52485,12358,17174,23428,13515,11963,2829,3889,22748,12917,11277,2728,2828,3052465,2825587,1200760,138179,36406,3146339,2818271,1245230,205088,39650,771722,714831,306912,36635,9533,744507,690081,292459,32933,8929,-131115,-6706,-58863,-72948,-2919,-104802,-90638,-92053,-14118,-8442,-28502,-13167,-10643,-204,-2644,-55352,-13176,-20569,-19301,-7003,35037,52177,34531,-8259,-37,-57150,-44944,-45459,-2949,-4610,12734,18262,13523,-811,-1102,7424,21355,13082,-2374,-7355,4301,10676,13928,-3018,-230,-4924,-4830,-9749,-1512,-2550,-1619,425,5402,-55,435,-694,3495,5243,-599,-1572,4376,9819,-6172,-4264,562,-2447,-4371,-1300,2197,-234,7564,7902,-1649,-514,160,5788,7562,-2093,-1304,122,32443,37693,35153,-92,-1534,-17251,-11896,-11900,-1442,-2925,7921,10395,10712,31,-1856,6839,10972,11323,6,-2048,-6073,-6337,-6217,-945,1372,-33663,-29007,-25613,-2232,542,-1018,-505,-206,-260,267,-4547,-791,-501,-480,-3847,-93874,7316,-44470,-66909,-3244,-60114,-48548,-54053,-12478,-2743,-17892,-11157,-8302,670,-924,-36334,-10052,-17309,-17596,176
201312,3227481,2865343,1338382,153795,61851,3290738,2927908,1287040,160144,67324,810836,717020,330565,35949,14930,904507,802919,395783,42495,18325,454656,352456,230321,27409,29200,473069,363461,224583,30096,34958,107549,83144,55605,6110,7444,123214,95129,64124,7764,8571,178982,147192,83856,5900,9916,170487,145371,78965,5671,7870,44381,37094,20957,1378,1147,50449,41074,23872,1767,4123,55264,45278,21399,5007,1656,72760,60758,23611,5756,2494,9199,7347,4540,851,429,12280,9913,5651,1350,333,143360,117163,93997,7006,6837,135344,107676,84273,7763,7024,35244,28712,23181,1620,2370,39402,31962,25805,1980,1799,78357,44934,39438,9639,10905,96089,51911,45319,11113,17875,18988,10495,9040,2285,3514,21391,12757,11071,2701,2352,2970613,2740614,1246578,132194,36212,3014039,2790937,1187028,136321,35974,749292,687572,308971,31084,8181,833204,767604,369420,36279,10661,-108503,-100387,35091,-8961,-6928,-176361,-44528,-75114,-75560,-4374,-34590,-34692,-3042,-6875,-4171,94731,79256,79120,3787,4221,-25693,-15406,3789,-3496,-6833,27757,47776,32582,-9068,-1112,-24695,-19513,-7230,-1809,-3506,-273,-3470,4141,267,2718,4383,-1404,3928,0,1726,189,7451,12965,-3247,-550,-2974,-1180,-1302,-218,-3405,9156,5202,3002,366,2809,-18250,-16000,-2748,-871,-811,3622,9299,-6708,-4386,589,-15806,-14064,-2015,-724,-418,-11287,-10648,45,-114,-301,7458,9743,10239,-919,-298,31885,37949,35668,-254,-1645,-1692,-1376,-986,-358,600,3148,2182,1398,23,658,-19629,-7949,-6830,-1774,-7641,-7970,-7309,-7166,-1245,701,-4440,-3020,-2923,-544,-375,-1357,-160,-206,-27,-476,-81852,-84973,45818,-5985,-194,-132300,-27334,-58202,-68767,-3676,-22430,-27259,2059,-5551,-1352,88697,77523,76961,3346,1732
201401,3209665,2779072,1281589,173512,79825,3223986,2863766,1338291,153089,61683,811457,694486,318427,49633,24920,907601,772744,353037,52282,28420,486875,348989,232089,34838,47497,452289,351224,229805,27157,29190,128672,84745,59112,10919,15823,146597,100805,65637,11130,16540,186236,145050,87104,7123,20178,178488,146870,83770,5905,9913,46794,33036,22032,2273,7554,55057,41505,24862,2273,7364,58068,46035,21254,5934,1822,54468,44642,21200,4920,1584,15937,12223,6638,1862,525,20214,16135,6522,1790,867,139684,108713,86222,8427,8157,143235,117179,94032,6941,6899,34601,24533,18485,2548,2915,39626,28458,22562,2734,3066,104726,51759,45089,13546,17840,77412,44636,39194,9529,10908,31893,15819,13557,4296,4985,32432,15502,13589,4393,5571,2901139,2634188,1172349,144776,36531,2969148,2739761,1247071,131707,36063,720447,651869,286200,40444,10344,810816,728672,319308,43000,13378,-17816,-86271,-56793,19717,17974,-66752,-64142,51251,-7055,-5641,621,-22534,-12138,13684,9990,3094,-30175,-42746,9787,10095,32219,-3467,1768,7429,18297,-20780,-12237,5222,-2939,-5768,21123,1601,3507,4809,8379,23383,5676,1513,3366,7969,7254,-2142,3248,1223,10262,8001,1499,4805,234,2043,2413,-4058,1075,895,6407,4608,431,990,506,3241,2804,757,-145,927,166,-18292,-16116,-2411,-836,-910,6738,4876,2098,1011,96,7934,6222,871,440,534,-3676,-8450,-7775,1421,1320,7891,9503,9759,-822,-125,-643,-4179,-4696,928,545,224,-3504,-3243,754,1267,26369,6825,5651,3907,6935,-18677,-7275,-6125,-1584,-6967,12905,5324,4517,2011,1471,11041,2745,2518,1692,3219,-69474,-106426,-74229,12582,319,-44891,-51176,60043,-4614,89,-28845,-35703,-22771,9360,2163,-22388,-38932,-50112,6721,2717
201402,3524409,3041937,1288780,207315,97730,3175149,2757594,1271709,167968,76212,968557,833826,331562,54234,29653,915942,793658,339386,53256,23962,497480,338124,229997,41955,49207,476674,345274,228648,32947,45693,140573,92242,59454,10786,18038,127078,87581,60499,10734,11084,157374,125467,80801,7859,10738,185532,145174,86269,6836,19724,40622,32259,20776,1878,2970,41924,32726,21421,2149,3096,73011,56054,26615,7216,3200,55502,44193,20253,5589,1709,24797,19306,7048,1750,811,19190,15107,7260,1863,959,140285,96406,73678,10462,14384,138814,108944,86754,8023,8077,41137,25362,19032,2885,7661,33366,23634,18794,2701,2123,129254,63307,54753,16703,21442,98578,49383,42995,12678,16683,34590,16028,14035,4342,6814,33218,16917,14533,4093,5062,3187359,2878065,1168335,173229,53699,2878080,2617880,1166695,140938,34670,874148,792125,301468,45607,13834,831913,751323,307696,44567,13786,314744,262865,7191,33803,17905,-48837,-106172,-66582,14879,14529,157100,139340,13135,4601,4733,8341,20914,-13651,974,-4458,10605,-10865,-2092,7117,1710,24385,-5950,-1157,5790,16503,11901,7497,342,-133,2215,-19519,-13224,-5138,-396,-5456,-28862,-19583,-6303,736,-9440,7044,-1696,2499,931,9811,-6172,-777,-1256,-395,-4584,-13133,-8779,-3441,-124,-4268,14943,10019,5361,1282,1378,1034,-449,-947,669,125,8860,7083,410,-112,286,-1024,-1028,738,73,92,601,-12307,-12544,2035,6227,-4421,-8235,-7278,1082,1178,6536,829,547,337,4746,-6260,-4824,-3768,-33,-943,24528,11548,9664,3157,3602,21166,4747,3801,3149,5775,2697,209,478,46,1829,786,1415,944,-300,-509,286220,243877,-4014,28453,17168,-91068,-121881,-80376,9231,-1393,153701,140256,15268,5163,3490,21097,22651,-11612,1567,408
201403,4125770,3573569,1455555,226698,88709,3495281,3020549,1274582,204664,95958,1129861,965149,397375,59426,21333,1137388,988288,397614,61017,28340,567092,408374,252337,42272,45690,488487,332995,225932,40946,48228,169386,125739,70635,11732,12156,166928,120716,70129,11526,14685,193882,157653,82724,7977,12361,153978,122779,79061,7743,10525,61940,52841,23076,2058,2609,65417,51270,23923,2415,5821,87384,73676,25541,6990,1935,72170,55789,25953,6973,3112,26288,22617,6996,2043,445,25755,21469,7038,2007,472,165243,121500,97824,10927,11656,138570,95418,72959,10277,14347,46308,34844,27739,2929,3438,43925,33599,27184,2762,2904,123342,58875,52300,16671,20313,126170,62029,53695,16231,20801,35825,16432,14497,4800,5888,32596,15405,13647,4434,5596,3758705,3410345,1334552,192790,47691,3165951,2860371,1157083,171551,52745,1017361,919253,363386,49783,10309,1027478,942888,364064,51626,15228,601361,531632,166775,19383,-9021,320132,262955,2873,36696,19746,161304,131323,65813,5192,-8320,221446,194630,58228,7761,4378,69612,70250,22340,317,-3517,11813,-12279,-2716,7999,2535,28813,33497,11181,946,-5882,39850,33135,9630,792,3601,36508,32186,1923,118,1623,-31554,-22395,-7208,907,-9199,21318,20582,2300,180,-361,23493,18544,2502,266,2725,14373,17622,-1074,-226,-1265,16668,11596,5700,1384,1403,1491,3311,-52,293,-366,6565,6362,-222,144,-487,24958,25094,24146,465,-2728,-244,-13526,-13795,2254,6270,5171,9482,8707,44,-4223,10559,9965,8390,61,781,-5912,-4432,-2453,-32,-1129,27592,12646,10700,3553,4118,1235,404,462,458,-926,-622,-1512,-886,341,534,571346,532280,166217,19561,-6008,287871,242491,-9612,30613,18075,143213,127128,61918,4176,-3525,195565,191565,56368,7059,1442
201404,4575002,3991866,1582133,234205,92679,4125770,3573569,1455555,226698,88709,1170109,1026673,397198,55480,23690,1228223,1077750,417890,61839,24976,620299,449282,266364,45550,57927,567092,408374,252337,42272,45690,152789,110370,65273,10843,15023,162523,116505,69670,12215,16660,251913,208823,88322,8922,17724,193882,157653,82724,7977,12361,60389,52907,21290,2074,2302,68117,55444,23246,2348,6499,69975,54647,25007,7641,2911,87384,73676,25541,6990,1935,15830,12182,6257,1770,663,17085,13021,6505,2042,733,176248,128051,105965,12034,18891,165243,121500,97824,10927,11656,47602,31532,26619,3043,8949,44738,33102,27598,3235,3653,125061,61245,53615,17257,19082,123342,58875,52300,16671,20313,29650,14697,12820,4030,3189,33425,15991,14088,4675,5894,4155987,3820822,1456308,198325,45997,3758705,3410345,1334552,192790,47691,1070892,986212,367560,47237,16191,1115647,1032798,384726,52217,10006,449232,418297,126578,7507,3970,630489,553020,180973,22034,-7249,40248,61524,-177,-3946,2357,90835,89462,20276,822,-3364,53207,40908,14027,3278,12237,78605,75379,26405,1326,-2538,-16597,-15369,-5362,-889,2867,-4405,-4211,-459,689,1975,58031,51170,5598,945,5363,39904,34874,3663,234,1836,-1551,66,-1786,16,-307,2700,4174,-677,-67,678,-17409,-19029,-534,651,976,15214,17887,-412,17,-1177,-10458,-10435,-739,-273,218,-8670,-8448,-533,35,261,11005,6551,8141,1107,7235,26673,26082,24865,650,-2691,1294,-3312,-1120,114,5511,813,-497,414,473,749,1719,2370,1315,586,-1231,-2828,-3154,-1395,440,-488,-6175,-1735,-1677,-770,-2699,829,586,441,241,298,397282,410477,121756,5535,-1694,592754,549974,177469,21239,-5054,53531,66959,4174,-2546,5882,88169,89910,20662,591,-5222
201405,4720731,4118094,1562521,257617,86132,4589032,4011634,1584540,234154,92587,1230926,1081235,389801,65604,20567,1162973,1008151,389965,67048,20755,594670,441194,261855,42113,44905,616392,446562,265223,45338,57723,151714,115183,65199,10180,10936,142905,105805,64563,10379,12007,235090,199676,84787,8320,10851,251426,208082,88128,8932,17870,55242,47282,20356,1948,3040,56225,48563,20413,2037,2597,60863,48154,24398,4556,3328,69050,53642,24902,7613,2953,13835,11122,5992,1027,467,13923,11213,5697,1077,598,169494,127807,107366,12684,11362,175699,127779,105883,11984,18736,43560,32659,27371,3136,3241,42831,32274,27152,3171,3124,132333,69054,51759,16820,20341,123179,60529,52875,17108,18892,40228,25008,13191,4166,4832,30540,14494,12890,4160,5821,4328034,3954178,1440652,225471,48324,4172615,3841733,1459688,198530,46179,1137620,1042463,360713,58074,11404,1067955,969254,360708,59237,11276,145729,126228,-19612,23412,-6547,463262,438065,128985,7456,3878,60817,54562,-7397,10124,-3123,-65250,-69599,-27925,5209,-4221,-25629,-8088,-4509,-3437,-13022,49300,38188,12886,3066,12033,-1075,4813,-74,-663,-4087,-19618,-10700,-5107,-1836,-4653,-16823,-9147,-3535,-602,-6873,57544,50429,5404,955,5509,-5147,-5625,-934,-126,738,-11892,-6881,-2833,-311,-3902,-9112,-6493,-609,-3085,417,-18334,-20034,-639,623,1018,-1995,-1060,-265,-743,-196,-3162,-1808,-808,-965,-135,-6754,-244,1401,650,-7529,10456,6279,8059,1057,7080,-4042,1127,752,93,-5708,-1907,-828,-446,-64,-529,7272,7809,-1856,-437,1259,-163,1654,575,437,-1421,10578,10311,371,136,1643,-2885,-1497,-1198,-515,-73,172047,133356,-15656,27146,2327,413910,431388,125136,5740,-1512,66728,56251,-6847,10837,-4787,-47692,-63544,-24018,7020,1270
201406,5540335,4898622,1803119,278557,106464,4720731,4118094,1562521,257617,86132,1650302,1470582,509310,80009,28073,1478210,1292851,498561,77596,37410,685969,513645,327295,42789,62912,594670,441194,261855,42113,44905,186077,142274,90958,11632,15739,200810,143200,95180,12290,26760,267644,215294,97781,9394,25207,235090,199676,84787,8320,10851,72908,61287,25828,2787,5026,83750,60014,29742,3112,15321,70559,50746,32542,5238,6712,60863,48154,24398,4556,3328,16104,12546,8269,1184,1057,17596,13079,8919,1320,1276,187553,145971,123202,12136,13087,169494,127807,107366,12684,11362,52987,40761,34633,3284,4205,53440,40348,34108,3288,5435,163241,105830,82097,16282,18514,132333,69054,51759,16820,20341,44747,28804,24523,4436,5479,46913,31059,24842,4643,4796,5073147,4685734,1633797,246497,50552,4328034,3954178,1440652,225471,48324,1522312,1411097,461562,71412,14630,1336089,1228798,446654,68344,12430,819604,780528,240598,20940,20332,131699,106460,-22019,23463,-6455,419376,389347,119509,14405,7506,315237,284700,108596,10548,16655,91299,72451,65440,676,18007,-21722,-5368,-3368,-3225,-12818,34363,27091,25759,1452,4803,57905,37395,30617,1911,14753,32554,15618,12994,1074,14356,-16336,-8406,-3341,-612,-7019,17666,14005,5472,839,1986,27525,11451,9329,1075,12724,9696,2592,8144,682,3384,-8187,-5488,-504,-3057,375,2269,1424,2277,157,590,3673,1866,3222,243,678,18059,18164,15836,-548,1725,-6205,28,1483,700,-7374,9427,8102,7262,148,964,10609,8074,6956,117,2311,30908,36776,30338,-538,-1827,9154,8525,-1116,-288,1449,4519,3796,11332,270,647,16373,16565,11952,483,-1025,745113,731556,193145,21026,2228,155419,112445,-19036,26941,2145,384692,368634,100849,13338,3226,268134,259544,85946,9107,1154
201407,6290456,5585478,1822508,288439,112602,5655658,4998718,1835170,283761,108553,1687793,1510712,468505,71410,24864,1662178,1476311,466227,76818,29546,734551,547281,307041,47298,68161,702676,525961,334930,43907,64226,191661,149144,77667,12005,13273,210081,153384,81310,13787,19342,285429,233740,88529,11343,24839,273781,220726,99803,9665,25230,70447,61189,22021,2629,2803,76340,61430,22246,2864,8261,58115,45490,27098,4342,2722,71872,51838,33296,5342,6754,16048,12283,6945,1157,688,15500,12101,6925,1135,944,176493,137698,116197,11539,10470,190971,148245,125174,12365,13329,44882,34572,29162,3060,2372,44806,34287,29165,2925,3530,217695,133882,82553,20374,30463,169066,109452,85157,16789,19445,61442,41930,21318,5239,7478,74330,46472,24760,6978,6862,5817229,5401457,1681247,252205,50558,5175898,4779697,1660742,250862,51518,1574126,1467606,436028,62266,13158,1530966,1428454,429890,66231,12073,750121,686856,19389,9882,6138,934927,880624,272649,26144,22421,37491,40130,-40805,-8599,-3209,183968,183460,-32334,-778,-7864,48582,33636,-20254,4509,5249,108006,84767,73075,1794,19321,5584,6870,-13291,373,-2466,9271,10184,-13870,1497,-7418,17785,18446,-9252,1949,-368,38691,21050,15016,1345,14379,-2461,-98,-3807,-158,-2223,-7410,1416,-7496,-248,-7060,-12444,-5256,-5444,-896,-3990,11009,3684,8898,786,3426,-56,-263,-1324,-27,-369,-2096,-978,-1994,-185,-332,-11060,-8273,-7005,-597,-2617,21477,20438,17808,-319,1967,-8105,-6189,-5471,-224,-1833,-8634,-6061,-4943,-363,-1905,54454,28052,456,4092,11949,36733,40398,33398,-31,-896,16695,13126,-3205,803,1999,27417,15413,-82,2335,2066,744082,715723,47450,5708,6,847864,825519,220090,25391,3194,51814,56509,-25534,-9146,-1472,194877,199656,-16764,-2113,-357
201408,7125690,6433565,1912944,270243,128602,6278951,5579348,1812420,286101,111934,2045004,1858856,540419,66525,49903,2006383,1828209,500046,72846,34248,951840,750501,404371,47906,87355,731905,545899,304373,47048,67665,323288,251568,138893,12247,40919,284827,228534,119377,13511,25001,347656,268376,136403,11328,51882,284707,233150,87974,11270,24902,125272,83827,52804,2786,33705,94531,71907,39467,3545,14551,60716,48632,25907,4803,2605,57966,45287,26860,4326,2776,14999,11896,6611,1110,731,14055,11250,6175,1294,539,235024,193355,167235,11793,13792,174874,136506,115126,11434,10376,77404,68285,60797,2983,2369,67806,55394,47842,3147,4815,310592,243307,131866,20270,19203,217498,134415,81654,20320,29944,106149,88309,46278,5432,4126,109062,90861,48722,5611,5141,6663906,6261658,1786858,235787,48505,5809630,5398308,1673975,249966,50291,1909719,1816091,508436,58064,10368,1884977,1782988,466687,63566,11845,835234,848087,90436,-18196,16000,623293,580630,-22750,2340,3381,357211,348144,71914,-4885,25039,344205,351898,33819,-3972,4702,217289,203220,97330,608,19194,29229,19938,-30557,3141,3439,131627,102424,61226,242,27646,74746,75150,38067,-276,5659,62227,34636,47874,-15,27043,10926,12424,-11829,1605,-328,54825,22638,30783,157,30902,18191,10477,17221,681,6290,2601,3142,-1191,461,-117,-13906,-6551,-6436,-1016,-3978,-1049,-387,-334,-47,43,-1445,-851,-750,159,-405,58531,55657,51038,254,3322,-16097,-11739,-10048,-931,-2953,32522,33713,31635,-77,-3,23000,21107,18677,222,1285,92897,109425,49313,-104,-11260,48432,24963,-3503,3531,10499,44707,46379,24960,193,-3352,34732,44389,23962,-1367,-1721,846677,860201,105611,-16418,-2053,633732,618611,13233,-896,-1227,335593,348485,72408,-4202,-2790,354011,354534,36797,-2665,-228
201409,7452745,6749735,2086951,245198,108634,7125690,6433565,1912944,270243,128602,1923023,1691360,518392,65578,32276,1772907,1587392,515361,65456,31307,988951,805545,465065,45598,63915,951840,750501,404371,47906,87355,217917,171191,98955,11630,20185,235536,178497,106213,12520,19761,392256,345888,192900,10362,16192,347656,268376,136403,11328,51882,104263,94122,44448,2784,3581,113239,94344,47967,3463,7660,66585,49505,26988,4559,3415,60716,48632,25907,4803,2605,18198,13890,7435,1264,1851,19533,12433,7014,1140,485,289445,235065,200837,12193,22363,235024,193355,167235,11793,13792,66552,50051,40466,3133,8962,66141,51736,43430,3186,6610,243840,179571,105097,18736,22072,310592,243307,131866,20270,19203,30440,14991,13319,4512,5878,37212,20936,15916,4801,5013,7005955,6567773,1951587,211810,58618,6663906,6261658,1786858,235787,48505,1809737,1645968,484201,56879,19666,1645235,1537923,478106,56071,14713,327055,316170,174007,-25045,-19968,846739,854217,100524,-15858,16668,-121981,-167496,-22027,-947,-17627,-233476,-240817,15315,-7390,-2941,37111,55044,60694,-2308,-23440,219935,204602,99998,858,19690,-105371,-80377,-39938,-617,-20734,-49291,-50037,-13164,-991,-5240,44600,77512,56497,-966,-35690,62949,35226,48429,58,26980,-21009,10295,-8356,-2,-30124,18708,22437,8500,-82,-6891,5869,873,1081,-244,810,2750,3345,-953,477,-171,3199,1994,824,154,1120,5478,1183,839,-154,-54,54421,41710,33602,400,8571,60150,56849,52109,359,3416,-10852,-18234,-20331,150,6593,-1665,-3658,-4412,39,1795,-66752,-63736,-26769,-1534,2869,93094,108892,50212,-50,-10741,-75709,-73318,-32959,-920,1752,-71850,-69925,-32806,-810,-128,342049,306115,164729,-23977,10113,854276,863350,112883,-14179,-1786,-99982,-170123,-24235,-1185,9298,-239742,-245065,11419,-7495,2868
201410,1519225,1412234,358984,40971,13972,7513634,6802335,2096679,248273,110928,0,0,0,0,0,0,0,0,0,0,156839,132480,77492,6869,8835,988921,802479,464128,46424,65385,0,0,0,0,0,0,0,0,0,0,85826,79739,41506,2034,1444,395524,349039,193138,10579,16170,0,0,0,0,0,0,0,0,0,0,11991,8869,4542,759,1521,68033,50579,27451,4716,3559,0,0,0,0,0,0,0,0,0,0,42742,36797,30712,1866,1806,289143,233764,199006,12374,23093,0,0,0,0,0,0,0,0,0,0,17880,8803,7943,2256,4160,239655,173850,103174,19012,22690,0,0,0,0,0,0,0,0,0,0,1450335,1385754,338843,36267,6381,7060000,6617204,1958844,214087,59594,0,0,0,0,0,0,0,0,0,0,-5933520,-5337501,-1727967,-204227,-94662,387944,368770,183735,-21970,-17674,-1923023,-1691360,-518392,-65578,-32276,-1772907,-1587392,-515361,-65456,-31307,-832112,-673065,-387573,-38729,-55080,37081,51978,59757,-1482,-21970,-217917,-171191,-98955,-11630,-20185,-235536,-178497,-106213,-12520,-19761,-306430,-266149,-151394,-8328,-14748,47868,80663,56735,-749,-35712,-104263,-94122,-44448,-2784,-3581,-113239,-94344,-47967,-3463,-7660,-54594,-40636,-22446,-3800,-1894,7317,1947,1544,-87,954,-18198,-13890,-7435,-1264,-1851,-19533,-12433,-7014,-1140,-485,-246703,-198268,-170125,-10327,-20557,54119,40409,31771,581,9301,-66552,-50051,-40466,-3133,-8962,-66141,-51736,-43430,-3186,-6610,-225960,-170768,-97154,-16480,-17912,-70937,-69457,-28692,-1258,3487,-30440,-14991,-13319,-4512,-5878,-37212,-20936,-15916,-4801,-5013,-5555620,-5182019,-1612744,-175543,-52237,396094,355546,171986,-21700,11089,-1809737,-1645968,-484201,-56879,-19666,-1645235,-1537923,-478106,-56071,-14713
