"","MonthId","NumTweets_Month1_all","NumDistinctTweets_Month1_all","NumDistinctUsers_Month1_all","NumPopularTweets_Month1_all","NumVerifiedTweets_Month1_all","NumTweets_Month2_all","NumDistinctTweets_Month2_all","NumDistinctUsers_Month2_all","NumPopularTweets_Month2_all","NumVerifiedTweets_Month2_all","NumTweets_Week1_all","NumDistinctTweets_Week1_all","NumDistinctUsers_Week1_all","NumPopularTweets_Week1_all","NumVerifiedTweets_Week1_all","NumTweets_Week2_all","NumDistinctTweets_Week2_all","NumDistinctUsers_Week2_all","NumPopularTweets_Week2_all","NumVerifiedTweets_Week2_all","NumTweets_Month1_allold","NumDistinctTweets_Month1_allold","NumDistinctUsers_Month1_allold","NumPopularTweets_Month1_allold","NumVerifiedTweets_Month1_allold","NumTweets_Month2_allold","NumDistinctTweets_Month2_allold","NumDistinctUsers_Month2_allold","NumPopularTweets_Month2_allold","NumVerifiedTweets_Month2_allold","NumTweets_Week1_allold","NumDistinctTweets_Week1_allold","NumDistinctUsers_Week1_allold","NumPopularTweets_Week1_allold","NumVerifiedTweets_Week1_allold","NumTweets_Week2_allold","NumDistinctTweets_Week2_allold","NumDistinctUsers_Week2_allold","NumPopularTweets_Week2_allold","NumVerifiedTweets_Week2_allold","NumTweets_Month1_opening","NumDistinctTweets_Month1_opening","NumDistinctUsers_Month1_opening","NumPopularTweets_Month1_opening","NumVerifiedTweets_Month1_opening","NumTweets_Month2_opening","NumDistinctTweets_Month2_opening","NumDistinctUsers_Month2_opening","NumPopularTweets_Month2_opening","NumVerifiedTweets_Month2_opening","NumTweets_Week1_opening","NumDistinctTweets_Week1_opening","NumDistinctUsers_Week1_opening","NumPopularTweets_Week1_opening","NumVerifiedTweets_Week1_opening","NumTweets_Week2_opening","NumDistinctTweets_Week2_opening","NumDistinctUsers_Week2_opening","NumPopularTweets_Week2_opening","NumVerifiedTweets_Week2_opening","NumTweets_Month1_posting","NumDistinctTweets_Month1_posting","NumDistinctUsers_Month1_posting","NumPopularTweets_Month1_posting","NumVerifiedTweets_Month1_posting","NumTweets_Month2_posting","NumDistinctTweets_Month2_posting","NumDistinctUsers_Month2_posting","NumPopularTweets_Month2_posting","NumVerifiedTweets_Month2_posting","NumTweets_Week1_posting","NumDistinctTweets_Week1_posting","NumDistinctUsers_Week1_posting","NumPopularTweets_Week1_posting","NumVerifiedTweets_Week1_posting","NumTweets_Week2_posting","NumDistinctTweets_Week2_posting","NumDistinctUsers_Week2_posting","NumPopularTweets_Week2_posting","NumVerifiedTweets_Week2_posting","NumTweets_Month1_opportunity","NumDistinctTweets_Month1_opportunity","NumDistinctUsers_Month1_opportunity","NumPopularTweets_Month1_opportunity","NumVerifiedTweets_Month1_opportunity","NumTweets_Month2_opportunity","NumDistinctTweets_Month2_opportunity","NumDistinctUsers_Month2_opportunity","NumPopularTweets_Month2_opportunity","NumVerifiedTweets_Month2_opportunity","NumTweets_Week1_opportunity","NumDistinctTweets_Week1_opportunity","NumDistinctUsers_Week1_opportunity","NumPopularTweets_Week1_opportunity","NumVerifiedTweets_Week1_opportunity","NumTweets_Week2_opportunity","NumDistinctTweets_Week2_opportunity","NumDistinctUsers_Week2_opportunity","NumPopularTweets_Week2_opportunity","NumVerifiedTweets_Week2_opportunity","NumTweets_Month1_hiring","NumDistinctTweets_Month1_hiring","NumDistinctUsers_Month1_hiring","NumPopularTweets_Month1_hiring","NumVerifiedTweets_Month1_hiring","NumTweets_Month2_hiring","NumDistinctTweets_Month2_hiring","NumDistinctUsers_Month2_hiring","NumPopularTweets_Month2_hiring","NumVerifiedTweets_Month2_hiring","NumTweets_Week1_hiring","NumDistinctTweets_Week1_hiring","NumDistinctUsers_Week1_hiring","NumPopularTweets_Week1_hiring","NumVerifiedTweets_Week1_hiring","NumTweets_Week2_hiring","NumDistinctTweets_Week2_hiring","NumDistinctUsers_Week2_hiring","NumPopularTweets_Week2_hiring","NumVerifiedTweets_Week2_hiring","NumTweets_Month1_hashtags","NumDistinctTweets_Month1_hashtags","NumDistinctUsers_Month1_hashtags","NumPopularTweets_Month1_hashtags","NumVerifiedTweets_Month1_hashtags","NumTweets_Month2_hashtags","NumDistinctTweets_Month2_hashtags","NumDistinctUsers_Month2_hashtags","NumPopularTweets_Month2_hashtags","NumVerifiedTweets_Month2_hashtags","NumTweets_Week1_hashtags","NumDistinctTweets_Week1_hashtags","NumDistinctUsers_Week1_hashtags","NumPopularTweets_Week1_hashtags","NumVerifiedTweets_Week1_hashtags","NumTweets_Week2_hashtags","NumDistinctTweets_Week2_hashtags","NumDistinctUsers_Week2_hashtags","NumPopularTweets_Week2_hashtags","NumVerifiedTweets_Week2_hashtags"
"1",201101,357978,350095,139860,3243,987,0,0,0,0,0,111843,109211,43913,1174,371,121884,119170,48166,1141,334,25062,21543,14821,838,383,0,0,0,0,0,8082,6950,4845,299,111,8489,7197,4992,315,126,7003,5894,4324,279,81,0,0,0,0,0,2357,1953,1441,100,30,2354,1942,1451,85,48,9176,8614,6436,167,60,0,0,0,0,0,3010,2778,2035,67,57,2946,2761,2110,70,0,5876,5133,2553,112,21,0,0,0,0,0,1862,1613,873,45,0,2026,1784,850,39,15,3065,2035,1808,288,221,0,0,0,0,0,880,638,592,90,24,1172,747,676,122,63,339528,335728,129019,2643,624,0,0,0,0,0,105956,104564,40414,961,260,115619,114338,44493,890,220
"2",201102,517689,502355,196109,4916,3866,329821,322661,129166,2976,881,139029,134836,54720,1268,774,157768,152934,56857,1481,1485,35916,29556,20563,1302,926,22894,19698,13532,782,377,10071,8028,5693,328,188,11060,9329,6364,392,137,11415,8858,6297,468,237,6343,5384,3949,263,81,3686,2684,1840,110,24,3603,2864,1962,139,66,11830,11077,8382,201,60,8397,7865,5863,160,60,2908,2709,2125,38,42,3569,3365,2537,65,9,7519,6389,3331,199,98,5387,4716,2343,102,21,1828,1552,858,37,14,2283,1968,993,60,7,5201,3448,2941,438,531,2825,1857,1648,265,215,1660,1136,977,144,108,1628,1198,975,131,55,490944,482859,181425,4071,3140,312999,309569,119282,2419,524,131340,129490,50675,1048,606,149526,146748,52229,1215,1380
"3",201103,122876,118140,51285,1279,1881,528504,512689,200709,5070,4156,1357,935,795,72,238,4454,4020,2921,108,292,8459,6870,4893,324,129,36551,30057,20958,1342,938,129,67,66,14,0,351,239,217,28,42,2943,2284,1561,129,54,11725,9094,6447,480,237,27,18,17,2,0,133,92,85,16,9,2543,2403,1929,29,3,11848,11097,8449,202,60,26,24,24,0,0,86,79,76,2,0,1811,1495,811,54,49,7680,6524,3413,211,110,45,17,17,6,0,92,47,37,6,33,1175,747,689,113,23,5347,3558,3036,453,531,31,8,8,6,0,40,26,25,4,0,116591,113661,47830,1074,1800,501337,492904,185776,4202,3430,1249,886,747,61,238,4191,3867,2775,89,250
"4",201104,360017,347848,143118,3759,4290,122876,118140,51285,1279,1881,97477,95635,40457,666,269,100956,97243,42050,1185,1139,23016,18375,13741,954,1097,8459,6870,4893,324,129,5811,5106,3891,179,67,6774,5171,4023,296,316,7058,5255,3979,397,457,2943,2284,1561,129,54,1538,1332,1032,83,31,2203,1477,1178,127,197,8038,7443,5718,93,135,2543,2403,1929,29,3,2320,2217,1764,10,0,2371,2195,1698,33,33,4381,3625,2271,127,106,1811,1495,811,54,49,1168,1017,624,23,12,1116,891,610,32,35,3591,2203,2032,342,399,1175,747,689,113,23,800,584,536,65,24,1092,646,598,105,51,342306,335307,133146,3165,3301,116591,113661,47830,1074,1800,93036,92118,37613,564,206,95643,93579,39047,1000,867
"5",201105,242271,236293,108367,1515,1245,364864,352613,145264,3791,4288,35931,34175,19606,440,318,62032,60467,28144,386,334,15576,13130,9956,396,440,23298,18616,13939,965,1097,2532,1986,1574,90,52,4119,3447,2604,114,140,4266,3478,2718,147,92,7135,5309,4030,405,457,663,426,347,17,3,1107,855,700,37,53,5539,5183,4124,39,24,8154,7554,5814,94,135,799,745,629,10,6,1429,1319,1038,12,0,3469,2982,1828,44,56,4423,3671,2299,126,106,635,557,357,9,3,980,857,495,12,12,2408,1588,1448,168,268,3638,2235,2059,345,399,504,278,267,55,40,609,433,404,53,75,229980,227486,101209,1250,864,346955,339915,135160,3195,3299,33790,32825,18451,363,270,58692,58153,26239,302,225
"6",201106,172680,162583,82772,2460,2476,242271,236293,108367,1515,1245,50205,47457,23555,784,581,47976,45109,22742,626,701,11823,9053,6943,445,468,15576,13130,9956,396,440,3961,3210,2381,166,101,2949,2227,1784,94,269,3068,2130,1674,85,90,4266,3478,2718,147,92,1012,831,620,28,33,679,494,413,12,13,4145,3841,2987,50,57,5539,5183,4124,39,24,1595,1490,1042,24,9,1015,946,772,13,18,2464,1984,1284,92,81,3469,2982,1828,44,56,656,515,382,35,29,654,523,347,23,46,2186,1174,1117,222,240,2408,1588,1448,168,268,706,389,368,81,30,624,284,280,48,192,162890,156134,77552,2108,2088,229980,227486,101209,1250,864,47067,45153,21800,657,524,45506,43496,21371,546,448
"7",201107,305180,288543,142091,4169,2929,175159,164884,83328,2505,2570,108384,103181,46579,1399,703,84190,79159,38796,1135,787,24964,20316,14894,798,1052,12070,9248,7087,455,520,8727,7522,5322,246,212,7478,5771,4126,188,319,6641,5425,3927,162,125,3135,2185,1732,86,93,2471,2084,1412,50,30,1804,1432,1027,31,20,9900,9359,6624,109,81,4311,4003,3083,54,57,3699,3477,2407,35,33,2848,2683,1839,32,30,4436,3580,2583,175,215,2419,1951,1273,92,85,1450,1240,849,49,37,1348,1104,772,40,17,4046,2078,1958,361,635,2245,1182,1119,227,285,1130,773,726,115,112,1497,584,542,88,252,285198,274304,131331,3533,2053,165206,158310,78018,2143,2134,101442,97978,42761,1202,515,78063,75138,35808,982,484
"8",201108,418764,401293,172008,5009,3321,312843,295856,145087,4263,2891,113315,108221,46011,1451,1052,137626,132801,51628,1505,1143,34029,29121,19071,1051,1250,25649,20927,15311,827,1030,10263,9102,4940,307,291,10360,8882,6062,300,490,11300,9892,5427,246,471,6862,5633,4064,171,125,4556,4333,1445,66,73,2822,2375,1729,83,178,12239,11458,7856,131,216,10077,9510,6714,110,93,2931,2693,1961,38,75,4183,3954,2554,42,27,5988,5020,3290,200,130,4618,3736,2686,183,208,1638,1370,866,66,58,1979,1731,1055,54,33,4645,2983,2797,490,497,4155,2182,2050,372,608,1160,781,745,139,85,1417,889,822,129,268,393634,383128,158630,4160,2195,292307,281232,134054,3605,2033,107190,103798,42630,1205,813,129191,126663,47316,1259,693
"9",201109,454332,428201,177489,6069,10199,418764,401293,172008,5009,3321,110741,105277,44274,1542,1392,116807,110577,46293,1544,2240,37193,31423,18447,1055,1995,34029,29121,19071,1051,1250,8223,6500,4407,278,504,8795,7223,4769,256,790,13249,12137,4880,245,347,11300,9892,5427,246,471,2329,2108,1189,57,54,2298,2147,1216,43,7,12115,11245,7705,127,330,12239,11458,7856,131,216,2941,2622,1806,37,192,3193,2868,1980,37,185,6671,5721,3725,163,245,5988,5020,3290,200,130,1375,1133,825,41,87,1860,1622,1048,44,65,5231,2577,2438,529,1073,4645,2983,2797,490,497,1602,676,637,146,171,1461,653,617,134,533,429419,410520,164574,5242,8543,393634,383128,158630,4160,2195,104356,100985,41134,1324,956,110334,106048,42988,1348,1593
"10",201110,347201,326600,151463,4938,8950,451362,425680,175917,5871,10068,88881,82770,39634,1340,3346,94362,89080,40773,1409,1888,25212,20085,14040,890,2500,36147,30497,18040,1008,1966,6941,5248,3824,266,904,6753,5257,3732,288,678,7927,6949,3940,206,372,12515,11425,4664,230,339,1945,1708,1043,60,86,2149,1792,1101,85,153,8449,7903,5667,83,155,12075,11213,7663,125,330,2319,2098,1529,30,78,2064,1962,1395,26,32,4055,3204,2535,179,165,6548,5635,3662,155,239,1130,835,691,58,99,1106,872,657,49,13,4828,2159,2050,429,1808,5080,2476,2344,507,1058,1559,653,607,120,641,1445,663,615,129,480,328168,313432,141362,4236,6637,426855,408268,163251,5083,8445,83563,79267,36903,1132,2478,89152,85580,38087,1180,1313
"11",201111,299933,287312,135869,3048,5007,347201,326600,151463,4938,8950,94573,92265,40615,512,350,75495,73260,34918,527,439,20863,17789,12225,563,1124,25212,20085,14040,890,2500,6675,6089,3807,85,137,4460,4004,2837,86,106,7265,6185,3431,131,599,7927,6949,3940,206,372,2380,2252,1021,15,45,1357,1202,786,24,51,7574,7158,5076,75,132,8449,7903,5667,83,155,2531,2419,1611,11,15,1854,1788,1246,8,9,3272,2699,2136,116,83,4055,3204,2535,179,165,1024,880,668,25,28,763,640,485,21,18,2803,1901,1732,246,310,4828,2159,2050,429,1808,749,617,557,34,49,496,393,358,33,28,284609,275700,127050,2604,3983,328168,313432,141362,4236,6637,89919,88414,37862,447,241,71991,70446,32828,458,349
"12",201112,565176,551947,219307,2866,1838,285532,273731,131784,2759,4524,143112,140157,56144,734,421,192037,187498,69460,896,680,37419,34373,21708,366,624,19599,16739,11580,513,1057,9859,9224,5384,81,135,12163,11104,7200,117,275,10983,10163,5627,82,270,6819,5760,3209,123,599,3028,2871,1231,16,62,3442,3104,1879,31,133,16367,15792,9741,53,80,7195,6833,4906,70,99,4524,4426,2720,12,12,5618,5421,3354,22,24,6728,5673,3982,93,192,3080,2540,2000,106,87,1583,1329,925,19,41,2100,1751,1275,29,85,3419,2965,2650,139,82,2553,1752,1602,218,272,745,653,577,34,20,1028,892,788,36,33,535695,527767,203177,2571,1350,271052,262769,123385,2348,3563,135730,133865,52031,667,322,182022,179330,63981,801,449
"13",201201,922463,889751,297687,6950,8331,565472,552230,218505,2871,1844,248282,227017,85569,4214,6359,232473,226598,82754,1505,1065,61590,51038,31114,1259,3566,37517,34434,21684,360,627,23299,16405,9913,862,2572,16344,14598,9229,196,512,16729,15116,8143,234,486,10932,10108,5593,82,272,6094,5314,2733,167,238,4580,4198,2494,33,104,22966,22053,13017,151,127,16502,15933,9796,53,80,6963,6492,3769,110,72,6382,6174,3586,21,27,11183,8796,5699,303,755,6801,5698,3982,92,193,3489,2702,1811,179,174,3215,2495,1742,57,339,10846,5450,4717,576,2198,3357,2914,2604,134,82,6798,2017,1754,411,2088,2205,1847,1562,85,42,873771,854979,274852,5933,5161,535842,527929,202364,2582,1357,229825,216381,78465,3491,3935,219598,216314,76044,1358,649
"14",201202,931765,858966,323177,17323,13656,889830,864854,288673,5961,5924,241749,225068,84951,4566,3465,228366,214916,79856,3937,2192,83535,62554,38000,4293,3619,58852,49099,29921,1077,3323,21860,15337,9516,1174,1103,19344,14939,9468,1089,708,26188,20183,10823,965,1332,15757,14428,7705,193,351,6234,4599,2577,249,300,5708,4600,2741,228,238,23981,22212,13538,488,246,22598,21757,12842,126,124,5868,5477,3376,123,66,6097,5553,3401,134,93,17174,12935,7586,988,530,10501,8210,5390,268,738,4554,3375,1947,253,122,4191,3114,1864,294,159,16491,7776,6744,1883,1530,10125,5067,4428,494,2110,5273,2062,1822,554,619,3401,1815,1641,438,218,866876,819935,296206,13675,10643,843247,831029,266566,5106,2985,224473,215330,78221,3569,2529,213085,205140,73116,3014,1676
"15",201203,966345,879747,336267,15802,16601,939930,865019,324735,17386,14312,237372,211649,80108,3647,3662,246615,221458,82979,3961,4666,96289,74607,37825,4025,5971,83736,62220,38014,4346,3780,27250,21356,8872,956,1686,26811,21787,9355,942,1865,22402,17446,10570,898,1871,25767,19741,10789,985,1356,5720,4005,2374,209,361,5593,4176,2505,212,707,21563,19727,12796,464,283,23747,22003,13503,498,255,4417,4147,2903,109,18,5175,4841,3231,91,63,36159,30106,8358,1019,1920,17656,13218,7622,995,523,13897,11674,2223,266,995,12252,11226,2215,239,394,16453,7971,6886,1665,1917,16859,7805,6773,1898,1665,3268,1683,1553,374,316,3829,1682,1568,402,701,886329,844121,310642,12391,11077,874302,826080,297772,13676,11134,213842,203851,74163,2855,2067,223514,212709,76649,3171,2885
"16",201204,938085,826700,319654,16391,12920,966345,879747,336267,15802,16601,265427,227588,90586,5560,3882,250405,215692,84650,4446,4562,105589,83379,36006,4170,5452,96289,74607,37825,4025,5971,31663,25198,10813,1370,1659,30280,23592,9936,1178,2091,21264,16111,9716,855,1606,22402,17446,10570,898,1871,6093,5044,2956,239,227,6019,4217,2751,302,837,20169,17716,12193,487,841,21563,19727,12796,464,283,6111,4962,3450,164,622,5890,4745,3238,130,620,49087,42914,8420,1069,1750,36159,30106,8358,1019,1920,14906,13141,2680,384,548,13972,12860,2393,285,287,15867,7171,6354,1802,1322,16453,7971,6886,1665,1917,4639,2216,1949,594,280,4481,1911,1735,474,361,847384,794221,295401,12930,7992,886329,844121,310642,12391,11077,238476,217899,83347,4431,2420,224019,206887,78031,3473,2691
"17",201205,1109993,969447,351381,20680,20365,953648,841278,325981,16960,12622,240121,203967,81378,5736,4573,337940,297372,90739,5658,4529,134551,100079,40030,5399,9566,106446,84570,36991,4331,4858,34992,24720,9842,1540,1730,31328,25051,9943,1370,1128,39198,27311,11906,1080,4827,21845,16651,10042,868,1601,10701,7358,2954,306,296,8498,7634,3012,226,203,19612,17321,11794,595,666,20432,17931,12339,500,844,4578,4062,2793,146,100,4615,4029,2825,173,153,56149,48130,9974,1380,1307,48235,43086,8707,1111,959,14237,11310,2470,393,487,13677,11550,2455,356,255,19900,7910,7153,2384,2802,16743,7461,6613,1897,1521,5558,2149,1814,704,847,4652,1995,1843,629,553,991287,934742,325334,16110,11337,862591,808066,301124,13346,8296,209581,195421,75031,4472,3055,310289,289067,84364,4481,3475
"18",201206,902957,794516,318843,15381,12669,1109993,969447,351381,20680,20365,216745,190723,77793,3835,3869,231730,207819,83911,3651,2167,113728,92616,35525,3951,4652,134551,100079,40030,5399,9566,29417,22753,8800,1018,2302,27836,23700,8954,940,473,32782,25713,10257,816,2398,39198,27311,11906,1080,4827,10172,6509,2785,324,1898,7230,6399,2557,159,136,17053,15437,10625,402,319,19612,17321,11794,595,666,3927,3585,2471,87,46,4317,3904,2728,115,78,48951,44924,9081,1020,656,56149,48130,9974,1380,1307,12067,11151,2244,251,124,12553,11740,2269,249,115,15260,7049,6202,1743,1294,19900,7910,7153,2384,2802,3315,1609,1437,362,249,3823,1787,1560,425,144,802716,764166,295944,12071,8574,991287,934742,325334,16110,11337,190352,183312,72149,2971,1711,207043,200210,78193,2883,1799
"19",201207,885631,787939,322814,15144,11209,875303,772260,310870,14598,11846,238913,215078,88805,3977,2252,239726,211053,86344,4276,3658,108731,84407,36941,4168,4832,108875,90352,34397,3696,4274,27678,22577,10390,1138,820,33442,23210,10585,1287,2031,33158,26169,10922,872,1783,30995,24843,9893,757,2321,8182,7257,3051,185,263,12092,7342,3244,359,1188,18653,15066,11194,508,597,16575,15036,10346,383,313,4964,4030,3085,172,92,5881,4531,3259,148,61,41157,36482,9009,982,918,47605,44230,8846,966,583,10484,9350,2567,268,99,10583,9361,2425,266,305,16071,7239,6490,1841,1554,14008,6733,5928,1618,1072,4132,2106,1892,522,366,4973,2164,1885,522,477,789563,757442,298872,11572,7203,778666,742938,288760,11497,8070,214575,206414,82002,2992,1623,210171,202206,79419,3174,2015
"20",201208,1122440,1039910,406080,23589,22829,911426,812131,332558,15609,11744,296136,274905,106311,7195,8356,285527,269879,103826,6591,3467,97594,69034,41746,5637,9923,110837,85929,38081,4318,5064,22612,15317,10347,1598,2938,20561,15309,10201,1473,1363,28554,20969,11792,1139,3243,34059,27006,11319,902,1816,5492,4260,2718,288,621,5045,4402,2836,302,168,24002,20881,13089,668,1049,19075,15433,11410,525,615,6466,5916,3373,189,228,6510,5699,3249,144,228,22006,17416,8387,1240,1189,41392,36458,9233,1028,1051,3374,2478,1921,317,323,3650,2690,1912,315,222,23444,10199,9061,2634,4530,16635,7601,6821,1901,1602,7450,2747,2450,824,1850,5439,2613,2328,723,749,1043273,998337,376927,19096,14128,813841,780516,307819,11913,7538,278816,264092,99059,5964,5876,269740,259085,96625,5461,2355
"21",201209,1168664,1021237,391712,27738,23461,1122440,1039910,406080,23589,22829,308053,273743,103997,7467,4918,291206,251551,96719,7114,4635,135123,98698,44636,6388,11659,97594,69034,41746,5637,9923,37570,30629,12698,1672,1559,39261,27745,11602,1750,2267,40818,32404,13310,1349,4337,28554,20969,11792,1139,3243,11422,10426,3994,348,173,12192,9226,3598,395,965,27468,21841,13629,729,1028,24002,20881,13089,668,1049,7228,6518,3840,208,258,9682,5915,3556,218,391,41021,35208,9865,1683,1366,22006,17416,8387,1240,1189,12561,11201,2754,435,343,12428,10419,2561,477,313,26406,9777,8589,2685,5221,23444,10199,9061,2634,4530,6435,2648,2348,689,785,5098,2330,2089,680,655,1053357,978426,361967,22471,15132,1043273,998337,376927,19096,14128,275173,261453,95701,6071,3513,256169,240170,89028,5659,2570
"22",201210,1320909,1155244,430294,32531,25763,1174088,1024508,392842,27996,23530,344291,302599,109874,7849,6087,348350,295276,107172,8657,9905,170287,122610,52644,7923,13531,137596,101367,45381,6506,11638,43612,31918,13699,1909,3258,50354,27277,13056,2224,6658,62874,43576,16723,1714,4849,41942,33456,13603,1374,4351,14423,11261,4305,380,526,26174,11228,4444,653,4035,31129,25021,15774,944,1720,27835,22161,13795,747,1030,8199,6205,4004,228,634,8750,6312,3990,224,506,51370,43622,11301,2092,2587,42354,36424,10082,1715,1412,13763,11744,3094,551,528,9010,7247,2574,514,662,25194,11114,9844,3214,4385,26044,9878,8679,2726,5138,7280,2904,2560,759,1570,6512,2686,2340,848,1465,1170423,1106830,396842,26019,13750,1056396,981022,362653,22625,15222,305605,290196,101256,6280,3169,303469,283454,99000,6805,3761
"23",201211,1217174,1041604,386205,30568,21798,1320909,1155244,430294,32531,25763,274917,248719,92975,6690,2938,324929,287139,102763,8462,4688,153962,104078,47859,7338,6963,170287,122610,52644,7923,13531,27640,21302,10567,1607,1194,35857,27997,12697,2089,2074,44666,37320,14404,1373,1113,62874,43576,16723,1714,4849,9298,8290,3116,264,140,10787,9508,3726,369,390,24948,21232,14423,992,1163,31129,25021,15774,944,1720,5505,4693,3258,214,281,5991,5097,3647,257,402,42159,35835,10694,2014,1564,51370,43622,11301,2092,2587,7810,6245,2412,508,265,12341,10690,2962,580,388,42461,10394,9259,2999,3135,25194,11114,9844,3214,4385,5113,2225,1987,632,508,6811,2886,2609,901,906,1080486,998571,355053,24481,15758,1170423,1106830,396842,26019,13750,251301,239029,86002,5371,1988,293907,275986,94401,6729,2986
"24",201212,1087385,954874,345921,23413,16094,1197429,1023752,379061,29744,21398,266659,244184,87818,4026,3323,291703,263261,95642,6320,4969,120705,99566,43782,5218,7915,149036,100153,46465,7003,6913,29653,25811,10827,949,1769,34559,28809,12663,1350,2493,37878,33293,12937,978,1657,43153,35939,13900,1296,1132,8842,8216,3086,152,200,11238,9580,3855,264,815,21965,19414,13104,670,1016,24450,20793,14140,921,1238,5338,4869,3456,131,134,6065,5273,3685,216,386,42855,37675,9959,1608,1962,40082,34021,10353,1938,1509,11660,10602,2490,260,491,12744,11413,2924,399,484,18427,9919,8712,2010,3343,41616,10077,8956,2886,3046,3945,2322,2041,422,974,4644,2763,2466,487,824,982668,915141,317434,19106,9831,1065080,981859,348710,23925,15388,240579,234565,80849,3258,1886,261601,252024,87361,5191,2876
"25",201301,1066734,969415,350783,16153,16474,1083362,953954,345066,22993,15817,316063,286699,103006,5437,5731,311255,281176,103630,5334,4928,130792,111219,46687,4528,8914,120660,99851,43677,5181,7722,38924,32311,14028,1526,3007,40471,34195,14793,1556,2731,38930,34864,13274,801,1962,37744,33226,12921,967,1608,11143,9618,3788,247,979,12836,11703,4323,285,453,25066,22585,13268,611,1125,21678,19291,13081,664,872,8397,7236,3982,231,606,7170,6371,3894,212,329,48981,43767,11397,1173,2426,43382,38226,9953,1604,1962,13534,12134,3361,359,525,14499,12812,3643,395,685,18283,10874,9852,1982,3405,18278,9847,8658,1994,3343,6015,3603,3228,703,897,6097,3592,3303,677,1264,951400,925772,320361,12431,8934,978589,914390,316664,18718,9743,281759,272999,93815,4164,3069,275559,267924,93979,4053,2520
"26",201302,1222799,1098025,402563,27320,28934,1020226,930332,335911,14776,14143,315456,279430,104845,8645,10512,312092,279209,103330,7977,8189,156143,123890,55404,6777,18474,121778,104576,43852,4074,7634,41870,30051,14594,2040,7770,39011,31336,13895,1844,4454,44033,38672,14861,1206,2933,36274,33084,12446,730,1243,10971,9797,3737,350,440,11612,9984,3869,386,1034,30419,25394,15409,1020,3111,23526,21607,12841,527,740,7548,5360,4056,345,1674,6878,6248,3695,189,250,52354,45881,12998,1665,2857,45849,40833,10604,1084,2499,12389,10857,3301,495,447,13399,11703,3305,492,878,29971,14938,13373,2949,9680,16561,9861,8985,1773,3166,11156,4285,3819,870,5275,7285,3645,3333,797,2323,1086143,1047339,366768,21743,12244,912795,889295,307264,11444,7801,278984,267689,95557,6964,3193,278300,266611,94516,6498,4366
"27",201303,1124224,1007981,399511,33689,21228,1217879,1093059,401339,27629,29030,270934,242385,99125,8508,4370,275589,246545,98364,8622,6130,135092,109960,54832,7317,10226,155310,123036,55080,6811,18609,33115,27509,13261,1792,1891,33314,26783,13426,1855,3149,39939,35303,13638,1220,1641,43890,38501,14790,1225,2946,9411,8456,3254,261,317,9905,8317,3289,348,753,21876,18867,13934,1051,1080,29977,24932,15199,1042,3136,5337,4663,3395,277,148,5484,4711,3363,209,398,46000,38771,12121,2269,3133,52122,45636,12944,1676,2893,12134,10394,3063,599,577,11236,9453,2934,648,795,28068,18161,16452,2857,4492,29951,14950,13369,2932,9749,6421,4296,3889,675,874,6881,4576,4154,667,1203,1013779,967480,367276,28002,12568,1082234,1043097,365944,22059,12235,243541,232499,91323,7103,2817,248111,236438,90467,7080,3206
"28",201304,1162107,1039591,413749,32914,22923,1124224,1007981,399511,33689,21228,356998,322450,124800,9062,5817,360996,324650,125094,9051,6050,144131,117811,55102,7458,11295,135092,109960,54832,7317,10226,43043,36117,16901,2080,2587,44716,37474,17107,2017,2952,44427,38880,14392,1283,2752,39939,35303,13638,1220,1641,13179,11915,4265,315,472,14314,12440,4439,347,1037,21300,18267,13847,942,1100,21876,18867,13934,1051,1080,6459,5540,4233,280,311,6615,5610,4320,264,370,53169,45856,13885,2679,2517,46000,38771,12121,2269,3133,16178,14003,4383,777,803,16636,14726,4257,723,555,25660,15844,14220,2601,4942,28068,18161,16452,2857,4492,7375,4951,4385,727,1005,7282,5025,4499,697,990,1039784,995786,378589,26889,13374,1013779,967480,367276,28002,12568,320842,308960,114037,7421,3769,322629,310826,113918,7369,3620
"29",201305,1372302,1216355,467515,37379,47180,1190576,1066460,423722,33545,23509,333338,295127,116480,8951,12350,352578,306044,115604,10065,13940,166859,136719,62879,8033,14099,146735,120102,56669,7600,11497,42771,35727,16070,2153,2676,44881,37092,16392,2188,3461,51799,46489,15636,1226,2728,45559,39924,14849,1317,2769,13328,12054,3947,318,660,13016,11990,3832,285,357,25113,21492,16047,1056,1466,21774,18653,14146,959,1150,6192,5236,3878,262,411,6633,5650,4125,266,432,59314,50295,14919,2850,3707,53338,46141,14188,2682,2542,15682,13490,3924,800,514,16535,14473,3981,856,525,31250,19639,17721,2960,6211,26512,16463,14776,2692,5052,7698,5186,4636,792,1099,8845,5295,4809,795,2147,1232327,1167117,427713,30869,35751,1066383,1021386,387541,27423,13881,297548,282698,106430,7169,10179,314709,293225,105294,8272,11134
"30",201306,1155751,1026495,415343,33769,51997,1372302,1216355,467515,37379,47180,261434,237134,96438,9048,13070,282987,251904,105078,9209,14145,138779,111995,58210,7690,11820,166859,136719,62879,8033,14099,25506,19169,13891,1779,2851,33271,25534,14691,2207,3772,42655,35250,14457,1457,4268,51799,46489,15636,1226,2728,7014,5026,3412,362,1224,10392,7937,3704,452,1551,22088,18959,14333,1096,932,25113,21492,16047,1056,1466,5203,4550,3447,254,185,5822,4791,3552,391,459,45178,39056,12980,2440,1687,59314,50295,14919,2850,3707,6314,4916,2888,524,322,9698,8005,3210,684,510,29354,19669,17617,2738,4965,31250,19639,17721,2960,6211,7072,4874,4393,642,1124,7490,5029,4506,688,1268,1042756,982586,378963,27554,41736,1232327,1167117,427713,30869,35751,242592,226805,87698,7628,10618,256410,240678,95678,7476,10823
"31",201307,1104147,996854,403826,37808,52507,1150620,1022755,414668,34068,52200,290356,256673,105299,12834,15360,289454,260388,106292,11380,12070,118179,83440,59631,8358,17263,137420,110389,58400,7742,12025,32927,22544,16151,2784,4839,31825,22693,16312,2574,3643,28532,22602,14953,1361,2802,42073,34550,14494,1464,4349,7921,6476,4292,508,470,8403,6279,4258,425,1111,28892,19184,13829,1928,6754,22076,18949,14329,1094,952,7995,5236,3830,496,1903,6214,5013,3576,654,233,28882,21656,13174,2181,2459,44140,38007,12994,2449,1719,8055,5810,3591,776,604,8092,5906,3705,665,743,32993,21534,19364,3011,5414,29620,19819,17754,2774,5037,9334,5557,4994,1052,1862,9611,5968,5302,883,1703,1015677,951514,366202,31884,37270,1039379,978803,378180,27831,41786,265157,244159,95030,10670,11184,265839,247882,96008,9573,8959
"32",201308,1252846,1069354,441609,82876,58106,1104385,996075,403511,38323,52187,321495,275757,113119,21363,13853,316180,270282,111036,21310,13389,141404,86503,61130,15689,23492,118761,83727,59761,8460,17273,35573,21621,15326,3946,6387,33821,20616,14692,3618,5355,37634,25723,16478,3070,6480,28705,22823,15016,1381,2752,8912,6620,4247,739,966,10186,6251,4077,790,2412,25268,18953,12385,2648,1716,28967,19222,13828,1951,6717,6445,4843,2965,756,445,5508,4281,2790,595,270,37130,21537,13648,4430,7437,29159,21678,13234,2215,2647,9853,5116,3407,1161,2623,7619,4997,3144,860,998,43434,22762,20753,5792,7927,33103,21580,19402,3040,5323,10976,5686,5222,1415,2373,11024,5673,5189,1435,1731,1146142,1022746,403447,70372,38642,1015373,950514,365776,32324,36944,294991,264059,103531,18226,8812,290713,259259,102001,18476,9088
"33",201309,1362846,1153792,460140,93975,58285,1252846,1069354,441609,82876,58106,385011,322987,128972,26454,16097,382246,319721,126063,27242,16169,152067,93955,58551,15647,27473,141404,86503,61130,15689,23492,45499,29122,15951,4248,8033,45866,28949,16442,4890,7528,48499,36570,16385,3090,6684,37634,25723,16478,3070,6480,15812,13541,4562,823,796,16662,12783,4676,996,2200,23010,16944,10556,3044,1193,25268,18953,12385,2648,1716,6635,4670,2775,957,367,6369,4662,2909,881,292,36524,19686,12986,3754,8826,37130,21537,13648,4430,7437,11040,5081,3538,1009,3820,10357,5724,3628,1116,2117,45756,22108,19997,5979,11413,43434,22762,20753,5792,7927,12394,6137,5414,1512,3197,13032,6115,5595,1952,3227,1243611,1109514,423844,81746,33242,1146142,1022746,403447,70372,38642,348390,310904,119127,23073,8621,345674,307281,115835,23461,9196
"34",201310,1473643,1252123,495873,95828,56239,1392656,1177834,469925,96214,59342,376161,324369,129505,19264,16785,375175,317110,127125,23953,17224,161112,104740,56747,15451,26831,156701,97064,60134,16132,27958,44349,27971,15222,3996,8869,44383,26375,14257,3974,10375,60200,49172,16344,2843,5704,50239,38107,16789,3171,6780,17342,13026,4407,678,2913,15792,12425,4083,657,2036,23997,17221,11552,3359,1647,23661,17342,10829,3127,1284,7137,5227,3648,925,627,6599,4692,3200,968,431,32958,19646,12399,3323,6567,37685,20309,13432,3881,9041,9529,4985,3155,862,2803,9054,4771,3039,808,2603,44940,19926,17769,6113,13011,46808,22645,20477,6171,11496,10588,5083,4386,1567,2526,13203,4787,4266,1581,5359,1345644,1211531,462675,83847,32730,1269407,1132289,432600,83573,33705,340579,313709,120894,16156,8384,339482,307194,119021,20978,7487
"35",201311,1449559,1275627,494227,69406,53484,1473643,1252123,495873,95828,56239,372835,328520,129064,18098,14047,360574,320667,120198,16836,10525,176704,123849,62493,13562,27044,161112,104740,56747,15451,26831,49666,36553,16937,3468,6976,47333,36728,15936,3262,3785,59079,49346,18672,2672,5131,60200,49172,16344,2843,5704,16588,13107,5208,753,2341,14462,12333,4788,588,1092,36341,31725,10016,2223,1035,23997,17221,11552,3359,1647,13371,12256,2599,548,199,14565,13458,2322,612,151,36813,25146,19181,3219,5818,32958,19646,12399,3323,6567,9618,6718,5447,839,1479,8745,6483,5378,778,784,45387,18684,16606,5594,15255,44940,19926,17769,6113,13011,10370,4731,4257,1370,3065,9777,4677,3994,1322,1822,1333085,1237359,463289,58905,29580,1345644,1211531,462675,83847,32730,344036,318692,121139,15447,8219,335453,311629,113069,14446,7402
"36",201312,1436129,1273673,510229,67630,44948,1429142,1258753,487353,68129,52148,376128,337037,134194,16643,10319,394269,347939,141471,18840,13645,152183,109840,60211,12071,19299,173727,122207,61499,13211,26053,35530,25804,14614,2925,4304,41974,28880,16883,3484,6413,60401,49917,18567,2525,6275,57738,48443,18297,2557,4897,15111,13122,4763,579,818,18132,13903,5313,811,2888,21164,17249,7900,1730,1149,35969,31455,9747,2181,1011,3203,2231,1611,364,354,4114,3126,2107,466,255,38020,27182,21375,3055,5603,36355,24991,19176,3157,5698,9578,6651,5292,786,1860,10608,7511,5961,871,1540,33350,16485,14744,4855,6358,44557,18329,16254,5458,14642,7811,4041,3546,1214,1288,9298,4600,4172,1358,1738,1333521,1240239,483423,58189,28027,1315622,1221514,457306,57952,29187,351313,328854,127669,14322,6626,364561,338312,133662,16074,7844
"37",201401,1529716,1323585,532185,80101,59650,1436979,1275350,510835,67578,44894,411947,352544,144285,23539,19312,447171,377299,151886,24662,23012,175757,108999,62418,15510,33670,151238,109525,60079,11969,19307,47626,24711,17352,4931,12085,58188,33484,18696,5173,13682,61078,44124,19565,3141,11882,60240,49787,18587,2534,6272,15594,7510,5175,1054,6405,20095,12457,5922,1061,6080,23944,19130,7467,2006,1067,20925,17031,7794,1713,1149,5806,4108,2606,692,330,9393,7874,2406,616,352,40530,27008,20184,3607,6238,38105,27305,21419,3024,5623,11422,7255,4717,1094,1820,12364,7366,5512,1186,2458,51100,19852,17225,6882,14663,32715,16391,14647,4790,6349,15146,6184,5220,2129,3686,16584,6153,5397,2346,4800,1402779,1283840,499873,67577,29532,1335202,1242086,484194,58228,27914,373902,339863,134006,19450,8275,404818,364515,141388,20402,10636
"38",201402,1697930,1463581,554132,97058,74295,1505145,1305703,523522,77524,58100,466952,400207,134907,25507,22071,436433,380127,139898,24912,18170,179457,101480,66416,18882,34577,171835,107835,60738,14760,33158,56844,30941,17337,4908,12376,42444,25443,17329,4744,7305,41447,27909,18317,3425,7907,61610,45046,19247,3024,11635,11086,7078,4711,841,2446,10837,7114,4839,1004,2287,32510,24062,10654,2802,2037,22944,18476,6988,1859,1032,13767,10725,2807,687,409,8707,6893,3168,671,613,49053,27454,18489,4482,10946,39908,26540,20145,3487,6592,16489,7421,4805,1222,5561,9873,5971,4550,1092,1786,57848,23414,20396,8365,14165,48247,18843,16401,6511,14079,15871,6047,5359,2200,4146,13396,5842,5166,2025,2735,1564423,1416084,516121,81482,43892,1382153,1267830,492727,65695,28462,427039,388401,125353,21543,11624,405626,367789,129660,20943,11565
"39",201403,1940093,1664471,598984,101915,69810,1679233,1449224,546153,95625,73070,544704,450198,161514,26672,15937,536352,458415,162751,27878,21273,224244,151394,70259,18887,33768,176001,100072,64819,18336,33959,73594,53952,19842,5330,8112,69988,49106,19711,5278,9684,71463,57239,19602,3594,8060,40571,27238,17838,3370,7964,28313,25142,5600,969,1374,27256,21688,5694,1093,3594,47521,41341,10227,2655,1482,32610,24444,10351,2696,1976,14861,13320,2940,749,277,14745,12830,2873,774,331,50701,32574,22797,4542,9241,48204,26906,18154,4364,10963,14459,9764,6466,1262,2165,13884,9282,6476,1226,2086,56088,21607,19130,8293,15376,55997,22790,19865,8093,13534,16304,6131,5261,2408,4336,14526,5687,5092,2238,3781,1782498,1616964,561788,86639,39806,1549362,1403119,509297,80533,43152,490851,436130,150967,22275,8645,486426,445126,152282,23607,12930
"40",201404,2104953,1803183,640084,101820,61664,1940093,1664471,598984,101915,69810,535675,462603,159032,23564,14044,559110,480719,168154,26486,17185,249428,172417,71467,19602,35403,224244,151394,70259,18887,33768,60704,42458,17350,4711,7081,65449,43315,18479,5269,11246,119092,101496,20014,3838,11118,71463,57239,19602,3594,8060,30703,27341,4817,886,1826,33479,26730,5117,997,5029,25837,19166,9580,2629,2225,47521,41341,10227,2655,1482,4669,3149,2316,590,492,5018,3392,2413,669,415,48563,30517,23809,4554,8999,50701,32574,22797,4542,9241,11634,7011,5950,1187,2509,12092,7495,6085,1240,2242,57195,22545,19532,8766,13256,56088,21607,19130,8293,15376,14023,5332,4676,2095,2315,15218,6043,5239,2415,3588,1903338,1754119,602144,85976,30019,1782498,1616964,561788,86639,39806,485793,451302,150089,19903,8127,504652,468027,158160,22234,6903
"41",201405,2137708,1832477,629718,116121,61349,2108882,1812562,641828,101709,61351,572909,498459,156743,29463,15232,523746,444414,157318,30146,15902,236514,167997,69878,19311,31258,247133,170621,71129,19475,35124,65327,48350,17649,4618,8057,56944,39311,17014,4832,9004,110451,96748,19445,3935,7489,118847,101218,19956,3810,11197,27301,23517,4873,921,2361,27608,24061,4740,1001,2071,17727,12569,9132,2164,1422,24730,18038,9483,2619,2273,3878,2956,2187,399,173,4193,2939,2134,566,294,46344,28540,23291,4844,9337,48040,30211,23685,4503,8854,11686,7236,5795,1172,2565,11880,7183,5838,1209,2786,63438,31413,19578,8528,13553,56774,22466,19482,8724,12999,23144,14958,5247,2188,3434,13549,5447,4718,2097,3874,1956386,1787582,593770,101244,35775,1908659,1764018,604123,86014,30059,529376,487832,148326,26048,8744,478506,433558,148714,26483,8626
"42",201406,2390282,2061780,725940,123026,73686,2137708,1832477,629718,116121,61349,686005,594856,206582,34474,17914,633140,539113,200887,35100,24708,272953,193425,85030,19736,41446,236514,167997,69878,19311,31258,73982,54883,23637,5317,8952,79556,51881,24267,5705,16979,124055,103703,21997,3903,13254,110451,96748,19445,3935,7489,35154,31836,6106,1057,1526,39162,27180,6556,1316,9469,23630,13813,10671,2431,5127,17727,12569,9132,2164,1422,5430,3786,2938,564,633,5572,3645,2903,622,750,51500,33982,27358,4805,9414,46344,28540,23291,4844,9337,14546,9411,7624,1307,2764,15178,9438,7609,1340,3695,75239,43401,27087,8761,14100,63438,31413,19578,8528,13553,19170,10256,7552,2431,4057,20020,12036,7795,2472,3081,2184634,2009393,684008,108259,38590,1956386,1787582,593770,101244,35775,628930,579927,194579,30526,11034,571497,523815,188606,30807,9305
"43",201407,2793877,2418140,803625,136959,75658,2434657,2098569,740206,125569,74902,783030,688213,211897,35163,16091,767753,666793,209845,37534,17005,340571,250153,95214,22706,43355,280409,198934,87341,20324,41981,94328,75148,26969,5987,7494,99421,74918,26708,6298,8962,149801,129170,23468,5057,11858,127450,106872,22599,3996,13227,39629,35395,6039,1185,1966,38472,34536,6102,1263,1589,20174,14485,10123,2131,1793,24210,14265,10996,2499,5127,5026,3703,2502,512,374,5911,4205,2687,549,665,52328,35651,28432,4978,7657,52572,34621,27879,4929,9440,13589,9433,7452,1329,1611,13664,8997,7236,1250,2427,119848,72458,35330,10740,22297,77598,44696,28015,9059,14560,36469,27005,11496,3004,3563,41999,27680,11264,3313,4508,2552595,2365473,762578,120040,37111,2223375,2044613,696982,110390,39418,722712,674804,201339,30690,9618,703800,653123,199400,33092,9438
"44",201408,3532219,3176003,905654,135968,73595,2797453,2422876,801966,136334,75446,1125885,1039933,279098,34573,16192,1073560,975807,238015,38271,23368,535688,448639,196231,24532,42015,341673,251351,95455,22608,43390,195647,174987,84094,6475,8799,178857,150007,63659,7263,16349,185380,160068,66521,5474,16493,149731,129003,23331,5042,11917,62457,56103,34157,1463,3960,54410,42746,19948,1810,9163,24268,18083,10310,2466,2171,20198,14414,10033,2131,1886,5638,4039,2667,568,696,5634,4046,2600,720,467,102538,83301,73701,4884,10208,52322,35546,28355,4952,7766,42395,38694,35885,1205,1554,31390,25378,22376,1327,3604,224777,188646,94575,11904,13266,121002,73989,35847,10685,22071,85456,76491,36814,3284,2597,87803,78243,39158,3461,3160,3307446,3122406,865336,119266,37797,2556428,2370675,761279,119441,36777,1071432,1026037,268960,30482,8477,1010607,960851,227439,33642,9352
"45",201409,1700877,1567329,467793,49806,27557,3532219,3176003,905654,135968,73595,0,0,0,0,0,0,0,0,0,0,284868,253989,127947,9409,12602,535688,448639,196231,24532,42015,0,0,0,0,0,0,0,0,0,0,92805,87975,52960,1678,1352,185380,160068,66521,5474,16493,0,0,0,0,0,0,0,0,0,0,8483,6378,4433,855,639,24268,18083,10310,2466,2171,0,0,0,0,0,0,0,0,0,0,70284,62700,56790,2121,3608,102538,83301,73701,4884,10208,0,0,0,0,0,0,0,0,0,0,113859,97607,47359,4835,7019,224777,188646,94575,11904,13266,0,0,0,0,0,0,0,0,0,0,1614339,1542816,450302,43252,17408,3307446,3122406,865336,119266,37797,0,0,0,0,0,0,0,0,0,0
